ALTER TABLE "ugs$form" RENAME TO "4d446af1b9964bb5bc0f645ca5472ac5";
DROP SEQUENCE "ugs$form_reference_no_mxseq";
ALTER TABLE "ugs$applicant_account" DROP CONSTRAINT "uniq_ugs$applicant_account_ugs$formid";
DROP INDEX "idx_ugs$applicant_account_administration$account_ugs$form";
ALTER TABLE "ugs$applicant_account" RENAME TO "9f94be3d76a7430f8c02e0a1921117d2";
ALTER TABLE "ugs$applicant_eligibility_grantsystem" DROP CONSTRAINT "uniq_ugs$applicant_eligibility_grantsystem_ugs$eligibilityid";
DROP INDEX "idx_ugs$applicant_eligibility_grantsystem_ugs$grantsystem_ugs$eligibility";
ALTER TABLE "ugs$applicant_eligibility_grantsystem" RENAME TO "7a8af669cdf14dafb046ad0525864f84";
ALTER TABLE "ugs$reviewform_grantsystem" DROP CONSTRAINT "uniq_ugs$reviewform_grantsystem_ugs$reviewformid";
DROP INDEX "idx_ugs$reviewform_grantsystem_ugs$grantsystem_ugs$reviewform";
ALTER TABLE "ugs$signature_grantsystem" DROP CONSTRAINT "uniq_ugs$signature_grantsystem_ugs$grantsystemid";
ALTER TABLE "ugs$signature_grantsystem" DROP CONSTRAINT "uniq_ugs$signature_grantsystem_ugs$signatureid";
DROP INDEX "idx_ugs$signature_grantsystem_ugs$grantsystem_ugs$signature";
ALTER TABLE "dynamicform$document_doc" DROP CONSTRAINT "uniq_dynamicform$document_doc_dynamicform$docid";
ALTER TABLE "ugs$commonfileds" RENAME TO "a6ab619efbce4197a906c4a6c1b4f607";
ALTER TABLE "ugs$history_form" DROP CONSTRAINT "uniq_ugs$history_form_ugs$historyid";
ALTER TABLE "ugs$history_form" DROP CONSTRAINT "uniq_ugs$history_form_ugs$formid";
DROP INDEX "idx_ugs$history_form_ugs$form_ugs$history";
ALTER TABLE "ugs$history_form" RENAME TO "2d68aca7739a4136bc13929dc4848353";
ALTER TABLE "ugs$reviewform" RENAME TO "ugs$reviewq";
ALTER TABLE "ugs$reviewform_grantsystem" RENAME TO "ugs$reviewq_grantsystem";
ALTER TABLE "ugs$signature_grantsystem" RENAME TO "ugs$signature_grantsystem_clone";
DELETE FROM "mendixsystem$entity" 
 WHERE "id" = '0b7158a3-c252-48dc-8c22-4d5a77520950';
DELETE FROM "mendixsystem$entityidentifier" 
 WHERE "id" = '0b7158a3-c252-48dc-8c22-4d5a77520950';
DELETE FROM "mendixsystem$sequence" 
 WHERE "attribute_id" IN (SELECT "id"
 FROM "mendixsystem$attribute"
 WHERE "entity_id" = '0b7158a3-c252-48dc-8c22-4d5a77520950');
DELETE FROM "mendixsystem$remote_primary_key" 
 WHERE "entity_id" = '0b7158a3-c252-48dc-8c22-4d5a77520950';
DELETE FROM "mendixsystem$attribute" 
 WHERE "entity_id" = '0b7158a3-c252-48dc-8c22-4d5a77520950';
DELETE FROM "mendixsystem$association" 
 WHERE "id" = '12aa7784-ab0d-4518-96b4-3496b64de784';
DELETE FROM "mendixsystem$unique_constraint" 
 WHERE "name" = 'uniq_ugs$applicant_account_ugs$formid' AND "column_id" = 'f816439b-6875-3fa6-9c89-d50873002963';
ALTER TABLE "ugs$eligibility" ADD "eligibility" BOOLEAN NULL;
UPDATE "ugs$eligibility"
 SET "eligibility" = false;
INSERT INTO "mendixsystem$attribute" ("id", 
"entity_id", 
"attribute_name", 
"column_name", 
"type", 
"length", 
"default_value", 
"is_auto_number")
 VALUES ('048d1154-7d61-400e-b9c4-c033ce1df8d7', 
'2d070f3d-484d-4835-a2cc-6e43fc26f4ed', 
'Eligibility', 
'eligibility', 
10, 
0, 
'false', 
false);
UPDATE "mendixsystem$attribute"
 SET "entity_id" = '2d070f3d-484d-4835-a2cc-6e43fc26f4ed', 
"attribute_name" = 'Question', 
"column_name" = 'question', 
"type" = 30, 
"length" = 200, 
"default_value" = '', 
"is_auto_number" = false
 WHERE "id" = '1f25819d-d0ef-4c3c-9f1a-e86807585b74';
DELETE FROM "mendixsystem$association" 
 WHERE "id" = 'be99cb79-c228-40e9-80c0-a624efd5ca55';
DELETE FROM "mendixsystem$unique_constraint" 
 WHERE "name" = 'uniq_ugs$applicant_eligibility_grantsystem_ugs$eligibilityid' AND "column_id" = '8f533924-9816-3979-947f-a9707d93f73f';
ALTER TABLE "ugs$reviewq" ADD "reviewedby" VARCHAR_IGNORECASE(200) NULL;
UPDATE "mendixsystem$entity"
 SET "entity_name" = 'UGS.ReviewQ', 
"table_name" = 'ugs$reviewq', 
"superentity_id" = NULL, 
"remote" = false, 
"remote_primary_key" = false
 WHERE "id" = '6eba868a-b197-4a6b-aeeb-f6aa78e70b13';
INSERT INTO "mendixsystem$attribute" ("id", 
"entity_id", 
"attribute_name", 
"column_name", 
"type", 
"length", 
"default_value", 
"is_auto_number")
 VALUES ('eb968ed0-63f5-4a03-afbb-a7f941418c8e', 
'6eba868a-b197-4a6b-aeeb-f6aa78e70b13', 
'ReviewedBy', 
'reviewedby', 
30, 
200, 
'', 
false);
ALTER TABLE "ugs$reviewq_grantsystem" ALTER COLUMN "ugs$reviewformid" RENAME TO "ugs$reviewqid";
CREATE INDEX "idx_ugs$reviewq_grantsystem_ugs$grantsystem_ugs$reviewq" ON "ugs$reviewq_grantsystem" ("ugs$grantsystemid" ASC,"ugs$reviewqid" ASC);
ALTER TABLE "ugs$reviewq_grantsystem" ADD CONSTRAINT "uniq_ugs$reviewq_grantsystem_ugs$reviewqid" UNIQUE ("ugs$reviewqid");
DELETE FROM "mendixsystem$unique_constraint" 
 WHERE "name" = 'uniq_ugs$reviewform_grantsystem_ugs$reviewformid' AND "column_id" = '7dba39e5-da5d-391b-b5f6-d768545c06b8';
INSERT INTO "mendixsystem$unique_constraint" ("name", 
"table_id", 
"column_id")
 VALUES ('uniq_ugs$reviewq_grantsystem_ugs$reviewqid', 
'd431c92d-f91a-4cc6-be71-d5d657dfd44a', 
'7dba39e5-da5d-391b-b5f6-d768545c06b8');
UPDATE "mendixsystem$association"
 SET "association_name" = 'UGS.ReviewQ_GrantSystem', 
"table_name" = 'ugs$reviewq_grantsystem', 
"parent_entity_id" = '6eba868a-b197-4a6b-aeeb-f6aa78e70b13', 
"child_entity_id" = 'ba9d4296-9a81-4e9d-af93-a6f38307e8d2', 
"parent_column_name" = 'ugs$reviewqid', 
"child_column_name" = 'ugs$grantsystemid', 
"pk_index_name" = NULL, 
"index_name" = 'idx_ugs$reviewq_grantsystem_ugs$grantsystem_ugs$reviewq'
 WHERE "id" = 'd431c92d-f91a-4cc6-be71-d5d657dfd44a';
CREATE INDEX "idx_ugs$signature_grantsystem_clone_ugs$grantsystem_ugs$signature" ON "ugs$signature_grantsystem_clone" ("ugs$grantsystemid" ASC,"ugs$signatureid" ASC);
ALTER TABLE "ugs$signature_grantsystem_clone" ADD CONSTRAINT "uniq_ugs$signature_grantsystem_clone_ugs$grantsystemid" UNIQUE ("ugs$grantsystemid");
ALTER TABLE "ugs$signature_grantsystem_clone" ADD CONSTRAINT "uniq_ugs$signature_grantsystem_clone_ugs$signatureid" UNIQUE ("ugs$signatureid");
DELETE FROM "mendixsystem$unique_constraint" 
 WHERE "name" = 'uniq_ugs$signature_grantsystem_ugs$grantsystemid' AND "column_id" = '864eb684-bf3b-37c1-82cd-72b1afd75e6e';
DELETE FROM "mendixsystem$unique_constraint" 
 WHERE "name" = 'uniq_ugs$signature_grantsystem_ugs$signatureid' AND "column_id" = 'd6b19702-daaf-3796-8764-823a71f25304';
INSERT INTO "mendixsystem$unique_constraint" ("name", 
"table_id", 
"column_id")
 VALUES ('uniq_ugs$signature_grantsystem_clone_ugs$grantsystemid', 
'e698d8a6-ba86-4f45-ae7f-82d514420c99', 
'864eb684-bf3b-37c1-82cd-72b1afd75e6e');
INSERT INTO "mendixsystem$unique_constraint" ("name", 
"table_id", 
"column_id")
 VALUES ('uniq_ugs$signature_grantsystem_clone_ugs$signatureid', 
'e698d8a6-ba86-4f45-ae7f-82d514420c99', 
'd6b19702-daaf-3796-8764-823a71f25304');
UPDATE "mendixsystem$association"
 SET "association_name" = 'UGS.Signature_GrantSystem_Clone', 
"table_name" = 'ugs$signature_grantsystem_clone', 
"parent_entity_id" = '78e06c56-9923-4fe0-bfc5-4bf2971d3da7', 
"child_entity_id" = 'ba9d4296-9a81-4e9d-af93-a6f38307e8d2', 
"parent_column_name" = 'ugs$signatureid', 
"child_column_name" = 'ugs$grantsystemid', 
"pk_index_name" = NULL, 
"index_name" = 'idx_ugs$signature_grantsystem_clone_ugs$grantsystem_ugs$signature'
 WHERE "id" = 'e698d8a6-ba86-4f45-ae7f-82d514420c99';
ALTER TABLE "dynamicform$doc" ADD "allowdoc" BOOLEAN NULL;
UPDATE "dynamicform$doc"
 SET "allowdoc" = false;
ALTER TABLE "dynamicform$doc" ADD "allowxls" BOOLEAN NULL;
UPDATE "dynamicform$doc"
 SET "allowxls" = false;
ALTER TABLE "dynamicform$doc" ADD "maximum" INT NULL;
UPDATE "dynamicform$doc"
 SET "maximum" = 0;
ALTER TABLE "dynamicform$doc" ADD "allowdocx" BOOLEAN NULL;
UPDATE "dynamicform$doc"
 SET "allowdocx" = false;
ALTER TABLE "dynamicform$doc" ADD "minimum" INT NULL;
UPDATE "dynamicform$doc"
 SET "minimum" = 0;
ALTER TABLE "dynamicform$doc" ADD "maxfilesize" INT NULL;
ALTER TABLE "dynamicform$doc" ADD "allowxlsx" BOOLEAN NULL;
UPDATE "dynamicform$doc"
 SET "allowxlsx" = false;
ALTER TABLE "dynamicform$doc" ADD "allowppt" BOOLEAN NULL;
UPDATE "dynamicform$doc"
 SET "allowppt" = false;
ALTER TABLE "dynamicform$doc" ADD "allowmultipleuploads" BOOLEAN NULL;
UPDATE "dynamicform$doc"
 SET "allowmultipleuploads" = false;
INSERT INTO "mendixsystem$attribute" ("id", 
"entity_id", 
"attribute_name", 
"column_name", 
"type", 
"length", 
"default_value", 
"is_auto_number")
 VALUES ('31c27b6b-f32c-4815-a1fc-9b4dc660a0c8', 
'8e39189b-b82b-4673-a07a-45d9e72c7490', 
'AllowXlsx', 
'allowxlsx', 
10, 
0, 
'false', 
false);
INSERT INTO "mendixsystem$attribute" ("id", 
"entity_id", 
"attribute_name", 
"column_name", 
"type", 
"length", 
"default_value", 
"is_auto_number")
 VALUES ('64cc51d8-f555-46f2-a50e-7e8883377e50', 
'8e39189b-b82b-4673-a07a-45d9e72c7490', 
'Minimum', 
'minimum', 
3, 
0, 
'0', 
false);
INSERT INTO "mendixsystem$attribute" ("id", 
"entity_id", 
"attribute_name", 
"column_name", 
"type", 
"length", 
"default_value", 
"is_auto_number")
 VALUES ('f639a2e6-607d-418d-b503-ee553f800780', 
'8e39189b-b82b-4673-a07a-45d9e72c7490', 
'AllowDoc', 
'allowdoc', 
10, 
0, 
'false', 
false);
INSERT INTO "mendixsystem$attribute" ("id", 
"entity_id", 
"attribute_name", 
"column_name", 
"type", 
"length", 
"default_value", 
"is_auto_number")
 VALUES ('788ce7ae-fa04-4980-85bc-207aa21b1f1f', 
'8e39189b-b82b-4673-a07a-45d9e72c7490', 
'AllowPpt', 
'allowppt', 
10, 
0, 
'false', 
false);
INSERT INTO "mendixsystem$attribute" ("id", 
"entity_id", 
"attribute_name", 
"column_name", 
"type", 
"length", 
"default_value", 
"is_auto_number")
 VALUES ('b614d270-187f-42ee-be79-86f270a41bd6', 
'8e39189b-b82b-4673-a07a-45d9e72c7490', 
'AllowMultipleUploads', 
'allowmultipleuploads', 
10, 
0, 
'false', 
false);
INSERT INTO "mendixsystem$attribute" ("id", 
"entity_id", 
"attribute_name", 
"column_name", 
"type", 
"length", 
"default_value", 
"is_auto_number")
 VALUES ('7924beab-b3b3-4416-bad1-e49c36bf08b2', 
'8e39189b-b82b-4673-a07a-45d9e72c7490', 
'Maximum', 
'maximum', 
3, 
0, 
'0', 
false);
INSERT INTO "mendixsystem$attribute" ("id", 
"entity_id", 
"attribute_name", 
"column_name", 
"type", 
"length", 
"default_value", 
"is_auto_number")
 VALUES ('abba7a6a-46f5-465e-9b25-7fb391609624', 
'8e39189b-b82b-4673-a07a-45d9e72c7490', 
'MaxFileSize', 
'maxfilesize', 
3, 
0, 
'', 
false);
INSERT INTO "mendixsystem$attribute" ("id", 
"entity_id", 
"attribute_name", 
"column_name", 
"type", 
"length", 
"default_value", 
"is_auto_number")
 VALUES ('080b93d0-2808-490a-8ee3-1a9b2392a2b0', 
'8e39189b-b82b-4673-a07a-45d9e72c7490', 
'AllowXls', 
'allowxls', 
10, 
0, 
'false', 
false);
INSERT INTO "mendixsystem$attribute" ("id", 
"entity_id", 
"attribute_name", 
"column_name", 
"type", 
"length", 
"default_value", 
"is_auto_number")
 VALUES ('6b895b63-9389-46ac-8864-42a734a2d3b8', 
'8e39189b-b82b-4673-a07a-45d9e72c7490', 
'AllowDocx', 
'allowdocx', 
10, 
0, 
'false', 
false);
DELETE FROM "mendixsystem$unique_constraint" 
 WHERE "name" = 'uniq_dynamicform$document_doc_dynamicform$docid' AND "column_id" = '29e01572-45d6-3bc8-b5bf-c4698c3ebc9d';
ALTER TABLE "dynamicform$workflowroles" ADD "useemailaction" BOOLEAN NULL;
UPDATE "dynamicform$workflowroles"
 SET "useemailaction" = false;
ALTER TABLE "dynamicform$workflowroles" ADD "ratingtype" VARCHAR_IGNORECASE(10) NULL;
ALTER TABLE "dynamicform$workflowroles" ADD "internalstatus" VARCHAR_IGNORECASE(7) NULL;
ALTER TABLE "dynamicform$workflowroles" ADD "usestatuschnageaction" BOOLEAN NULL;
UPDATE "dynamicform$workflowroles"
 SET "usestatuschnageaction" = false;
ALTER TABLE "dynamicform$workflowroles" ADD "reviewtype" VARCHAR_IGNORECASE(9) NULL;
ALTER TABLE "dynamicform$workflowroles" ADD "externalstatus" VARCHAR_IGNORECASE(34) NULL;
UPDATE "dynamicform$workflowroles"
 SET "externalstatus" = 'Initial_Screening';
INSERT INTO "mendixsystem$attribute" ("id", 
"entity_id", 
"attribute_name", 
"column_name", 
"type", 
"length", 
"default_value", 
"is_auto_number")
 VALUES ('24c36f24-4863-4a9e-88d1-91449a5f5516', 
'a2b82c8c-8d38-4c49-b534-d88e3e433018', 
'RatingType', 
'ratingtype', 
40, 
10, 
'', 
false);
UPDATE "mendixsystem$attribute"
 SET "entity_id" = 'a2b82c8c-8d38-4c49-b534-d88e3e433018', 
"attribute_name" = 'Status_To_Change_To', 
"column_name" = 'status_to_change_to', 
"type" = 30, 
"length" = 200, 
"default_value" = 'Initial Screening', 
"is_auto_number" = false
 WHERE "id" = 'f6454580-505b-4bda-b8b6-02f024688f6a';
INSERT INTO "mendixsystem$attribute" ("id", 
"entity_id", 
"attribute_name", 
"column_name", 
"type", 
"length", 
"default_value", 
"is_auto_number")
 VALUES ('02ddf383-0cc3-4b4a-83d8-d8a739386356', 
'a2b82c8c-8d38-4c49-b534-d88e3e433018', 
'InternalStatus', 
'internalstatus', 
40, 
7, 
'', 
false);
INSERT INTO "mendixsystem$attribute" ("id", 
"entity_id", 
"attribute_name", 
"column_name", 
"type", 
"length", 
"default_value", 
"is_auto_number")
 VALUES ('44b2b7f5-0db5-4c24-881f-409221eeee0b', 
'a2b82c8c-8d38-4c49-b534-d88e3e433018', 
'UseStatusChnageAction', 
'usestatuschnageaction', 
10, 
0, 
'false', 
false);
INSERT INTO "mendixsystem$attribute" ("id", 
"entity_id", 
"attribute_name", 
"column_name", 
"type", 
"length", 
"default_value", 
"is_auto_number")
 VALUES ('428ad4c0-76fb-4582-b31f-0edecbe0904a', 
'a2b82c8c-8d38-4c49-b534-d88e3e433018', 
'ExternalStatus', 
'externalstatus', 
40, 
34, 
'Initial_Screening', 
false);
INSERT INTO "mendixsystem$attribute" ("id", 
"entity_id", 
"attribute_name", 
"column_name", 
"type", 
"length", 
"default_value", 
"is_auto_number")
 VALUES ('8c901655-0728-4517-8cfa-ff3dc3cf0de7', 
'a2b82c8c-8d38-4c49-b534-d88e3e433018', 
'UseEmailAction', 
'useemailaction', 
10, 
0, 
'false', 
false);
INSERT INTO "mendixsystem$attribute" ("id", 
"entity_id", 
"attribute_name", 
"column_name", 
"type", 
"length", 
"default_value", 
"is_auto_number")
 VALUES ('a96471ab-800e-40bf-8a71-32815ee67ae5', 
'a2b82c8c-8d38-4c49-b534-d88e3e433018', 
'ReviewType', 
'reviewtype', 
40, 
9, 
'', 
false);
ALTER TABLE "ugs$grantsystem" ADD "availableblc" DECIMAL(28, 8) NULL;
UPDATE "ugs$grantsystem"
 SET "availableblc" = 0;
ALTER TABLE "ugs$grantsystem" ADD "awardingamount" DECIMAL(28, 8) NULL;
ALTER TABLE "ugs$grantsystem" ADD "requestingamount" DECIMAL(28, 8) NULL;
UPDATE "ugs$grantsystem"
 SET "requestingamount" = 0;
ALTER TABLE "ugs$grantsystem" ADD "fundingamount" DECIMAL(28, 8) NULL;
UPDATE "ugs$grantsystem"
 SET "fundingamount" = 0;
ALTER TABLE "ugs$grantsystem" ADD "totalrquestedamount" DECIMAL(28, 8) NULL;
UPDATE "ugs$grantsystem"
 SET "totalrquestedamount" = 0;
ALTER TABLE "ugs$grantsystem" ADD "internal_status" VARCHAR_IGNORECASE(7) NULL;
ALTER TABLE "ugs$grantsystem" ADD "workflowend" BOOLEAN NULL;
UPDATE "ugs$grantsystem"
 SET "workflowend" = false;
ALTER TABLE "ugs$grantsystem" ADD "requesteddate" TIMESTAMP NULL;
ALTER TABLE "ugs$grantsystem" ADD "noofrequest" INT NULL;
UPDATE "ugs$grantsystem"
 SET "noofrequest" = 0;
ALTER TABLE "ugs$grantsystem" ADD "testscore" VARCHAR_IGNORECASE(200) NULL;
UPDATE "ugs$grantsystem"
 SET "testscore" = 'Not Taken';
INSERT INTO "mendixsystem$attribute" ("id", 
"entity_id", 
"attribute_name", 
"column_name", 
"type", 
"length", 
"default_value", 
"is_auto_number")
 VALUES ('312155cb-f008-4c0a-b09f-d18915b5c059', 
'ba9d4296-9a81-4e9d-af93-a6f38307e8d2', 
'FundingAmount', 
'fundingamount', 
5, 
0, 
'0', 
false);
INSERT INTO "mendixsystem$attribute" ("id", 
"entity_id", 
"attribute_name", 
"column_name", 
"type", 
"length", 
"default_value", 
"is_auto_number")
 VALUES ('de5299fd-46b6-45e6-bc9a-32ec7a8990db', 
'ba9d4296-9a81-4e9d-af93-a6f38307e8d2', 
'RequestedDate', 
'requesteddate', 
20, 
0, 
'', 
false);
UPDATE "mendixsystem$attribute"
 SET "entity_id" = 'ba9d4296-9a81-4e9d-af93-a6f38307e8d2', 
"attribute_name" = 'Limit2', 
"column_name" = 'limit2', 
"type" = 3, 
"length" = 0, 
"default_value" = '', 
"is_auto_number" = false
 WHERE "id" = '28694a14-efd1-4e38-a049-3690df8d3df4';
UPDATE "mendixsystem$attribute"
 SET "entity_id" = 'ba9d4296-9a81-4e9d-af93-a6f38307e8d2', 
"attribute_name" = 'Limit1', 
"column_name" = 'limit1', 
"type" = 3, 
"length" = 0, 
"default_value" = '', 
"is_auto_number" = false
 WHERE "id" = '884b2af1-a55c-44d7-99a7-1a52051cbf0c';
INSERT INTO "mendixsystem$attribute" ("id", 
"entity_id", 
"attribute_name", 
"column_name", 
"type", 
"length", 
"default_value", 
"is_auto_number")
 VALUES ('e5ab01dc-08b4-47a5-81cc-d88645d79343', 
'ba9d4296-9a81-4e9d-af93-a6f38307e8d2', 
'AwardingAmount', 
'awardingamount', 
5, 
0, 
'', 
false);
UPDATE "mendixsystem$attribute"
 SET "entity_id" = 'ba9d4296-9a81-4e9d-af93-a6f38307e8d2', 
"attribute_name" = 'Status', 
"column_name" = 'status', 
"type" = 30, 
"length" = 200, 
"default_value" = 'Initial Screening', 
"is_auto_number" = false
 WHERE "id" = '970d84ce-5727-4942-964b-8c4a06393f7e';
INSERT INTO "mendixsystem$attribute" ("id", 
"entity_id", 
"attribute_name", 
"column_name", 
"type", 
"length", 
"default_value", 
"is_auto_number")
 VALUES ('3437ebcd-f31e-4bf5-844f-4514974ad55a', 
'ba9d4296-9a81-4e9d-af93-a6f38307e8d2', 
'TotalRquestedAmount', 
'totalrquestedamount', 
5, 
0, 
'0', 
false);
INSERT INTO "mendixsystem$attribute" ("id", 
"entity_id", 
"attribute_name", 
"column_name", 
"type", 
"length", 
"default_value", 
"is_auto_number")
 VALUES ('d474b405-6d87-40f5-8658-1d6e35107aa8', 
'ba9d4296-9a81-4e9d-af93-a6f38307e8d2', 
'TestScore', 
'testscore', 
30, 
200, 
'Not Taken', 
false);
INSERT INTO "mendixsystem$attribute" ("id", 
"entity_id", 
"attribute_name", 
"column_name", 
"type", 
"length", 
"default_value", 
"is_auto_number")
 VALUES ('b7e3edc7-3d0f-4e71-add9-fa52dbcfe42a', 
'ba9d4296-9a81-4e9d-af93-a6f38307e8d2', 
'AvailableBlc', 
'availableblc', 
5, 
0, 
'0', 
false);
INSERT INTO "mendixsystem$attribute" ("id", 
"entity_id", 
"attribute_name", 
"column_name", 
"type", 
"length", 
"default_value", 
"is_auto_number")
 VALUES ('a708a16a-3389-478d-9d6a-78148a548b0e', 
'ba9d4296-9a81-4e9d-af93-a6f38307e8d2', 
'NoOfRequest', 
'noofrequest', 
3, 
0, 
'0', 
false);
INSERT INTO "mendixsystem$attribute" ("id", 
"entity_id", 
"attribute_name", 
"column_name", 
"type", 
"length", 
"default_value", 
"is_auto_number")
 VALUES ('088775cc-271b-4633-b8f1-d789b67b3d3b', 
'ba9d4296-9a81-4e9d-af93-a6f38307e8d2', 
'RequestingAmount', 
'requestingamount', 
5, 
0, 
'0', 
false);
INSERT INTO "mendixsystem$attribute" ("id", 
"entity_id", 
"attribute_name", 
"column_name", 
"type", 
"length", 
"default_value", 
"is_auto_number")
 VALUES ('307231a1-ea40-44e3-9927-6f4b76cfea18', 
'ba9d4296-9a81-4e9d-af93-a6f38307e8d2', 
'Internal_Status', 
'internal_status', 
40, 
7, 
'', 
false);
INSERT INTO "mendixsystem$attribute" ("id", 
"entity_id", 
"attribute_name", 
"column_name", 
"type", 
"length", 
"default_value", 
"is_auto_number")
 VALUES ('2640358d-347b-489e-b1d3-03f850eea924', 
'ba9d4296-9a81-4e9d-af93-a6f38307e8d2', 
'WorkflowEnd', 
'workflowend', 
10, 
0, 
'false', 
false);
ALTER TABLE "dynamicform$template" ADD "hasdocument" BOOLEAN NULL;
UPDATE "dynamicform$template"
 SET "hasdocument" = false;
INSERT INTO "mendixsystem$attribute" ("id", 
"entity_id", 
"attribute_name", 
"column_name", 
"type", 
"length", 
"default_value", 
"is_auto_number")
 VALUES ('8d198151-2082-4514-b5d9-738008edd691', 
'c489c3e6-1182-4725-a38a-262f3adc7837', 
'HasDocument', 
'hasdocument', 
10, 
0, 
'false', 
false);
DELETE FROM "mendixsystem$entity" 
 WHERE "id" = 'cd2041ee-1227-43cb-abdf-23d60c2a8eca';
DELETE FROM "mendixsystem$entityidentifier" 
 WHERE "id" = 'cd2041ee-1227-43cb-abdf-23d60c2a8eca';
DELETE FROM "mendixsystem$sequence" 
 WHERE "attribute_id" IN (SELECT "id"
 FROM "mendixsystem$attribute"
 WHERE "entity_id" = 'cd2041ee-1227-43cb-abdf-23d60c2a8eca');
DELETE FROM "mendixsystem$remote_primary_key" 
 WHERE "entity_id" = 'cd2041ee-1227-43cb-abdf-23d60c2a8eca';
DELETE FROM "mendixsystem$attribute" 
 WHERE "entity_id" = 'cd2041ee-1227-43cb-abdf-23d60c2a8eca';
ALTER TABLE "ugs$history" ADD "rfund_b" BOOLEAN NULL;
UPDATE "ugs$history"
 SET "rfund_b" = false;
ALTER TABLE "ugs$history" ADD "status1" VARCHAR_IGNORECASE(200) NULL;
ALTER TABLE "ugs$history" ADD "frequency" INT NULL;
ALTER TABLE "ugs$history" ADD "review" BOOLEAN NULL;
UPDATE "ugs$history"
 SET "review" = false;
INSERT INTO "mendixsystem$attribute" ("id", 
"entity_id", 
"attribute_name", 
"column_name", 
"type", 
"length", 
"default_value", 
"is_auto_number")
 VALUES ('4c51b9e9-6e88-486e-a408-8fcd344dcd78', 
'e70f3c9e-bd90-43f9-ad40-9ae4878cc803', 
'Review', 
'review', 
10, 
0, 
'false', 
false);
INSERT INTO "mendixsystem$attribute" ("id", 
"entity_id", 
"attribute_name", 
"column_name", 
"type", 
"length", 
"default_value", 
"is_auto_number")
 VALUES ('ab214011-ad2a-4585-8d15-3d7a98344f07', 
'e70f3c9e-bd90-43f9-ad40-9ae4878cc803', 
'Rfund_B', 
'rfund_b', 
10, 
0, 
'false', 
false);
INSERT INTO "mendixsystem$attribute" ("id", 
"entity_id", 
"attribute_name", 
"column_name", 
"type", 
"length", 
"default_value", 
"is_auto_number")
 VALUES ('d6310815-6416-4878-b599-0bfe4f8aaa92', 
'e70f3c9e-bd90-43f9-ad40-9ae4878cc803', 
'status1', 
'status1', 
30, 
200, 
'', 
false);
INSERT INTO "mendixsystem$attribute" ("id", 
"entity_id", 
"attribute_name", 
"column_name", 
"type", 
"length", 
"default_value", 
"is_auto_number")
 VALUES ('492ee522-17b5-4934-a8de-b8309d3a17b9', 
'e70f3c9e-bd90-43f9-ad40-9ae4878cc803', 
'Frequency', 
'frequency', 
3, 
0, 
'', 
false);
DELETE FROM "mendixsystem$association" 
 WHERE "id" = '4e08822f-6217-444e-aa31-f622296b6d40';
DELETE FROM "mendixsystem$unique_constraint" 
 WHERE "name" = 'uniq_ugs$history_form_ugs$historyid' AND "column_id" = '363637c8-a77f-3065-a830-f1fdc2919d4e';
DELETE FROM "mendixsystem$unique_constraint" 
 WHERE "name" = 'uniq_ugs$history_form_ugs$formid' AND "column_id" = 'f4c8c175-9c06-3296-8e3f-412138d0e4d5';
CREATE TABLE "xlsreport$mxxpath" (
	"id" BIGINT NOT NULL,
	"retrievetype" VARCHAR_IGNORECASE(9) NULL,
	"subvisible" BOOLEAN NULL,
	PRIMARY KEY("id"));
INSERT INTO "mendixsystem$entity" ("id", 
"entity_name", 
"table_name", 
"remote", 
"remote_primary_key")
 VALUES ('17e988e6-2ac5-4ae7-b297-39f35f12fa8e', 
'XLSReport.MxXPath', 
'xlsreport$mxxpath', 
false, 
false);
INSERT INTO "mendixsystem$attribute" ("id", 
"entity_id", 
"attribute_name", 
"column_name", 
"type", 
"length", 
"default_value", 
"is_auto_number")
 VALUES ('d0ad8923-37ab-4175-a523-e09b76e16b04', 
'17e988e6-2ac5-4ae7-b297-39f35f12fa8e', 
'RetrieveType', 
'retrievetype', 
40, 
9, 
'', 
false);
INSERT INTO "mendixsystem$attribute" ("id", 
"entity_id", 
"attribute_name", 
"column_name", 
"type", 
"length", 
"default_value", 
"is_auto_number")
 VALUES ('9ca85990-f85d-417f-affc-5c2a30b3f3a9', 
'17e988e6-2ac5-4ae7-b297-39f35f12fa8e', 
'SubVisible', 
'subvisible', 
10, 
0, 
'false', 
false);
CREATE TABLE "xlsreport$mxxpath_parentmxxpath" (
	"xlsreport$mxxpathid1" BIGINT NOT NULL,
	"xlsreport$mxxpathid2" BIGINT NOT NULL,
	PRIMARY KEY("xlsreport$mxxpathid1","xlsreport$mxxpathid2"),
	CONSTRAINT "uniq_xlsreport$mxxpath_parentmxxpath_xlsreport$mxxpathid1" UNIQUE ("xlsreport$mxxpathid1"));
CREATE INDEX "idx_xlsreport$mxxpath_parentmxxpath_xlsreport$mxxpath_xlsreport$mxxpath" ON "xlsreport$mxxpath_parentmxxpath" ("xlsreport$mxxpathid2" ASC,"xlsreport$mxxpathid1" ASC);
INSERT INTO "mendixsystem$association" ("id", 
"association_name", 
"table_name", 
"parent_entity_id", 
"child_entity_id", 
"parent_column_name", 
"child_column_name", 
"index_name")
 VALUES ('9ad76d65-e47f-46d4-aff1-25e3189dbd3e', 
'XLSReport.MxXPath_ParentMxXPath', 
'xlsreport$mxxpath_parentmxxpath', 
'17e988e6-2ac5-4ae7-b297-39f35f12fa8e', 
'17e988e6-2ac5-4ae7-b297-39f35f12fa8e', 
'xlsreport$mxxpathid1', 
'xlsreport$mxxpathid2', 
'idx_xlsreport$mxxpath_parentmxxpath_xlsreport$mxxpath_xlsreport$mxxpath');
INSERT INTO "mendixsystem$unique_constraint" ("name", 
"table_id", 
"column_id")
 VALUES ('uniq_xlsreport$mxxpath_parentmxxpath_xlsreport$mxxpathid1', 
'9ad76d65-e47f-46d4-aff1-25e3189dbd3e', 
'1dc01d72-7909-36c5-8a0d-383e08819081');
CREATE TABLE "xlsreport$mxxpath_mxobjectmember" (
	"xlsreport$mxxpathid" BIGINT NOT NULL,
	"mxmodelreflection$mxobjectmemberid" BIGINT NOT NULL,
	PRIMARY KEY("xlsreport$mxxpathid","mxmodelreflection$mxobjectmemberid"),
	CONSTRAINT "uniq_xlsreport$mxxpath_mxobjectmember_xlsreport$mxxpathid" UNIQUE ("xlsreport$mxxpathid"));
CREATE INDEX "idx_xlsreport$mxxpath_mxobjectmember_mxmodelreflection$mxobjectmember_xlsreport$mxxpath" ON "xlsreport$mxxpath_mxobjectmember" ("mxmodelreflection$mxobjectmemberid" ASC,"xlsreport$mxxpathid" ASC);
INSERT INTO "mendixsystem$association" ("id", 
"association_name", 
"table_name", 
"parent_entity_id", 
"child_entity_id", 
"parent_column_name", 
"child_column_name", 
"index_name")
 VALUES ('a5ccade4-9156-4806-9922-01c538d39563', 
'XLSReport.MxXPath_MxObjectMember', 
'xlsreport$mxxpath_mxobjectmember', 
'17e988e6-2ac5-4ae7-b297-39f35f12fa8e', 
'72dd548e-d31d-4f2e-a30b-6552def7478e', 
'xlsreport$mxxpathid', 
'mxmodelreflection$mxobjectmemberid', 
'idx_xlsreport$mxxpath_mxobjectmember_mxmodelreflection$mxobjectmember_xlsreport$mxxpath');
INSERT INTO "mendixsystem$unique_constraint" ("name", 
"table_id", 
"column_id")
 VALUES ('uniq_xlsreport$mxxpath_mxobjectmember_xlsreport$mxxpathid', 
'a5ccade4-9156-4806-9922-01c538d39563', 
'b1d58d6a-64a1-354f-a577-509db83a67ce');
CREATE TABLE "xlsreport$mxxpath_mxobjectreference" (
	"xlsreport$mxxpathid" BIGINT NOT NULL,
	"mxmodelreflection$mxobjectreferenceid" BIGINT NOT NULL,
	PRIMARY KEY("xlsreport$mxxpathid","mxmodelreflection$mxobjectreferenceid"),
	CONSTRAINT "uniq_xlsreport$mxxpath_mxobjectreference_xlsreport$mxxpathid" UNIQUE ("xlsreport$mxxpathid"));
CREATE INDEX "idx_xlsreport$mxxpath_mxobjectreference_mxmodelreflection$mxobjectreference_xlsreport$mxxpath" ON "xlsreport$mxxpath_mxobjectreference" ("mxmodelreflection$mxobjectreferenceid" ASC,"xlsreport$mxxpathid" ASC);
INSERT INTO "mendixsystem$association" ("id", 
"association_name", 
"table_name", 
"parent_entity_id", 
"child_entity_id", 
"parent_column_name", 
"child_column_name", 
"index_name")
 VALUES ('ba2b8bb6-c6ab-48b9-9977-ec6ef50cc1e1', 
'XLSReport.MxXPath_MxObjectReference', 
'xlsreport$mxxpath_mxobjectreference', 
'17e988e6-2ac5-4ae7-b297-39f35f12fa8e', 
'd5e491a9-8a88-4742-af7e-c2847b994a2d', 
'xlsreport$mxxpathid', 
'mxmodelreflection$mxobjectreferenceid', 
'idx_xlsreport$mxxpath_mxobjectreference_mxmodelreflection$mxobjectreference_xlsreport$mxxpath');
INSERT INTO "mendixsystem$unique_constraint" ("name", 
"table_id", 
"column_id")
 VALUES ('uniq_xlsreport$mxxpath_mxobjectreference_xlsreport$mxxpathid', 
'ba2b8bb6-c6ab-48b9-9977-ec6ef50cc1e1', 
'0e2cb1dc-4c8a-3039-ae59-88681e8be94b');
CREATE TABLE "xlsreport$childmxxpath_mxxpath" (
	"xlsreport$mxxpathid1" BIGINT NOT NULL,
	"xlsreport$mxxpathid2" BIGINT NOT NULL,
	PRIMARY KEY("xlsreport$mxxpathid1","xlsreport$mxxpathid2"),
	CONSTRAINT "uniq_xlsreport$childmxxpath_mxxpath_xlsreport$mxxpathid1" UNIQUE ("xlsreport$mxxpathid1"));
CREATE INDEX "idx_xlsreport$childmxxpath_mxxpath_xlsreport$mxxpath_xlsreport$mxxpath" ON "xlsreport$childmxxpath_mxxpath" ("xlsreport$mxxpathid2" ASC,"xlsreport$mxxpathid1" ASC);
INSERT INTO "mendixsystem$association" ("id", 
"association_name", 
"table_name", 
"parent_entity_id", 
"child_entity_id", 
"parent_column_name", 
"child_column_name", 
"index_name")
 VALUES ('736f1bf8-e19a-4c28-b74c-a37a4c970ff8', 
'XLSReport.ChildMxXPath_MxXPath', 
'xlsreport$childmxxpath_mxxpath', 
'17e988e6-2ac5-4ae7-b297-39f35f12fa8e', 
'17e988e6-2ac5-4ae7-b297-39f35f12fa8e', 
'xlsreport$mxxpathid1', 
'xlsreport$mxxpathid2', 
'idx_xlsreport$childmxxpath_mxxpath_xlsreport$mxxpath_xlsreport$mxxpath');
INSERT INTO "mendixsystem$unique_constraint" ("name", 
"table_id", 
"column_id")
 VALUES ('uniq_xlsreport$childmxxpath_mxxpath_xlsreport$mxxpathid1', 
'736f1bf8-e19a-4c28-b74c-a37a4c970ff8', 
'e2fb4ba8-dfa8-356d-b5c4-ae1aaf601301');
CREATE TABLE "xlsreport$mxxpath_mxdata" (
	"xlsreport$mxxpathid" BIGINT NOT NULL,
	"xlsreport$mxdataid" BIGINT NOT NULL,
	PRIMARY KEY("xlsreport$mxxpathid","xlsreport$mxdataid"),
	CONSTRAINT "uniq_xlsreport$mxxpath_mxdata_xlsreport$mxdataid" UNIQUE ("xlsreport$mxdataid"),
	CONSTRAINT "uniq_xlsreport$mxxpath_mxdata_xlsreport$mxxpathid" UNIQUE ("xlsreport$mxxpathid"));
CREATE INDEX "idx_xlsreport$mxxpath_mxdata_xlsreport$mxdata_xlsreport$mxxpath" ON "xlsreport$mxxpath_mxdata" ("xlsreport$mxdataid" ASC,"xlsreport$mxxpathid" ASC);
INSERT INTO "mendixsystem$association" ("id", 
"association_name", 
"table_name", 
"parent_entity_id", 
"child_entity_id", 
"parent_column_name", 
"child_column_name", 
"index_name")
 VALUES ('bb738055-5207-4357-ac08-cf1b1ebb8fbe', 
'XLSReport.MxXPath_MxData', 
'xlsreport$mxxpath_mxdata', 
'17e988e6-2ac5-4ae7-b297-39f35f12fa8e', 
'8e75d9d3-d036-43ec-90aa-c2e4e84b749a', 
'xlsreport$mxxpathid', 
'xlsreport$mxdataid', 
'idx_xlsreport$mxxpath_mxdata_xlsreport$mxdata_xlsreport$mxxpath');
INSERT INTO "mendixsystem$unique_constraint" ("name", 
"table_id", 
"column_id")
 VALUES ('uniq_xlsreport$mxxpath_mxdata_xlsreport$mxdataid', 
'bb738055-5207-4357-ac08-cf1b1ebb8fbe', 
'04f6b109-4211-31ec-be4a-b329b3b93f9d');
INSERT INTO "mendixsystem$unique_constraint" ("name", 
"table_id", 
"column_id")
 VALUES ('uniq_xlsreport$mxxpath_mxdata_xlsreport$mxxpathid', 
'bb738055-5207-4357-ac08-cf1b1ebb8fbe', 
'194c9228-8ec8-3f7c-bce3-758abdc1ad8b');
CREATE TABLE "xlsreport$mxxpath_mxobjecttype" (
	"xlsreport$mxxpathid" BIGINT NOT NULL,
	"mxmodelreflection$mxobjecttypeid" BIGINT NOT NULL,
	PRIMARY KEY("xlsreport$mxxpathid","mxmodelreflection$mxobjecttypeid"),
	CONSTRAINT "uniq_xlsreport$mxxpath_mxobjecttype_xlsreport$mxxpathid" UNIQUE ("xlsreport$mxxpathid"));
CREATE INDEX "idx_xlsreport$mxxpath_mxobjecttype_mxmodelreflection$mxobjecttype_xlsreport$mxxpath" ON "xlsreport$mxxpath_mxobjecttype" ("mxmodelreflection$mxobjecttypeid" ASC,"xlsreport$mxxpathid" ASC);
INSERT INTO "mendixsystem$association" ("id", 
"association_name", 
"table_name", 
"parent_entity_id", 
"child_entity_id", 
"parent_column_name", 
"child_column_name", 
"index_name")
 VALUES ('cd395c09-a8a5-463c-ab7b-61152cc8aa1c', 
'XLSReport.MxXPath_MxObjectType', 
'xlsreport$mxxpath_mxobjecttype', 
'17e988e6-2ac5-4ae7-b297-39f35f12fa8e', 
'15538b45-c4aa-496f-9338-f4ea71562e86', 
'xlsreport$mxxpathid', 
'mxmodelreflection$mxobjecttypeid', 
'idx_xlsreport$mxxpath_mxobjecttype_mxmodelreflection$mxobjecttype_xlsreport$mxxpath');
INSERT INTO "mendixsystem$unique_constraint" ("name", 
"table_id", 
"column_id")
 VALUES ('uniq_xlsreport$mxxpath_mxobjecttype_xlsreport$mxxpathid', 
'cd395c09-a8a5-463c-ab7b-61152cc8aa1c', 
'660ac608-5640-310b-b056-ea84c6333b61');
CREATE TABLE "ugs$reviewform" (
	"id" BIGINT NOT NULL,
	"ratingtype" VARCHAR_IGNORECASE(10) NULL,
	"comments" VARCHAR_IGNORECASE(2147483647) NULL,
	"main" BOOLEAN NULL,
	"reviewformname" VARCHAR_IGNORECASE(200) NULL,
	PRIMARY KEY("id"));
INSERT INTO "mendixsystem$entity" ("id", 
"entity_name", 
"table_name", 
"remote", 
"remote_primary_key")
 VALUES ('fe996542-7842-424e-9e6c-c33121f232cd', 
'UGS.ReviewForm', 
'ugs$reviewform', 
false, 
false);
INSERT INTO "mendixsystem$attribute" ("id", 
"entity_id", 
"attribute_name", 
"column_name", 
"type", 
"length", 
"default_value", 
"is_auto_number")
 VALUES ('df59feea-19a1-49fa-9253-f756f6669248', 
'fe996542-7842-424e-9e6c-c33121f232cd', 
'RatingType', 
'ratingtype', 
40, 
10, 
'', 
false);
INSERT INTO "mendixsystem$attribute" ("id", 
"entity_id", 
"attribute_name", 
"column_name", 
"type", 
"length", 
"default_value", 
"is_auto_number")
 VALUES ('39c90769-34a4-4b5b-8bec-42585dab4d2e', 
'fe996542-7842-424e-9e6c-c33121f232cd', 
'Comments', 
'comments', 
30, 
0, 
'', 
false);
INSERT INTO "mendixsystem$attribute" ("id", 
"entity_id", 
"attribute_name", 
"column_name", 
"type", 
"length", 
"default_value", 
"is_auto_number")
 VALUES ('7e7f1c95-94f9-45df-b1d4-2c658a067c52', 
'fe996542-7842-424e-9e6c-c33121f232cd', 
'Main', 
'main', 
10, 
0, 
'false', 
false);
INSERT INTO "mendixsystem$attribute" ("id", 
"entity_id", 
"attribute_name", 
"column_name", 
"type", 
"length", 
"default_value", 
"is_auto_number")
 VALUES ('4f034a25-589e-4e33-aad3-455e53b62880', 
'fe996542-7842-424e-9e6c-c33121f232cd', 
'ReviewFormName', 
'reviewformname', 
30, 
200, 
'', 
false);
CREATE TABLE "ugs$reviewform_grantsystem_currentreviewform" (
	"ugs$reviewformid" BIGINT NOT NULL,
	"ugs$grantsystemid" BIGINT NOT NULL,
	PRIMARY KEY("ugs$reviewformid","ugs$grantsystemid"),
	CONSTRAINT "uniq_ugs$reviewform_grantsystem_currentreviewform_ugs$grantsystemid" UNIQUE ("ugs$grantsystemid"),
	CONSTRAINT "uniq_ugs$reviewform_grantsystem_currentreviewform_ugs$reviewformid" UNIQUE ("ugs$reviewformid"));
CREATE INDEX "idx_ugs$reviewform_grantsystem_currentreviewform_ugs$grantsystem_ugs$reviewform" ON "ugs$reviewform_grantsystem_currentreviewform" ("ugs$grantsystemid" ASC,"ugs$reviewformid" ASC);
INSERT INTO "mendixsystem$association" ("id", 
"association_name", 
"table_name", 
"parent_entity_id", 
"child_entity_id", 
"parent_column_name", 
"child_column_name", 
"index_name")
 VALUES ('4ff5ed83-9cc2-46fa-88ef-297c13f8f4e3', 
'UGS.ReviewForm_GrantSystem_CurrentReviewForm', 
'ugs$reviewform_grantsystem_currentreviewform', 
'fe996542-7842-424e-9e6c-c33121f232cd', 
'ba9d4296-9a81-4e9d-af93-a6f38307e8d2', 
'ugs$reviewformid', 
'ugs$grantsystemid', 
'idx_ugs$reviewform_grantsystem_currentreviewform_ugs$grantsystem_ugs$reviewform');
INSERT INTO "mendixsystem$unique_constraint" ("name", 
"table_id", 
"column_id")
 VALUES ('uniq_ugs$reviewform_grantsystem_currentreviewform_ugs$grantsystemid', 
'4ff5ed83-9cc2-46fa-88ef-297c13f8f4e3', 
'1b65eb8f-5922-33dd-9356-85925b3cf6fb');
INSERT INTO "mendixsystem$unique_constraint" ("name", 
"table_id", 
"column_id")
 VALUES ('uniq_ugs$reviewform_grantsystem_currentreviewform_ugs$reviewformid', 
'4ff5ed83-9cc2-46fa-88ef-297c13f8f4e3', 
'839f4182-ef0b-3236-b11e-52fda9027060');
CREATE TABLE "ugs$reviewform_workflowroles" (
	"ugs$reviewformid" BIGINT NOT NULL,
	"dynamicform$workflowrolesid" BIGINT NOT NULL,
	PRIMARY KEY("ugs$reviewformid","dynamicform$workflowrolesid"));
CREATE INDEX "idx_ugs$reviewform_workflowroles_dynamicform$workflowroles_ugs$reviewform" ON "ugs$reviewform_workflowroles" ("dynamicform$workflowrolesid" ASC,"ugs$reviewformid" ASC);
INSERT INTO "mendixsystem$association" ("id", 
"association_name", 
"table_name", 
"parent_entity_id", 
"child_entity_id", 
"parent_column_name", 
"child_column_name", 
"index_name")
 VALUES ('69722c5d-670e-49d3-80a0-43fcb125ace5', 
'UGS.ReviewForm_WorkflowRoles', 
'ugs$reviewform_workflowroles', 
'fe996542-7842-424e-9e6c-c33121f232cd', 
'a2b82c8c-8d38-4c49-b534-d88e3e433018', 
'ugs$reviewformid', 
'dynamicform$workflowrolesid', 
'idx_ugs$reviewform_workflowroles_dynamicform$workflowroles_ugs$reviewform');
CREATE TABLE "ugs$reviewform_grantsystem_pastreviewforms" (
	"ugs$reviewformid" BIGINT NOT NULL,
	"ugs$grantsystemid" BIGINT NOT NULL,
	PRIMARY KEY("ugs$reviewformid","ugs$grantsystemid"),
	CONSTRAINT "uniq_ugs$reviewform_grantsystem_pastreviewforms_ugs$reviewformid" UNIQUE ("ugs$reviewformid"));
CREATE INDEX "idx_ugs$reviewform_grantsystem_pastreviewforms_ugs$grantsystem_ugs$reviewform" ON "ugs$reviewform_grantsystem_pastreviewforms" ("ugs$grantsystemid" ASC,"ugs$reviewformid" ASC);
INSERT INTO "mendixsystem$association" ("id", 
"association_name", 
"table_name", 
"parent_entity_id", 
"child_entity_id", 
"parent_column_name", 
"child_column_name", 
"index_name")
 VALUES ('625ccc2a-6ba9-4546-923b-8668b9353fd6', 
'UGS.ReviewForm_GrantSystem_PastReviewForms', 
'ugs$reviewform_grantsystem_pastreviewforms', 
'fe996542-7842-424e-9e6c-c33121f232cd', 
'ba9d4296-9a81-4e9d-af93-a6f38307e8d2', 
'ugs$reviewformid', 
'ugs$grantsystemid', 
'idx_ugs$reviewform_grantsystem_pastreviewforms_ugs$grantsystem_ugs$reviewform');
INSERT INTO "mendixsystem$unique_constraint" ("name", 
"table_id", 
"column_id")
 VALUES ('uniq_ugs$reviewform_grantsystem_pastreviewforms_ugs$reviewformid', 
'625ccc2a-6ba9-4546-923b-8668b9353fd6', 
'ac1a3e50-688c-3243-87dd-92d10a85ef0e');
CREATE TABLE "ugs$reviewform_workflowroles_dummy" (
	"ugs$reviewformid" BIGINT NOT NULL,
	"dynamicform$workflowrolesid" BIGINT NOT NULL,
	PRIMARY KEY("ugs$reviewformid","dynamicform$workflowrolesid"),
	CONSTRAINT "uniq_ugs$reviewform_workflowroles_dummy_dynamicform$workflowrolesid" UNIQUE ("dynamicform$workflowrolesid"),
	CONSTRAINT "uniq_ugs$reviewform_workflowroles_dummy_ugs$reviewformid" UNIQUE ("ugs$reviewformid"));
CREATE INDEX "idx_ugs$reviewform_workflowroles_dummy_dynamicform$workflowroles_ugs$reviewform" ON "ugs$reviewform_workflowroles_dummy" ("dynamicform$workflowrolesid" ASC,"ugs$reviewformid" ASC);
INSERT INTO "mendixsystem$association" ("id", 
"association_name", 
"table_name", 
"parent_entity_id", 
"child_entity_id", 
"parent_column_name", 
"child_column_name", 
"index_name")
 VALUES ('64663553-82bc-4632-b163-82addad78dba', 
'UGS.ReviewForm_WorkflowRoles_Dummy', 
'ugs$reviewform_workflowroles_dummy', 
'fe996542-7842-424e-9e6c-c33121f232cd', 
'a2b82c8c-8d38-4c49-b534-d88e3e433018', 
'ugs$reviewformid', 
'dynamicform$workflowrolesid', 
'idx_ugs$reviewform_workflowroles_dummy_dynamicform$workflowroles_ugs$reviewform');
INSERT INTO "mendixsystem$unique_constraint" ("name", 
"table_id", 
"column_id")
 VALUES ('uniq_ugs$reviewform_workflowroles_dummy_dynamicform$workflowrolesid', 
'64663553-82bc-4632-b163-82addad78dba', 
'98ba8a56-670b-3b6a-8642-5747817acf51');
INSERT INTO "mendixsystem$unique_constraint" ("name", 
"table_id", 
"column_id")
 VALUES ('uniq_ugs$reviewform_workflowroles_dummy_ugs$reviewformid', 
'64663553-82bc-4632-b163-82addad78dba', 
'a0d29c34-31f8-3c96-bda4-8c03a61ce4a7');
CREATE TABLE "imap_pop3_email$emailaccount" (
	"id" BIGINT NOT NULL,
	"batchsize" INT NULL,
	"useinlineimages" BOOLEAN NULL,
	"timeout" INT NULL,
	"serverprotocol" VARCHAR_IGNORECASE(5) NULL,
	"folder" VARCHAR_IGNORECASE(2147483647) NULL,
	"username" VARCHAR_IGNORECASE(2147483647) NULL,
	"usedefaultfolder" BOOLEAN NULL,
	"movefolder" VARCHAR_IGNORECASE(2147483647) NULL,
	"serverhost" VARCHAR_IGNORECASE(2147483647) NULL,
	"usebatchimport" BOOLEAN NULL,
	"serverport" INT NULL,
	"password" VARCHAR_IGNORECASE(2147483647) NULL,
	"handling" VARCHAR_IGNORECASE(13) NULL,
	PRIMARY KEY("id"));
INSERT INTO "mendixsystem$entity" ("id", 
"entity_name", 
"table_name", 
"remote", 
"remote_primary_key")
 VALUES ('6ea5ae0e-a1f0-4432-99fb-0f53d8cc7aca', 
'IMAP_POP3_email.EmailAccount', 
'imap_pop3_email$emailaccount', 
false, 
false);
INSERT INTO "mendixsystem$attribute" ("id", 
"entity_id", 
"attribute_name", 
"column_name", 
"type", 
"length", 
"default_value", 
"is_auto_number")
 VALUES ('ba08332c-84af-4fc3-91e0-d527d357c399', 
'6ea5ae0e-a1f0-4432-99fb-0f53d8cc7aca', 
'BatchSize', 
'batchsize', 
3, 
0, 
'100', 
false);
INSERT INTO "mendixsystem$attribute" ("id", 
"entity_id", 
"attribute_name", 
"column_name", 
"type", 
"length", 
"default_value", 
"is_auto_number")
 VALUES ('ba2cd5cf-43e7-4605-9863-f24017263e7b', 
'6ea5ae0e-a1f0-4432-99fb-0f53d8cc7aca', 
'UseInlineImages', 
'useinlineimages', 
10, 
0, 
'false', 
false);
INSERT INTO "mendixsystem$attribute" ("id", 
"entity_id", 
"attribute_name", 
"column_name", 
"type", 
"length", 
"default_value", 
"is_auto_number")
 VALUES ('d833f30a-788d-4caa-a036-62aea9b9d0a5', 
'6ea5ae0e-a1f0-4432-99fb-0f53d8cc7aca', 
'Timeout', 
'timeout', 
3, 
0, 
'20000', 
false);
INSERT INTO "mendixsystem$attribute" ("id", 
"entity_id", 
"attribute_name", 
"column_name", 
"type", 
"length", 
"default_value", 
"is_auto_number")
 VALUES ('91e6319c-9df4-4af8-93bd-cd60df4e09ca', 
'6ea5ae0e-a1f0-4432-99fb-0f53d8cc7aca', 
'ServerProtocol', 
'serverprotocol', 
40, 
5, 
'', 
false);
INSERT INTO "mendixsystem$attribute" ("id", 
"entity_id", 
"attribute_name", 
"column_name", 
"type", 
"length", 
"default_value", 
"is_auto_number")
 VALUES ('78b6c604-b346-4f06-9249-4fb1ebe1cbae', 
'6ea5ae0e-a1f0-4432-99fb-0f53d8cc7aca', 
'Folder', 
'folder', 
30, 
0, 
'INBOX', 
false);
INSERT INTO "mendixsystem$attribute" ("id", 
"entity_id", 
"attribute_name", 
"column_name", 
"type", 
"length", 
"default_value", 
"is_auto_number")
 VALUES ('6338ebe5-e0a7-404b-a98e-4286e9e5eadc', 
'6ea5ae0e-a1f0-4432-99fb-0f53d8cc7aca', 
'Username', 
'username', 
30, 
0, 
'', 
false);
INSERT INTO "mendixsystem$attribute" ("id", 
"entity_id", 
"attribute_name", 
"column_name", 
"type", 
"length", 
"default_value", 
"is_auto_number")
 VALUES ('e033d965-3a4b-4d2d-8bf3-132376d1088d', 
'6ea5ae0e-a1f0-4432-99fb-0f53d8cc7aca', 
'UseDefaultFolder', 
'usedefaultfolder', 
10, 
0, 
'true', 
false);
INSERT INTO "mendixsystem$attribute" ("id", 
"entity_id", 
"attribute_name", 
"column_name", 
"type", 
"length", 
"default_value", 
"is_auto_number")
 VALUES ('ec6b6028-8ca1-4d08-9bd1-ebf00f824d1c', 
'6ea5ae0e-a1f0-4432-99fb-0f53d8cc7aca', 
'MoveFolder', 
'movefolder', 
30, 
0, 
'', 
false);
INSERT INTO "mendixsystem$attribute" ("id", 
"entity_id", 
"attribute_name", 
"column_name", 
"type", 
"length", 
"default_value", 
"is_auto_number")
 VALUES ('956e188e-5259-4cfd-b896-8de72ea79eb1', 
'6ea5ae0e-a1f0-4432-99fb-0f53d8cc7aca', 
'ServerHost', 
'serverhost', 
30, 
0, 
'', 
false);
INSERT INTO "mendixsystem$attribute" ("id", 
"entity_id", 
"attribute_name", 
"column_name", 
"type", 
"length", 
"default_value", 
"is_auto_number")
 VALUES ('df766658-eee9-4b7f-8d35-18d3be42059b', 
'6ea5ae0e-a1f0-4432-99fb-0f53d8cc7aca', 
'UseBatchImport', 
'usebatchimport', 
10, 
0, 
'false', 
false);
INSERT INTO "mendixsystem$attribute" ("id", 
"entity_id", 
"attribute_name", 
"column_name", 
"type", 
"length", 
"default_value", 
"is_auto_number")
 VALUES ('96e0b1c7-654f-46df-aa91-f420b4f93eca', 
'6ea5ae0e-a1f0-4432-99fb-0f53d8cc7aca', 
'ServerPort', 
'serverport', 
3, 
0, 
'0', 
false);
INSERT INTO "mendixsystem$attribute" ("id", 
"entity_id", 
"attribute_name", 
"column_name", 
"type", 
"length", 
"default_value", 
"is_auto_number")
 VALUES ('ffd3f8a9-4454-45ae-997c-d885f21181a9', 
'6ea5ae0e-a1f0-4432-99fb-0f53d8cc7aca', 
'Password', 
'password', 
30, 
0, 
'', 
false);
INSERT INTO "mendixsystem$attribute" ("id", 
"entity_id", 
"attribute_name", 
"column_name", 
"type", 
"length", 
"default_value", 
"is_auto_number")
 VALUES ('95d01e25-f2e1-4414-a695-9d34083a74e9', 
'6ea5ae0e-a1f0-4432-99fb-0f53d8cc7aca', 
'Handling', 
'handling', 
40, 
13, 
'NoHandling', 
false);
CREATE TABLE "imap_pop3_email$emailaccount_account" (
	"imap_pop3_email$emailaccountid" BIGINT NOT NULL,
	"administration$accountid" BIGINT NOT NULL,
	PRIMARY KEY("imap_pop3_email$emailaccountid","administration$accountid"),
	CONSTRAINT "uniq_imap_pop3_email$emailaccount_account_administration$accountid" UNIQUE ("administration$accountid"),
	CONSTRAINT "uniq_imap_pop3_email$emailaccount_account_imap_pop3_email$emailaccountid" UNIQUE ("imap_pop3_email$emailaccountid"));
CREATE INDEX "idx_imap_pop3_email$emailaccount_account_administration$account_imap_pop3_email$emailaccount" ON "imap_pop3_email$emailaccount_account" ("administration$accountid" ASC,"imap_pop3_email$emailaccountid" ASC);
INSERT INTO "mendixsystem$association" ("id", 
"association_name", 
"table_name", 
"parent_entity_id", 
"child_entity_id", 
"parent_column_name", 
"child_column_name", 
"index_name")
 VALUES ('a4f8109e-c31b-4b17-aed2-90e1569731b6', 
'IMAP_POP3_email.EmailAccount_Account', 
'imap_pop3_email$emailaccount_account', 
'6ea5ae0e-a1f0-4432-99fb-0f53d8cc7aca', 
'3078a23e-13b2-4a9b-84e4-2881fdee53c6', 
'imap_pop3_email$emailaccountid', 
'administration$accountid', 
'idx_imap_pop3_email$emailaccount_account_administration$account_imap_pop3_email$emailaccount');
INSERT INTO "mendixsystem$unique_constraint" ("name", 
"table_id", 
"column_id")
 VALUES ('uniq_imap_pop3_email$emailaccount_account_administration$accountid', 
'a4f8109e-c31b-4b17-aed2-90e1569731b6', 
'a30c197d-cb24-3338-ac98-bc4a8966aa5e');
INSERT INTO "mendixsystem$unique_constraint" ("name", 
"table_id", 
"column_id")
 VALUES ('uniq_imap_pop3_email$emailaccount_account_imap_pop3_email$emailaccountid', 
'a4f8109e-c31b-4b17-aed2-90e1569731b6', 
'771ba151-954a-3deb-87a6-2afb516e83ad');
CREATE TABLE "xlsreport$mxconstraint" (
	"id" BIGINT NOT NULL,
	"constraintnumber" BIGINT NULL,
	"constraintdecimal" DECIMAL(28, 8) NULL,
	"attribute" VARCHAR_IGNORECASE(200) NULL,
	"constraint" VARCHAR_IGNORECASE(12) NULL,
	"attributetype" VARCHAR_IGNORECASE(7) NULL,
	"constrainttext" VARCHAR_IGNORECASE(50) NULL,
	"constraintdatetime" VARCHAR_IGNORECASE(6) NULL,
	"constraintboolean" BOOLEAN NULL,
	"summary" VARCHAR_IGNORECASE(200) NULL,
	"sequence" INT NULL,
	"andor" VARCHAR_IGNORECASE(3) NULL,
	PRIMARY KEY("id"));
INSERT INTO "mendixsystem$entity" ("id", 
"entity_name", 
"table_name", 
"remote", 
"remote_primary_key")
 VALUES ('5cc76c27-aa8b-4031-9bdc-d4d7fcd74709', 
'XLSReport.MxConstraint', 
'xlsreport$mxconstraint', 
false, 
false);
INSERT INTO "mendixsystem$attribute" ("id", 
"entity_id", 
"attribute_name", 
"column_name", 
"type", 
"length", 
"default_value", 
"is_auto_number")
 VALUES ('e74faffb-bc5f-425a-ae6a-925425ca7047', 
'5cc76c27-aa8b-4031-9bdc-d4d7fcd74709', 
'ConstraintNumber', 
'constraintnumber', 
4, 
0, 
'0', 
false);
INSERT INTO "mendixsystem$attribute" ("id", 
"entity_id", 
"attribute_name", 
"column_name", 
"type", 
"length", 
"default_value", 
"is_auto_number")
 VALUES ('60572597-d27c-47ae-845d-4b15f7755aa0', 
'5cc76c27-aa8b-4031-9bdc-d4d7fcd74709', 
'ConstraintDecimal', 
'constraintdecimal', 
5, 
0, 
'0', 
false);
INSERT INTO "mendixsystem$attribute" ("id", 
"entity_id", 
"attribute_name", 
"column_name", 
"type", 
"length", 
"default_value", 
"is_auto_number")
 VALUES ('83aff6e6-1dc0-4d8d-b4ee-178df097ccbd', 
'5cc76c27-aa8b-4031-9bdc-d4d7fcd74709', 
'Attribute', 
'attribute', 
30, 
200, 
'', 
false);
INSERT INTO "mendixsystem$attribute" ("id", 
"entity_id", 
"attribute_name", 
"column_name", 
"type", 
"length", 
"default_value", 
"is_auto_number")
 VALUES ('5a527fb1-a5df-4a44-9b81-2dd49eb4a6aa', 
'5cc76c27-aa8b-4031-9bdc-d4d7fcd74709', 
'Constraint', 
'constraint', 
40, 
12, 
'', 
false);
INSERT INTO "mendixsystem$attribute" ("id", 
"entity_id", 
"attribute_name", 
"column_name", 
"type", 
"length", 
"default_value", 
"is_auto_number")
 VALUES ('a4f0b7ee-ba8d-4716-b777-c927e0b3d9ad', 
'5cc76c27-aa8b-4031-9bdc-d4d7fcd74709', 
'AttributeType', 
'attributetype', 
40, 
7, 
'', 
false);
INSERT INTO "mendixsystem$attribute" ("id", 
"entity_id", 
"attribute_name", 
"column_name", 
"type", 
"length", 
"default_value", 
"is_auto_number")
 VALUES ('9cc72564-fcab-4e96-8fbe-30dd19f2e42b', 
'5cc76c27-aa8b-4031-9bdc-d4d7fcd74709', 
'ConstraintText', 
'constrainttext', 
30, 
50, 
'', 
false);
INSERT INTO "mendixsystem$attribute" ("id", 
"entity_id", 
"attribute_name", 
"column_name", 
"type", 
"length", 
"default_value", 
"is_auto_number")
 VALUES ('f29292db-dda9-447e-bc52-4879c14ab969', 
'5cc76c27-aa8b-4031-9bdc-d4d7fcd74709', 
'ConstraintDateTime', 
'constraintdatetime', 
40, 
6, 
'', 
false);
INSERT INTO "mendixsystem$attribute" ("id", 
"entity_id", 
"attribute_name", 
"column_name", 
"type", 
"length", 
"default_value", 
"is_auto_number")
 VALUES ('d5970318-df43-4d99-925e-10fb685bf8c2', 
'5cc76c27-aa8b-4031-9bdc-d4d7fcd74709', 
'ConstraintBoolean', 
'constraintboolean', 
10, 
0, 
'false', 
false);
INSERT INTO "mendixsystem$attribute" ("id", 
"entity_id", 
"attribute_name", 
"column_name", 
"type", 
"length", 
"default_value", 
"is_auto_number")
 VALUES ('edceccf2-2300-4513-827c-057ecdb70b5e', 
'5cc76c27-aa8b-4031-9bdc-d4d7fcd74709', 
'Summary', 
'summary', 
30, 
200, 
'', 
false);
INSERT INTO "mendixsystem$attribute" ("id", 
"entity_id", 
"attribute_name", 
"column_name", 
"type", 
"length", 
"default_value", 
"is_auto_number")
 VALUES ('d64cf064-b6de-4515-b297-ea2e62d4021b', 
'5cc76c27-aa8b-4031-9bdc-d4d7fcd74709', 
'Sequence', 
'sequence', 
3, 
0, 
'0', 
false);
INSERT INTO "mendixsystem$attribute" ("id", 
"entity_id", 
"attribute_name", 
"column_name", 
"type", 
"length", 
"default_value", 
"is_auto_number")
 VALUES ('c2ae7191-c2cf-467d-a8b7-306a4f5d03ae', 
'5cc76c27-aa8b-4031-9bdc-d4d7fcd74709', 
'AndOr', 
'andor', 
40, 
3, 
'AND', 
false);
CREATE TABLE "xlsreport$mxconstraint_mxsheet" (
	"xlsreport$mxconstraintid" BIGINT NOT NULL,
	"xlsreport$mxsheetid" BIGINT NOT NULL,
	PRIMARY KEY("xlsreport$mxconstraintid","xlsreport$mxsheetid"),
	CONSTRAINT "uniq_xlsreport$mxconstraint_mxsheet_xlsreport$mxconstraintid" UNIQUE ("xlsreport$mxconstraintid"));
CREATE INDEX "idx_xlsreport$mxconstraint_mxsheet_xlsreport$mxsheet_xlsreport$mxconstraint" ON "xlsreport$mxconstraint_mxsheet" ("xlsreport$mxsheetid" ASC,"xlsreport$mxconstraintid" ASC);
INSERT INTO "mendixsystem$association" ("id", 
"association_name", 
"table_name", 
"parent_entity_id", 
"child_entity_id", 
"parent_column_name", 
"child_column_name", 
"index_name")
 VALUES ('b4e2499f-9985-4ba3-a767-b549acc0be5c', 
'XLSReport.MxConstraint_MxSheet', 
'xlsreport$mxconstraint_mxsheet', 
'5cc76c27-aa8b-4031-9bdc-d4d7fcd74709', 
'7f187c95-cf42-435b-9c92-edd933693f02', 
'xlsreport$mxconstraintid', 
'xlsreport$mxsheetid', 
'idx_xlsreport$mxconstraint_mxsheet_xlsreport$mxsheet_xlsreport$mxconstraint');
INSERT INTO "mendixsystem$unique_constraint" ("name", 
"table_id", 
"column_id")
 VALUES ('uniq_xlsreport$mxconstraint_mxsheet_xlsreport$mxconstraintid', 
'b4e2499f-9985-4ba3-a767-b549acc0be5c', 
'fe1562d9-2525-3944-9fde-a17b77f2990b');
CREATE TABLE "xlsreport$mxconstraint_mxxpath" (
	"xlsreport$mxconstraintid" BIGINT NOT NULL,
	"xlsreport$mxxpathid" BIGINT NOT NULL,
	PRIMARY KEY("xlsreport$mxconstraintid","xlsreport$mxxpathid"),
	CONSTRAINT "uniq_xlsreport$mxconstraint_mxxpath_xlsreport$mxxpathid" UNIQUE ("xlsreport$mxxpathid"),
	CONSTRAINT "uniq_xlsreport$mxconstraint_mxxpath_xlsreport$mxconstraintid" UNIQUE ("xlsreport$mxconstraintid"));
CREATE INDEX "idx_xlsreport$mxconstraint_mxxpath_xlsreport$mxxpath_xlsreport$mxconstraint" ON "xlsreport$mxconstraint_mxxpath" ("xlsreport$mxxpathid" ASC,"xlsreport$mxconstraintid" ASC);
INSERT INTO "mendixsystem$association" ("id", 
"association_name", 
"table_name", 
"parent_entity_id", 
"child_entity_id", 
"parent_column_name", 
"child_column_name", 
"index_name")
 VALUES ('4250d317-a8a3-43f8-9e0f-7d7d50e6ffe3', 
'XLSReport.MxConstraint_MxXPath', 
'xlsreport$mxconstraint_mxxpath', 
'5cc76c27-aa8b-4031-9bdc-d4d7fcd74709', 
'17e988e6-2ac5-4ae7-b297-39f35f12fa8e', 
'xlsreport$mxconstraintid', 
'xlsreport$mxxpathid', 
'idx_xlsreport$mxconstraint_mxxpath_xlsreport$mxxpath_xlsreport$mxconstraint');
INSERT INTO "mendixsystem$unique_constraint" ("name", 
"table_id", 
"column_id")
 VALUES ('uniq_xlsreport$mxconstraint_mxxpath_xlsreport$mxxpathid', 
'4250d317-a8a3-43f8-9e0f-7d7d50e6ffe3', 
'1cd4b7a8-efd4-30b4-87f9-490e0a944f58');
INSERT INTO "mendixsystem$unique_constraint" ("name", 
"table_id", 
"column_id")
 VALUES ('uniq_xlsreport$mxconstraint_mxxpath_xlsreport$mxconstraintid', 
'4250d317-a8a3-43f8-9e0f-7d7d50e6ffe3', 
'58e0e8fd-5fd1-342a-b499-f543085ea4bc');
CREATE TABLE "ugs$workflow" (
	"id" BIGINT NOT NULL,
	"userrolename" VARCHAR_IGNORECASE(32) NULL,
	"stage" INT NULL,
	PRIMARY KEY("id"));
INSERT INTO "mendixsystem$entity" ("id", 
"entity_name", 
"table_name", 
"remote", 
"remote_primary_key")
 VALUES ('9edeb6d5-fd53-4e6b-b9c6-daa5f0d22051', 
'UGS.Workflow', 
'ugs$workflow', 
false, 
false);
INSERT INTO "mendixsystem$attribute" ("id", 
"entity_id", 
"attribute_name", 
"column_name", 
"type", 
"length", 
"default_value", 
"is_auto_number")
 VALUES ('0502d2f9-d443-4ad1-9555-65077d89e148', 
'9edeb6d5-fd53-4e6b-b9c6-daa5f0d22051', 
'UserRoleName', 
'userrolename', 
40, 
32, 
'', 
false);
INSERT INTO "mendixsystem$attribute" ("id", 
"entity_id", 
"attribute_name", 
"column_name", 
"type", 
"length", 
"default_value", 
"is_auto_number")
 VALUES ('8463e055-4e6d-462e-896a-5b856ac5b39f', 
'9edeb6d5-fd53-4e6b-b9c6-daa5f0d22051', 
'Stage', 
'stage', 
3, 
0, 
'1', 
false);
CREATE TABLE "ugs$workflow_account" (
	"ugs$workflowid" BIGINT NOT NULL,
	"administration$accountid" BIGINT NOT NULL,
	PRIMARY KEY("ugs$workflowid","administration$accountid"),
	CONSTRAINT "uniq_ugs$workflow_account_administration$accountid" UNIQUE ("administration$accountid"),
	CONSTRAINT "uniq_ugs$workflow_account_ugs$workflowid" UNIQUE ("ugs$workflowid"));
CREATE INDEX "idx_ugs$workflow_account_administration$account_ugs$workflow" ON "ugs$workflow_account" ("administration$accountid" ASC,"ugs$workflowid" ASC);
INSERT INTO "mendixsystem$association" ("id", 
"association_name", 
"table_name", 
"parent_entity_id", 
"child_entity_id", 
"parent_column_name", 
"child_column_name", 
"index_name")
 VALUES ('900eba3a-2633-4aec-b07c-15d425d06d9f', 
'UGS.Workflow_Account', 
'ugs$workflow_account', 
'9edeb6d5-fd53-4e6b-b9c6-daa5f0d22051', 
'3078a23e-13b2-4a9b-84e4-2881fdee53c6', 
'ugs$workflowid', 
'administration$accountid', 
'idx_ugs$workflow_account_administration$account_ugs$workflow');
INSERT INTO "mendixsystem$unique_constraint" ("name", 
"table_id", 
"column_id")
 VALUES ('uniq_ugs$workflow_account_administration$accountid', 
'900eba3a-2633-4aec-b07c-15d425d06d9f', 
'6aac0317-0f7c-31fd-a122-4f669fd8d4c9');
INSERT INTO "mendixsystem$unique_constraint" ("name", 
"table_id", 
"column_id")
 VALUES ('uniq_ugs$workflow_account_ugs$workflowid', 
'900eba3a-2633-4aec-b07c-15d425d06d9f', 
'37d428a9-aebb-3245-b024-3ddbd490142e');
CREATE TABLE "ugs$workflow_casemangement" (
	"ugs$workflowid" BIGINT NOT NULL,
	"ugs$casemangementid" BIGINT NOT NULL,
	PRIMARY KEY("ugs$workflowid","ugs$casemangementid"),
	CONSTRAINT "uniq_ugs$workflow_casemangement_ugs$workflowid" UNIQUE ("ugs$workflowid"));
CREATE INDEX "idx_ugs$workflow_casemangement_ugs$casemangement_ugs$workflow" ON "ugs$workflow_casemangement" ("ugs$casemangementid" ASC,"ugs$workflowid" ASC);
INSERT INTO "mendixsystem$association" ("id", 
"association_name", 
"table_name", 
"parent_entity_id", 
"child_entity_id", 
"parent_column_name", 
"child_column_name", 
"index_name")
 VALUES ('4b76f6fe-fa02-4276-908e-c7ab389cad0c', 
'UGS.Workflow_CaseMangement', 
'ugs$workflow_casemangement', 
'9edeb6d5-fd53-4e6b-b9c6-daa5f0d22051', 
'f4a695f5-122b-46a4-9acd-8cf14e8ba8ef', 
'ugs$workflowid', 
'ugs$casemangementid', 
'idx_ugs$workflow_casemangement_ugs$casemangement_ugs$workflow');
INSERT INTO "mendixsystem$unique_constraint" ("name", 
"table_id", 
"column_id")
 VALUES ('uniq_ugs$workflow_casemangement_ugs$workflowid', 
'4b76f6fe-fa02-4276-908e-c7ab389cad0c', 
'a5eac90c-4d2d-33f5-8025-544d9a0fab61');
CREATE TABLE "ugs$signature_grantsystem_main" (
	"ugs$signatureid" BIGINT NOT NULL,
	"ugs$grantsystemid" BIGINT NOT NULL,
	PRIMARY KEY("ugs$signatureid","ugs$grantsystemid"),
	CONSTRAINT "uniq_ugs$signature_grantsystem_main_ugs$grantsystemid" UNIQUE ("ugs$grantsystemid"),
	CONSTRAINT "uniq_ugs$signature_grantsystem_main_ugs$signatureid" UNIQUE ("ugs$signatureid"));
CREATE INDEX "idx_ugs$signature_grantsystem_main_ugs$grantsystem_ugs$signature" ON "ugs$signature_grantsystem_main" ("ugs$grantsystemid" ASC,"ugs$signatureid" ASC);
INSERT INTO "mendixsystem$association" ("id", 
"association_name", 
"table_name", 
"parent_entity_id", 
"child_entity_id", 
"parent_column_name", 
"child_column_name", 
"index_name")
 VALUES ('cab59869-5940-4134-bfd4-17e5d8bd38e5', 
'UGS.Signature_GrantSystem_main', 
'ugs$signature_grantsystem_main', 
'78e06c56-9923-4fe0-bfc5-4bf2971d3da7', 
'ba9d4296-9a81-4e9d-af93-a6f38307e8d2', 
'ugs$signatureid', 
'ugs$grantsystemid', 
'idx_ugs$signature_grantsystem_main_ugs$grantsystem_ugs$signature');
INSERT INTO "mendixsystem$unique_constraint" ("name", 
"table_id", 
"column_id")
 VALUES ('uniq_ugs$signature_grantsystem_main_ugs$grantsystemid', 
'cab59869-5940-4134-bfd4-17e5d8bd38e5', 
'8db10e30-e8aa-3c5e-a93a-22c9c9b360d5');
INSERT INTO "mendixsystem$unique_constraint" ("name", 
"table_id", 
"column_id")
 VALUES ('uniq_ugs$signature_grantsystem_main_ugs$signatureid', 
'cab59869-5940-4134-bfd4-17e5d8bd38e5', 
'24ee218e-56ad-32a3-8e04-0b03e448c34c');
CREATE TABLE "ugs$excelexport" (
	"id" BIGINT NOT NULL,
	PRIMARY KEY("id"));
INSERT INTO "mendixsystem$entity" ("id", 
"entity_name", 
"table_name", 
"superentity_id", 
"remote", 
"remote_primary_key")
 VALUES ('b8874264-6055-4b9d-acd3-f69184a5d1ce', 
'UGS.ExcelExport', 
'ugs$excelexport', 
'170ce49d-f29c-4fac-99a6-b55e8a3aeb39', 
false, 
false);
CREATE TABLE "ugs$excelexport_grantsystem" (
	"ugs$excelexportid" BIGINT NOT NULL,
	"ugs$grantsystemid" BIGINT NOT NULL,
	PRIMARY KEY("ugs$excelexportid","ugs$grantsystemid"),
	CONSTRAINT "uniq_ugs$excelexport_grantsystem_ugs$excelexportid" UNIQUE ("ugs$excelexportid"));
CREATE INDEX "idx_ugs$excelexport_grantsystem_ugs$grantsystem_ugs$excelexport" ON "ugs$excelexport_grantsystem" ("ugs$grantsystemid" ASC,"ugs$excelexportid" ASC);
INSERT INTO "mendixsystem$association" ("id", 
"association_name", 
"table_name", 
"parent_entity_id", 
"child_entity_id", 
"parent_column_name", 
"child_column_name", 
"index_name")
 VALUES ('7df63aa8-c2ed-4f7d-9826-363cd1e61c34', 
'UGS.ExcelExport_GrantSystem', 
'ugs$excelexport_grantsystem', 
'b8874264-6055-4b9d-acd3-f69184a5d1ce', 
'ba9d4296-9a81-4e9d-af93-a6f38307e8d2', 
'ugs$excelexportid', 
'ugs$grantsystemid', 
'idx_ugs$excelexport_grantsystem_ugs$grantsystem_ugs$excelexport');
INSERT INTO "mendixsystem$unique_constraint" ("name", 
"table_id", 
"column_id")
 VALUES ('uniq_ugs$excelexport_grantsystem_ugs$excelexportid', 
'7df63aa8-c2ed-4f7d-9826-363cd1e61c34', 
'8dbc23fb-d2d1-3cea-a440-5c82c17ef053');
CREATE TABLE "xlsreport$mxreferencehandling" (
	"id" BIGINT NOT NULL,
	"reference" VARCHAR_IGNORECASE(200) NULL,
	"jointype" VARCHAR_IGNORECASE(5) NULL,
	PRIMARY KEY("id"));
CREATE INDEX "idx_xlsreport$mxreferencehandling_reference_asc" ON "xlsreport$mxreferencehandling" ("reference" ASC,"id" ASC);
INSERT INTO "mendixsystem$entity" ("id", 
"entity_name", 
"table_name", 
"remote", 
"remote_primary_key")
 VALUES ('603636dd-8729-4d67-a9d6-4e9f711ce608', 
'XLSReport.MxReferenceHandling', 
'xlsreport$mxreferencehandling', 
false, 
false);
INSERT INTO "mendixsystem$attribute" ("id", 
"entity_id", 
"attribute_name", 
"column_name", 
"type", 
"length", 
"default_value", 
"is_auto_number")
 VALUES ('d65644ec-1e26-4028-a151-524cb3285930', 
'603636dd-8729-4d67-a9d6-4e9f711ce608', 
'Reference', 
'reference', 
30, 
200, 
'', 
false);
INSERT INTO "mendixsystem$attribute" ("id", 
"entity_id", 
"attribute_name", 
"column_name", 
"type", 
"length", 
"default_value", 
"is_auto_number")
 VALUES ('6f6a0ca2-78e5-4f8a-ba4e-9c6db5c6e0cc', 
'603636dd-8729-4d67-a9d6-4e9f711ce608', 
'JoinType', 
'jointype', 
40, 
5, 
'INNER', 
false);
INSERT INTO "mendixsystem$index" ("id", 
"table_id", 
"index_name")
 VALUES ('523f7848-80de-4bd2-88a2-ac51455812dc', 
'603636dd-8729-4d67-a9d6-4e9f711ce608', 
'idx_xlsreport$mxreferencehandling_reference_asc');
INSERT INTO "mendixsystem$index_column" ("index_id", 
"column_id", 
"sort_order", 
"ordinal")
 VALUES ('523f7848-80de-4bd2-88a2-ac51455812dc', 
'd65644ec-1e26-4028-a151-524cb3285930', 
false, 
0);
CREATE TABLE "xlsreport$mxreferencehandling_mxsheet" (
	"xlsreport$mxreferencehandlingid" BIGINT NOT NULL,
	"xlsreport$mxsheetid" BIGINT NOT NULL,
	PRIMARY KEY("xlsreport$mxreferencehandlingid","xlsreport$mxsheetid"),
	CONSTRAINT "uniq_xlsreport$mxreferencehandling_mxsheet_xlsreport$mxreferencehandlingid" UNIQUE ("xlsreport$mxreferencehandlingid"));
CREATE INDEX "idx_xlsreport$mxreferencehandling_mxsheet_xlsreport$mxsheet_xlsreport$mxreferencehandling" ON "xlsreport$mxreferencehandling_mxsheet" ("xlsreport$mxsheetid" ASC,"xlsreport$mxreferencehandlingid" ASC);
INSERT INTO "mendixsystem$association" ("id", 
"association_name", 
"table_name", 
"parent_entity_id", 
"child_entity_id", 
"parent_column_name", 
"child_column_name", 
"index_name")
 VALUES ('26bd3f97-5138-4f41-acf5-ab92cb3afe70', 
'XLSReport.MxReferenceHandling_MxSheet', 
'xlsreport$mxreferencehandling_mxsheet', 
'603636dd-8729-4d67-a9d6-4e9f711ce608', 
'7f187c95-cf42-435b-9c92-edd933693f02', 
'xlsreport$mxreferencehandlingid', 
'xlsreport$mxsheetid', 
'idx_xlsreport$mxreferencehandling_mxsheet_xlsreport$mxsheet_xlsreport$mxreferencehandling');
INSERT INTO "mendixsystem$unique_constraint" ("name", 
"table_id", 
"column_id")
 VALUES ('uniq_xlsreport$mxreferencehandling_mxsheet_xlsreport$mxreferencehandlingid', 
'26bd3f97-5138-4f41-acf5-ab92cb3afe70', 
'043ca870-5c87-37e0-9718-744e46e96e45');
CREATE TABLE "ugs$orderitem" (
	"id" BIGINT NOT NULL,
	"product" VARCHAR_IGNORECASE(200) NULL,
	"quantity" INT NULL,
	PRIMARY KEY("id"));
INSERT INTO "mendixsystem$entity" ("id", 
"entity_name", 
"table_name", 
"remote", 
"remote_primary_key")
 VALUES ('4d887b3b-e10c-4a64-bae2-360c610d9f54', 
'UGS.OrderItem', 
'ugs$orderitem', 
false, 
false);
INSERT INTO "mendixsystem$attribute" ("id", 
"entity_id", 
"attribute_name", 
"column_name", 
"type", 
"length", 
"default_value", 
"is_auto_number")
 VALUES ('1a025045-0d85-4208-96b8-df9386d628b4', 
'4d887b3b-e10c-4a64-bae2-360c610d9f54', 
'Product', 
'product', 
30, 
200, 
'', 
false);
INSERT INTO "mendixsystem$attribute" ("id", 
"entity_id", 
"attribute_name", 
"column_name", 
"type", 
"length", 
"default_value", 
"is_auto_number")
 VALUES ('f839b5bc-26ce-48a7-b5c8-929dc75e8979', 
'4d887b3b-e10c-4a64-bae2-360c610d9f54', 
'Quantity', 
'quantity', 
3, 
0, 
'0', 
false);
CREATE TABLE "ugs$orderitem_order" (
	"ugs$orderitemid" BIGINT NOT NULL,
	"ugs$orderid" BIGINT NOT NULL,
	PRIMARY KEY("ugs$orderitemid","ugs$orderid"),
	CONSTRAINT "uniq_ugs$orderitem_order_ugs$orderitemid" UNIQUE ("ugs$orderitemid"));
CREATE INDEX "idx_ugs$orderitem_order_ugs$order_ugs$orderitem" ON "ugs$orderitem_order" ("ugs$orderid" ASC,"ugs$orderitemid" ASC);
INSERT INTO "mendixsystem$association" ("id", 
"association_name", 
"table_name", 
"parent_entity_id", 
"child_entity_id", 
"parent_column_name", 
"child_column_name", 
"index_name")
 VALUES ('1ad5358d-84e0-4664-878c-9f0fa0ec7c1d', 
'UGS.OrderItem_Order', 
'ugs$orderitem_order', 
'4d887b3b-e10c-4a64-bae2-360c610d9f54', 
'55ab4934-66fd-472c-8a9c-d58cb29da1df', 
'ugs$orderitemid', 
'ugs$orderid', 
'idx_ugs$orderitem_order_ugs$order_ugs$orderitem');
INSERT INTO "mendixsystem$unique_constraint" ("name", 
"table_id", 
"column_id")
 VALUES ('uniq_ugs$orderitem_order_ugs$orderitemid', 
'1ad5358d-84e0-4664-878c-9f0fa0ec7c1d', 
'510537d4-3abb-31de-a371-6a1953f7c3a1');
CREATE TABLE "xlsreport$customexcel" (
	"id" BIGINT NOT NULL,
	PRIMARY KEY("id"));
INSERT INTO "mendixsystem$entity" ("id", 
"entity_name", 
"table_name", 
"superentity_id", 
"remote", 
"remote_primary_key")
 VALUES ('9910eca1-28fe-4291-9792-57faa31e89da', 
'XLSReport.CustomExcel', 
'xlsreport$customexcel', 
'170ce49d-f29c-4fac-99a6-b55e8a3aeb39', 
false, 
false);
CREATE TABLE "xlsreport$mxtemplate" (
	"id" BIGINT NOT NULL,
	"changeddate" TIMESTAMP NULL,
	"description" VARCHAR_IGNORECASE(2147483647) NULL,
	"createddate" TIMESTAMP NULL,
	"csvseparator" VARCHAR_IGNORECASE(9) NULL,
	"datetimepresentation" VARCHAR_IGNORECASE(12) NULL,
	"documenttype" VARCHAR_IGNORECASE(4) NULL,
	"customedateformat" VARCHAR_IGNORECASE(200) NULL,
	"templateid" BIGINT NULL,
	"name" VARCHAR_IGNORECASE(200) NULL,
	"system$changedby" BIGINT NULL,
	"system$owner" BIGINT NULL,
	PRIMARY KEY("id"));
CREATE SEQUENCE "xlsreport$mxtemplate_templateid_mxseq" AS BIGINT START WITH 1;
CREATE INDEX "idx_xlsreport$mxtemplate_system$changedby" ON "xlsreport$mxtemplate" ("system$changedby" ASC,"id" ASC);
CREATE INDEX "idx_xlsreport$mxtemplate_system$owner" ON "xlsreport$mxtemplate" ("system$owner" ASC,"id" ASC);
INSERT INTO "mendixsystem$entity" ("id", 
"entity_name", 
"table_name", 
"remote", 
"remote_primary_key")
 VALUES ('07cd309e-6e22-4bff-8f7f-1d222c662848', 
'XLSReport.MxTemplate', 
'xlsreport$mxtemplate', 
false, 
false);
INSERT INTO "mendixsystem$attribute" ("id", 
"entity_id", 
"attribute_name", 
"column_name", 
"type", 
"length", 
"default_value", 
"is_auto_number")
 VALUES ('2ece70f3-241d-3220-9c14-9f842f153d99', 
'07cd309e-6e22-4bff-8f7f-1d222c662848', 
'changedDate', 
'changeddate', 
20, 
0, 
'', 
false);
INSERT INTO "mendixsystem$attribute" ("id", 
"entity_id", 
"attribute_name", 
"column_name", 
"type", 
"length", 
"default_value", 
"is_auto_number")
 VALUES ('f2e82308-ebef-4551-ba41-be5a1521567d', 
'07cd309e-6e22-4bff-8f7f-1d222c662848', 
'Description', 
'description', 
30, 
0, 
'', 
false);
INSERT INTO "mendixsystem$attribute" ("id", 
"entity_id", 
"attribute_name", 
"column_name", 
"type", 
"length", 
"default_value", 
"is_auto_number")
 VALUES ('95325376-4e8d-3f77-b554-0ca3689164e5', 
'07cd309e-6e22-4bff-8f7f-1d222c662848', 
'createdDate', 
'createddate', 
20, 
0, 
'', 
false);
INSERT INTO "mendixsystem$attribute" ("id", 
"entity_id", 
"attribute_name", 
"column_name", 
"type", 
"length", 
"default_value", 
"is_auto_number")
 VALUES ('017b1382-9fd8-4f1c-8099-e4480049f33d', 
'07cd309e-6e22-4bff-8f7f-1d222c662848', 
'CSVSeparator', 
'csvseparator', 
40, 
9, 
'', 
false);
INSERT INTO "mendixsystem$attribute" ("id", 
"entity_id", 
"attribute_name", 
"column_name", 
"type", 
"length", 
"default_value", 
"is_auto_number")
 VALUES ('d656d6d1-694b-41d9-8e99-b66d8a9844ad', 
'07cd309e-6e22-4bff-8f7f-1d222c662848', 
'DateTimePresentation', 
'datetimepresentation', 
40, 
12, 
'', 
false);
INSERT INTO "mendixsystem$attribute" ("id", 
"entity_id", 
"attribute_name", 
"column_name", 
"type", 
"length", 
"default_value", 
"is_auto_number")
 VALUES ('ae03e2ef-39ec-4bc6-a6bb-94fc8f4c3b4f', 
'07cd309e-6e22-4bff-8f7f-1d222c662848', 
'DocumentType', 
'documenttype', 
40, 
4, 
'XLS', 
false);
INSERT INTO "mendixsystem$attribute" ("id", 
"entity_id", 
"attribute_name", 
"column_name", 
"type", 
"length", 
"default_value", 
"is_auto_number")
 VALUES ('e51f8280-a836-4e0a-a655-e26dd150a835', 
'07cd309e-6e22-4bff-8f7f-1d222c662848', 
'CustomeDateFormat', 
'customedateformat', 
30, 
200, 
'', 
false);
INSERT INTO "mendixsystem$attribute" ("id", 
"entity_id", 
"attribute_name", 
"column_name", 
"type", 
"length", 
"default_value", 
"is_auto_number")
 VALUES ('f64e0c48-8ba7-4519-9849-234f72ff76ce', 
'07cd309e-6e22-4bff-8f7f-1d222c662848', 
'TemplateID', 
'templateid', 
0, 
0, 
'1', 
true);
INSERT INTO "mendixsystem$sequence" ("attribute_id", 
"name", 
"start_value", 
"current_value")
 VALUES ('f64e0c48-8ba7-4519-9849-234f72ff76ce', 
'xlsreport$mxtemplate_templateid_mxseq', 
1, 
0);
INSERT INTO "mendixsystem$attribute" ("id", 
"entity_id", 
"attribute_name", 
"column_name", 
"type", 
"length", 
"default_value", 
"is_auto_number")
 VALUES ('04f11726-1dbb-4550-a760-56ab90593cba', 
'07cd309e-6e22-4bff-8f7f-1d222c662848', 
'Name', 
'name', 
30, 
200, 
'', 
false);
INSERT INTO "mendixsystem$index" ("id", 
"table_id", 
"index_name")
 VALUES ('8e93ad58-2703-39bf-89ea-4c3edf162005', 
'07cd309e-6e22-4bff-8f7f-1d222c662848', 
'idx_xlsreport$mxtemplate_system$changedby');
INSERT INTO "mendixsystem$index_column" ("index_id", 
"column_id", 
"sort_order", 
"ordinal")
 VALUES ('8e93ad58-2703-39bf-89ea-4c3edf162005', 
'fc919462-03c7-38cf-9a00-d710c78e212e', 
false, 
0);
INSERT INTO "mendixsystem$index" ("id", 
"table_id", 
"index_name")
 VALUES ('d191c7dc-b4b8-3d6a-8400-f622498c20e9', 
'07cd309e-6e22-4bff-8f7f-1d222c662848', 
'idx_xlsreport$mxtemplate_system$owner');
INSERT INTO "mendixsystem$index_column" ("index_id", 
"column_id", 
"sort_order", 
"ordinal")
 VALUES ('d191c7dc-b4b8-3d6a-8400-f622498c20e9', 
'c7545b6c-6d16-3d18-9031-5b6c27df23e9', 
false, 
0);
INSERT INTO "mendixsystem$association" ("id", 
"association_name", 
"table_name", 
"parent_entity_id", 
"child_entity_id", 
"parent_column_name", 
"child_column_name")
 VALUES ('fc919462-03c7-38cf-9a00-d710c78e212e', 
'System.changedBy', 
'system$changedby', 
'07cd309e-6e22-4bff-8f7f-1d222c662848', 
'282e2e60-88a5-469d-84a5-ba8d9151644f', 
'id', 
'system$changedby');
INSERT INTO "mendixsystem$association" ("id", 
"association_name", 
"table_name", 
"parent_entity_id", 
"child_entity_id", 
"parent_column_name", 
"child_column_name")
 VALUES ('c7545b6c-6d16-3d18-9031-5b6c27df23e9', 
'System.owner', 
'system$owner', 
'07cd309e-6e22-4bff-8f7f-1d222c662848', 
'282e2e60-88a5-469d-84a5-ba8d9151644f', 
'id', 
'system$owner');
CREATE TABLE "xlsreport$mxtemplate_inputobject" (
	"xlsreport$mxtemplateid" BIGINT NOT NULL,
	"mxmodelreflection$mxobjecttypeid" BIGINT NOT NULL,
	PRIMARY KEY("xlsreport$mxtemplateid","mxmodelreflection$mxobjecttypeid"),
	CONSTRAINT "uniq_xlsreport$mxtemplate_inputobject_xlsreport$mxtemplateid" UNIQUE ("xlsreport$mxtemplateid"));
CREATE INDEX "idx_xlsreport$mxtemplate_inputobject_mxmodelreflection$mxobjecttype_xlsreport$mxtemplate" ON "xlsreport$mxtemplate_inputobject" ("mxmodelreflection$mxobjecttypeid" ASC,"xlsreport$mxtemplateid" ASC);
INSERT INTO "mendixsystem$association" ("id", 
"association_name", 
"table_name", 
"parent_entity_id", 
"child_entity_id", 
"parent_column_name", 
"child_column_name", 
"index_name")
 VALUES ('c2147d15-7f0d-46ef-9fbb-f86bbf5aff55', 
'XLSReport.MxTemplate_InputObject', 
'xlsreport$mxtemplate_inputobject', 
'07cd309e-6e22-4bff-8f7f-1d222c662848', 
'15538b45-c4aa-496f-9338-f4ea71562e86', 
'xlsreport$mxtemplateid', 
'mxmodelreflection$mxobjecttypeid', 
'idx_xlsreport$mxtemplate_inputobject_mxmodelreflection$mxobjecttype_xlsreport$mxtemplate');
INSERT INTO "mendixsystem$unique_constraint" ("name", 
"table_id", 
"column_id")
 VALUES ('uniq_xlsreport$mxtemplate_inputobject_xlsreport$mxtemplateid', 
'c2147d15-7f0d-46ef-9fbb-f86bbf5aff55', 
'750fdf7f-a210-3b8c-8ea5-0d4640ee0c90');
CREATE TABLE "xlsreport$mxtemplate_customexcel" (
	"xlsreport$mxtemplateid" BIGINT NOT NULL,
	"xlsreport$customexcelid" BIGINT NOT NULL,
	PRIMARY KEY("xlsreport$mxtemplateid","xlsreport$customexcelid"),
	CONSTRAINT "uniq_xlsreport$mxtemplate_customexcel_xlsreport$mxtemplateid" UNIQUE ("xlsreport$mxtemplateid"));
CREATE INDEX "idx_xlsreport$mxtemplate_customexcel_xlsreport$customexcel_xlsreport$mxtemplate" ON "xlsreport$mxtemplate_customexcel" ("xlsreport$customexcelid" ASC,"xlsreport$mxtemplateid" ASC);
INSERT INTO "mendixsystem$association" ("id", 
"association_name", 
"table_name", 
"parent_entity_id", 
"child_entity_id", 
"parent_column_name", 
"child_column_name", 
"index_name")
 VALUES ('97fd2ef4-8da6-41a9-a78b-d53928af2b8d', 
'XLSReport.MxTemplate_CustomExcel', 
'xlsreport$mxtemplate_customexcel', 
'07cd309e-6e22-4bff-8f7f-1d222c662848', 
'9910eca1-28fe-4291-9792-57faa31e89da', 
'xlsreport$mxtemplateid', 
'xlsreport$customexcelid', 
'idx_xlsreport$mxtemplate_customexcel_xlsreport$customexcel_xlsreport$mxtemplate');
INSERT INTO "mendixsystem$unique_constraint" ("name", 
"table_id", 
"column_id")
 VALUES ('uniq_xlsreport$mxtemplate_customexcel_xlsreport$mxtemplateid', 
'97fd2ef4-8da6-41a9-a78b-d53928af2b8d', 
'688e5f32-f947-3cab-9aa7-b3c97a5aae3d');
CREATE TABLE "ugs$testquestions" (
	"id" BIGINT NOT NULL,
	"chosenanswer" VARCHAR_IGNORECASE(1) NULL,
	"answer" INT NULL,
	"option_d_value" VARCHAR_IGNORECASE(200) NULL,
	"option_a_value" VARCHAR_IGNORECASE(200) NULL,
	"createddate" TIMESTAMP NULL,
	"question" VARCHAR_IGNORECASE(200) NULL,
	"option_b_value" VARCHAR_IGNORECASE(200) NULL,
	"option_c_value" VARCHAR_IGNORECASE(200) NULL,
	"qnumber" INT NULL,
	"rightanswer" VARCHAR_IGNORECASE(1) NULL,
	PRIMARY KEY("id"));
INSERT INTO "mendixsystem$entity" ("id", 
"entity_name", 
"table_name", 
"remote", 
"remote_primary_key")
 VALUES ('a7ae9e1e-40c6-491c-98b2-40a6c8851704', 
'UGS.TestQuestions', 
'ugs$testquestions', 
false, 
false);
INSERT INTO "mendixsystem$attribute" ("id", 
"entity_id", 
"attribute_name", 
"column_name", 
"type", 
"length", 
"default_value", 
"is_auto_number")
 VALUES ('70de658b-68c7-409a-b1da-19729d429d75', 
'a7ae9e1e-40c6-491c-98b2-40a6c8851704', 
'ChosenAnswer', 
'chosenanswer', 
40, 
1, 
'', 
false);
INSERT INTO "mendixsystem$attribute" ("id", 
"entity_id", 
"attribute_name", 
"column_name", 
"type", 
"length", 
"default_value", 
"is_auto_number")
 VALUES ('af5353d9-5b3c-4d5f-a07b-8b941843d6a1', 
'a7ae9e1e-40c6-491c-98b2-40a6c8851704', 
'Answer', 
'answer', 
3, 
0, 
'0', 
false);
INSERT INTO "mendixsystem$attribute" ("id", 
"entity_id", 
"attribute_name", 
"column_name", 
"type", 
"length", 
"default_value", 
"is_auto_number")
 VALUES ('c9343889-8e11-4756-96d2-211c434fc37f', 
'a7ae9e1e-40c6-491c-98b2-40a6c8851704', 
'Option_D_Value', 
'option_d_value', 
30, 
200, 
'', 
false);
INSERT INTO "mendixsystem$attribute" ("id", 
"entity_id", 
"attribute_name", 
"column_name", 
"type", 
"length", 
"default_value", 
"is_auto_number")
 VALUES ('3878e6b5-09b8-42d5-aaa2-d89d12bd0d2b', 
'a7ae9e1e-40c6-491c-98b2-40a6c8851704', 
'Option_A_Value', 
'option_a_value', 
30, 
200, 
'', 
false);
INSERT INTO "mendixsystem$attribute" ("id", 
"entity_id", 
"attribute_name", 
"column_name", 
"type", 
"length", 
"default_value", 
"is_auto_number")
 VALUES ('e4fcb580-27dd-3cf4-bcbf-14301194390f', 
'a7ae9e1e-40c6-491c-98b2-40a6c8851704', 
'createdDate', 
'createddate', 
20, 
0, 
'', 
false);
INSERT INTO "mendixsystem$attribute" ("id", 
"entity_id", 
"attribute_name", 
"column_name", 
"type", 
"length", 
"default_value", 
"is_auto_number")
 VALUES ('44ccca08-0146-40b4-bd9e-ef06c2b08222', 
'a7ae9e1e-40c6-491c-98b2-40a6c8851704', 
'Question', 
'question', 
30, 
200, 
'', 
false);
INSERT INTO "mendixsystem$attribute" ("id", 
"entity_id", 
"attribute_name", 
"column_name", 
"type", 
"length", 
"default_value", 
"is_auto_number")
 VALUES ('8fdb4897-acac-4f2a-9ac7-4f6d8d733cdf', 
'a7ae9e1e-40c6-491c-98b2-40a6c8851704', 
'Option_B_Value', 
'option_b_value', 
30, 
200, 
'', 
false);
INSERT INTO "mendixsystem$attribute" ("id", 
"entity_id", 
"attribute_name", 
"column_name", 
"type", 
"length", 
"default_value", 
"is_auto_number")
 VALUES ('21a815af-1d0f-4770-b41a-431226d22925', 
'a7ae9e1e-40c6-491c-98b2-40a6c8851704', 
'Option_C_Value', 
'option_c_value', 
30, 
200, 
'', 
false);
INSERT INTO "mendixsystem$attribute" ("id", 
"entity_id", 
"attribute_name", 
"column_name", 
"type", 
"length", 
"default_value", 
"is_auto_number")
 VALUES ('534ce956-b366-4293-b35a-b02f27ce6dbe', 
'a7ae9e1e-40c6-491c-98b2-40a6c8851704', 
'QNumber', 
'qnumber', 
3, 
0, 
'1', 
false);
INSERT INTO "mendixsystem$attribute" ("id", 
"entity_id", 
"attribute_name", 
"column_name", 
"type", 
"length", 
"default_value", 
"is_auto_number")
 VALUES ('315b3f0f-e809-403a-a0ac-47622f7d9c90', 
'a7ae9e1e-40c6-491c-98b2-40a6c8851704', 
'RightAnswer', 
'rightanswer', 
40, 
1, 
'A', 
false);
CREATE TABLE "ugs$testquestions_test" (
	"ugs$testquestionsid" BIGINT NOT NULL,
	"ugs$testid" BIGINT NOT NULL,
	PRIMARY KEY("ugs$testquestionsid","ugs$testid"),
	CONSTRAINT "uniq_ugs$testquestions_test_ugs$testquestionsid" UNIQUE ("ugs$testquestionsid"));
CREATE INDEX "idx_ugs$testquestions_test_ugs$test_ugs$testquestions" ON "ugs$testquestions_test" ("ugs$testid" ASC,"ugs$testquestionsid" ASC);
INSERT INTO "mendixsystem$association" ("id", 
"association_name", 
"table_name", 
"parent_entity_id", 
"child_entity_id", 
"parent_column_name", 
"child_column_name", 
"index_name")
 VALUES ('9086f8c5-b251-4d7d-9bd8-397ffb82c64a', 
'UGS.TestQuestions_Test', 
'ugs$testquestions_test', 
'a7ae9e1e-40c6-491c-98b2-40a6c8851704', 
'aa12fb20-565e-448d-9381-01d99b093c53', 
'ugs$testquestionsid', 
'ugs$testid', 
'idx_ugs$testquestions_test_ugs$test_ugs$testquestions');
INSERT INTO "mendixsystem$unique_constraint" ("name", 
"table_id", 
"column_id")
 VALUES ('uniq_ugs$testquestions_test_ugs$testquestionsid', 
'9086f8c5-b251-4d7d-9bd8-397ffb82c64a', 
'bf097bd5-25df-35dc-80d9-bf470c83b4e5');
CREATE TABLE "ugs$progressupdate" (
	"id" BIGINT NOT NULL,
	"startdate" TIMESTAMP NULL,
	"applicantname" VARCHAR_IGNORECASE(200) NULL,
	"grantid" INT NULL,
	"enddate" TIMESTAMP NULL,
	"grantname" VARCHAR_IGNORECASE(200) NULL,
	PRIMARY KEY("id"));
INSERT INTO "mendixsystem$entity" ("id", 
"entity_name", 
"table_name", 
"remote", 
"remote_primary_key")
 VALUES ('723b252b-ebaf-4021-b28e-607d596abda3', 
'UGS.ProgressUpdate', 
'ugs$progressupdate', 
false, 
false);
INSERT INTO "mendixsystem$attribute" ("id", 
"entity_id", 
"attribute_name", 
"column_name", 
"type", 
"length", 
"default_value", 
"is_auto_number")
 VALUES ('3a6a712e-f4be-4bac-bb7f-6600c6361330', 
'723b252b-ebaf-4021-b28e-607d596abda3', 
'StartDate', 
'startdate', 
20, 
0, 
'', 
false);
INSERT INTO "mendixsystem$attribute" ("id", 
"entity_id", 
"attribute_name", 
"column_name", 
"type", 
"length", 
"default_value", 
"is_auto_number")
 VALUES ('01b6a51b-4e87-4955-971f-898a6729aba7', 
'723b252b-ebaf-4021-b28e-607d596abda3', 
'ApplicantName', 
'applicantname', 
30, 
200, 
'', 
false);
INSERT INTO "mendixsystem$attribute" ("id", 
"entity_id", 
"attribute_name", 
"column_name", 
"type", 
"length", 
"default_value", 
"is_auto_number")
 VALUES ('f105ef13-8159-4891-9cc6-00b45c3857f4', 
'723b252b-ebaf-4021-b28e-607d596abda3', 
'GrantID', 
'grantid', 
3, 
0, 
'', 
false);
INSERT INTO "mendixsystem$attribute" ("id", 
"entity_id", 
"attribute_name", 
"column_name", 
"type", 
"length", 
"default_value", 
"is_auto_number")
 VALUES ('60904807-c4d3-49ba-ae77-0b45f3f2798c', 
'723b252b-ebaf-4021-b28e-607d596abda3', 
'EndDate', 
'enddate', 
20, 
0, 
'', 
false);
INSERT INTO "mendixsystem$attribute" ("id", 
"entity_id", 
"attribute_name", 
"column_name", 
"type", 
"length", 
"default_value", 
"is_auto_number")
 VALUES ('f1599770-64e9-4571-a7b1-f668e4d51db0', 
'723b252b-ebaf-4021-b28e-607d596abda3', 
'GrantName', 
'grantname', 
30, 
200, 
'', 
false);
CREATE TABLE "imap_pop3_email$attachment" (
	"id" BIGINT NOT NULL,
	"position" VARCHAR_IGNORECASE(10) NULL,
	"contentid" VARCHAR_IGNORECASE(2147483647) NULL,
	PRIMARY KEY("id"));
INSERT INTO "mendixsystem$entity" ("id", 
"entity_name", 
"table_name", 
"superentity_id", 
"remote", 
"remote_primary_key")
 VALUES ('82a77566-281f-463e-8f75-2d9a42f21eaf', 
'IMAP_POP3_email.Attachment', 
'imap_pop3_email$attachment', 
'170ce49d-f29c-4fac-99a6-b55e8a3aeb39', 
false, 
false);
INSERT INTO "mendixsystem$attribute" ("id", 
"entity_id", 
"attribute_name", 
"column_name", 
"type", 
"length", 
"default_value", 
"is_auto_number")
 VALUES ('6fda888c-785a-42bb-86d9-8f13e7acdf4e', 
'82a77566-281f-463e-8f75-2d9a42f21eaf', 
'Position', 
'position', 
40, 
10, 
'Attachment', 
false);
INSERT INTO "mendixsystem$attribute" ("id", 
"entity_id", 
"attribute_name", 
"column_name", 
"type", 
"length", 
"default_value", 
"is_auto_number")
 VALUES ('0d6e5d9e-37d3-43e3-8aca-132aae8cb26b', 
'82a77566-281f-463e-8f75-2d9a42f21eaf', 
'ContentID', 
'contentid', 
30, 
0, 
'', 
false);
CREATE TABLE "imap_pop3_email$attachment_emailmessage" (
	"imap_pop3_email$attachmentid" BIGINT NOT NULL,
	"imap_pop3_email$emailmessageid" BIGINT NOT NULL,
	PRIMARY KEY("imap_pop3_email$attachmentid","imap_pop3_email$emailmessageid"),
	CONSTRAINT "uniq_imap_pop3_email$attachment_emailmessage_imap_pop3_email$attachmentid" UNIQUE ("imap_pop3_email$attachmentid"));
CREATE INDEX "idx_imap_pop3_email$attachment_emailmessage_imap_pop3_email$emailmessage_imap_pop3_email$attachment" ON "imap_pop3_email$attachment_emailmessage" ("imap_pop3_email$emailmessageid" ASC,"imap_pop3_email$attachmentid" ASC);
INSERT INTO "mendixsystem$association" ("id", 
"association_name", 
"table_name", 
"parent_entity_id", 
"child_entity_id", 
"parent_column_name", 
"child_column_name", 
"index_name")
 VALUES ('4cb5290c-0fdd-436d-831c-bb16cf38b287', 
'IMAP_POP3_email.Attachment_EmailMessage', 
'imap_pop3_email$attachment_emailmessage', 
'82a77566-281f-463e-8f75-2d9a42f21eaf', 
'0a2b1af3-b939-4cf0-9087-d8f379870908', 
'imap_pop3_email$attachmentid', 
'imap_pop3_email$emailmessageid', 
'idx_imap_pop3_email$attachment_emailmessage_imap_pop3_email$emailmessage_imap_pop3_email$attachment');
INSERT INTO "mendixsystem$unique_constraint" ("name", 
"table_id", 
"column_id")
 VALUES ('uniq_imap_pop3_email$attachment_emailmessage_imap_pop3_email$attachmentid', 
'4cb5290c-0fdd-436d-831c-bb16cf38b287', 
'94442fd7-4783-3196-acd8-bb033aa78195');
CREATE TABLE "dynamicform$status" (
	"id" BIGINT NOT NULL,
	"statusname" VARCHAR_IGNORECASE(200) NULL,
	PRIMARY KEY("id"));
INSERT INTO "mendixsystem$entity" ("id", 
"entity_name", 
"table_name", 
"remote", 
"remote_primary_key")
 VALUES ('91cbfcb9-f3ee-4738-9ed0-d5c1f41a8396', 
'DynamicForm.Status', 
'dynamicform$status', 
false, 
false);
INSERT INTO "mendixsystem$attribute" ("id", 
"entity_id", 
"attribute_name", 
"column_name", 
"type", 
"length", 
"default_value", 
"is_auto_number")
 VALUES ('cd6637e7-88ab-4a2f-975f-ef24a6ff9120', 
'91cbfcb9-f3ee-4738-9ed0-d5c1f41a8396', 
'StatusName', 
'statusname', 
30, 
200, 
'', 
false);
CREATE TABLE "dynamicform$status_workflowroles" (
	"dynamicform$statusid" BIGINT NOT NULL,
	"dynamicform$workflowrolesid" BIGINT NOT NULL,
	PRIMARY KEY("dynamicform$statusid","dynamicform$workflowrolesid"),
	CONSTRAINT "uniq_dynamicform$status_workflowroles_dynamicform$workflowrolesid" UNIQUE ("dynamicform$workflowrolesid"),
	CONSTRAINT "uniq_dynamicform$status_workflowroles_dynamicform$statusid" UNIQUE ("dynamicform$statusid"));
CREATE INDEX "idx_dynamicform$status_workflowroles_dynamicform$workflowroles_dynamicform$status" ON "dynamicform$status_workflowroles" ("dynamicform$workflowrolesid" ASC,"dynamicform$statusid" ASC);
INSERT INTO "mendixsystem$association" ("id", 
"association_name", 
"table_name", 
"parent_entity_id", 
"child_entity_id", 
"parent_column_name", 
"child_column_name", 
"index_name")
 VALUES ('7abfeefe-3474-4b79-b22e-99eac6f78905', 
'DynamicForm.Status_WorkflowRoles', 
'dynamicform$status_workflowroles', 
'91cbfcb9-f3ee-4738-9ed0-d5c1f41a8396', 
'a2b82c8c-8d38-4c49-b534-d88e3e433018', 
'dynamicform$statusid', 
'dynamicform$workflowrolesid', 
'idx_dynamicform$status_workflowroles_dynamicform$workflowroles_dynamicform$status');
INSERT INTO "mendixsystem$unique_constraint" ("name", 
"table_id", 
"column_id")
 VALUES ('uniq_dynamicform$status_workflowroles_dynamicform$workflowrolesid', 
'7abfeefe-3474-4b79-b22e-99eac6f78905', 
'56c37092-031f-367e-8097-7ed4dc14c6c0');
INSERT INTO "mendixsystem$unique_constraint" ("name", 
"table_id", 
"column_id")
 VALUES ('uniq_dynamicform$status_workflowroles_dynamicform$statusid', 
'7abfeefe-3474-4b79-b22e-99eac6f78905', 
'673b6baa-bc39-35c3-a26f-edae46499204');
CREATE TABLE "administration$account_organization" (
	"administration$accountid" BIGINT NOT NULL,
	"ugs$organizationid" BIGINT NOT NULL,
	PRIMARY KEY("administration$accountid","ugs$organizationid"),
	CONSTRAINT "uniq_administration$account_organization_administration$accountid" UNIQUE ("administration$accountid"));
CREATE INDEX "idx_administration$account_organization_ugs$organization_administration$account" ON "administration$account_organization" ("ugs$organizationid" ASC,"administration$accountid" ASC);
INSERT INTO "mendixsystem$association" ("id", 
"association_name", 
"table_name", 
"parent_entity_id", 
"child_entity_id", 
"parent_column_name", 
"child_column_name", 
"index_name")
 VALUES ('a67ebb78-ae13-4113-80ef-dd96a03b3ea4', 
'Administration.Account_Organization', 
'administration$account_organization', 
'3078a23e-13b2-4a9b-84e4-2881fdee53c6', 
'09d4ff91-0f1b-4f3e-ba3f-5afcb2d0fcbe', 
'administration$accountid', 
'ugs$organizationid', 
'idx_administration$account_organization_ugs$organization_administration$account');
INSERT INTO "mendixsystem$unique_constraint" ("name", 
"table_id", 
"column_id")
 VALUES ('uniq_administration$account_organization_administration$accountid', 
'a67ebb78-ae13-4113-80ef-dd96a03b3ea4', 
'a99a4761-0997-3bc9-aa63-6259c67b64ec');
CREATE TABLE "ugs$order" (
	"id" BIGINT NOT NULL,
	"customername" VARCHAR_IGNORECASE(200) NULL,
	"orderid" BIGINT NULL,
	PRIMARY KEY("id"));
CREATE SEQUENCE "ugs$order_orderid_mxseq" AS BIGINT START WITH 1;
INSERT INTO "mendixsystem$entity" ("id", 
"entity_name", 
"table_name", 
"remote", 
"remote_primary_key")
 VALUES ('55ab4934-66fd-472c-8a9c-d58cb29da1df', 
'UGS.Order', 
'ugs$order', 
false, 
false);
INSERT INTO "mendixsystem$attribute" ("id", 
"entity_id", 
"attribute_name", 
"column_name", 
"type", 
"length", 
"default_value", 
"is_auto_number")
 VALUES ('abda9da0-b431-4606-8164-70e45c1f4c65', 
'55ab4934-66fd-472c-8a9c-d58cb29da1df', 
'CustomerName', 
'customername', 
30, 
200, 
'', 
false);
INSERT INTO "mendixsystem$attribute" ("id", 
"entity_id", 
"attribute_name", 
"column_name", 
"type", 
"length", 
"default_value", 
"is_auto_number")
 VALUES ('7faf6281-2514-4703-bf92-3c4fc5975a4f', 
'55ab4934-66fd-472c-8a9c-d58cb29da1df', 
'OrderID', 
'orderid', 
0, 
0, 
'1', 
true);
INSERT INTO "mendixsystem$sequence" ("attribute_id", 
"name", 
"start_value", 
"current_value")
 VALUES ('7faf6281-2514-4703-bf92-3c4fc5975a4f', 
'ugs$order_orderid_mxseq', 
1, 
0);
CREATE TABLE "ugs$history_grantsystem" (
	"ugs$historyid" BIGINT NOT NULL,
	"ugs$grantsystemid" BIGINT NOT NULL,
	PRIMARY KEY("ugs$historyid","ugs$grantsystemid"),
	CONSTRAINT "uniq_ugs$history_grantsystem_ugs$grantsystemid" UNIQUE ("ugs$grantsystemid"),
	CONSTRAINT "uniq_ugs$history_grantsystem_ugs$historyid" UNIQUE ("ugs$historyid"));
CREATE INDEX "idx_ugs$history_grantsystem_ugs$grantsystem_ugs$history" ON "ugs$history_grantsystem" ("ugs$grantsystemid" ASC,"ugs$historyid" ASC);
INSERT INTO "mendixsystem$association" ("id", 
"association_name", 
"table_name", 
"parent_entity_id", 
"child_entity_id", 
"parent_column_name", 
"child_column_name", 
"index_name")
 VALUES ('f89a99e9-0c64-458b-8201-6e96866b6c9e', 
'UGS.History_GrantSystem', 
'ugs$history_grantsystem', 
'e70f3c9e-bd90-43f9-ad40-9ae4878cc803', 
'ba9d4296-9a81-4e9d-af93-a6f38307e8d2', 
'ugs$historyid', 
'ugs$grantsystemid', 
'idx_ugs$history_grantsystem_ugs$grantsystem_ugs$history');
INSERT INTO "mendixsystem$unique_constraint" ("name", 
"table_id", 
"column_id")
 VALUES ('uniq_ugs$history_grantsystem_ugs$grantsystemid', 
'f89a99e9-0c64-458b-8201-6e96866b6c9e', 
'45421414-7805-34e2-8b6c-e5eb56d7eaaf');
INSERT INTO "mendixsystem$unique_constraint" ("name", 
"table_id", 
"column_id")
 VALUES ('uniq_ugs$history_grantsystem_ugs$historyid', 
'f89a99e9-0c64-458b-8201-6e96866b6c9e', 
'32dc8a24-b924-33ee-9652-f192abe8c389');
CREATE TABLE "ugs$review_history" (
	"ugs$historyid" BIGINT NOT NULL,
	"ugs$grantsystemid" BIGINT NOT NULL,
	PRIMARY KEY("ugs$historyid","ugs$grantsystemid"),
	CONSTRAINT "uniq_ugs$review_history_ugs$historyid" UNIQUE ("ugs$historyid"));
CREATE INDEX "idx_ugs$review_history_ugs$grantsystem_ugs$history" ON "ugs$review_history" ("ugs$grantsystemid" ASC,"ugs$historyid" ASC);
INSERT INTO "mendixsystem$association" ("id", 
"association_name", 
"table_name", 
"parent_entity_id", 
"child_entity_id", 
"parent_column_name", 
"child_column_name", 
"index_name")
 VALUES ('223158dd-8878-4ba6-8cbe-7a6273647b4c', 
'UGS.Review_History', 
'ugs$review_history', 
'e70f3c9e-bd90-43f9-ad40-9ae4878cc803', 
'ba9d4296-9a81-4e9d-af93-a6f38307e8d2', 
'ugs$historyid', 
'ugs$grantsystemid', 
'idx_ugs$review_history_ugs$grantsystem_ugs$history');
INSERT INTO "mendixsystem$unique_constraint" ("name", 
"table_id", 
"column_id")
 VALUES ('uniq_ugs$review_history_ugs$historyid', 
'223158dd-8878-4ba6-8cbe-7a6273647b4c', 
'6b1a0c91-5a7a-36c9-b757-0086331923d4');
CREATE TABLE "ugs$filedocument" (
	"id" BIGINT NOT NULL,
	PRIMARY KEY("id"));
INSERT INTO "mendixsystem$entity" ("id", 
"entity_name", 
"table_name", 
"superentity_id", 
"remote", 
"remote_primary_key")
 VALUES ('7bb84df3-efc9-4712-a70b-7708ccfdf80a', 
'UGS.FileDocument', 
'ugs$filedocument', 
'170ce49d-f29c-4fac-99a6-b55e8a3aeb39', 
false, 
false);
CREATE TABLE "ugs$filedocument_casemangement" (
	"ugs$filedocumentid" BIGINT NOT NULL,
	"ugs$casemangementid" BIGINT NOT NULL,
	PRIMARY KEY("ugs$filedocumentid","ugs$casemangementid"),
	CONSTRAINT "uniq_ugs$filedocument_casemangement_ugs$casemangementid" UNIQUE ("ugs$casemangementid"),
	CONSTRAINT "uniq_ugs$filedocument_casemangement_ugs$filedocumentid" UNIQUE ("ugs$filedocumentid"));
CREATE INDEX "idx_ugs$filedocument_casemangement_ugs$casemangement_ugs$filedocument" ON "ugs$filedocument_casemangement" ("ugs$casemangementid" ASC,"ugs$filedocumentid" ASC);
INSERT INTO "mendixsystem$association" ("id", 
"association_name", 
"table_name", 
"parent_entity_id", 
"child_entity_id", 
"parent_column_name", 
"child_column_name", 
"index_name")
 VALUES ('8fa6cf0d-400e-4ff6-9387-17c849f96269', 
'UGS.FileDocument_CaseMangement', 
'ugs$filedocument_casemangement', 
'7bb84df3-efc9-4712-a70b-7708ccfdf80a', 
'f4a695f5-122b-46a4-9acd-8cf14e8ba8ef', 
'ugs$filedocumentid', 
'ugs$casemangementid', 
'idx_ugs$filedocument_casemangement_ugs$casemangement_ugs$filedocument');
INSERT INTO "mendixsystem$unique_constraint" ("name", 
"table_id", 
"column_id")
 VALUES ('uniq_ugs$filedocument_casemangement_ugs$casemangementid', 
'8fa6cf0d-400e-4ff6-9387-17c849f96269', 
'668d286f-2294-3cd5-af71-7e2ce47c8cff');
INSERT INTO "mendixsystem$unique_constraint" ("name", 
"table_id", 
"column_id")
 VALUES ('uniq_ugs$filedocument_casemangement_ugs$filedocumentid', 
'8fa6cf0d-400e-4ff6-9387-17c849f96269', 
'52f06a74-ee7f-3190-ab36-ee10513af0b6');
CREATE TABLE "xlsreport$mxstatic" (
	"id" BIGINT NOT NULL,
	"columnplace" INT NULL,
	"rowplace" INT NULL,
	"statictype" VARCHAR_IGNORECASE(12) NULL,
	"aggregatefunction" VARCHAR_IGNORECASE(7) NULL,
	PRIMARY KEY("id"));
INSERT INTO "mendixsystem$entity" ("id", 
"entity_name", 
"table_name", 
"superentity_id", 
"remote", 
"remote_primary_key")
 VALUES ('86d16865-74bf-450c-b5d5-7b2ea2df59cf', 
'XLSReport.MxStatic', 
'xlsreport$mxstatic', 
'8e75d9d3-d036-43ec-90aa-c2e4e84b749a', 
false, 
false);
INSERT INTO "mendixsystem$attribute" ("id", 
"entity_id", 
"attribute_name", 
"column_name", 
"type", 
"length", 
"default_value", 
"is_auto_number")
 VALUES ('c70e9630-145c-4c20-bd30-0a949408ee50', 
'86d16865-74bf-450c-b5d5-7b2ea2df59cf', 
'ColumnPlace', 
'columnplace', 
3, 
0, 
'0', 
false);
INSERT INTO "mendixsystem$attribute" ("id", 
"entity_id", 
"attribute_name", 
"column_name", 
"type", 
"length", 
"default_value", 
"is_auto_number")
 VALUES ('30859b62-2d52-4886-a7f9-096e4c213591', 
'86d16865-74bf-450c-b5d5-7b2ea2df59cf', 
'RowPlace', 
'rowplace', 
3, 
0, 
'0', 
false);
INSERT INTO "mendixsystem$attribute" ("id", 
"entity_id", 
"attribute_name", 
"column_name", 
"type", 
"length", 
"default_value", 
"is_auto_number")
 VALUES ('b22a1c97-6717-4ce6-b73b-4e48713ed926', 
'86d16865-74bf-450c-b5d5-7b2ea2df59cf', 
'StaticType', 
'statictype', 
40, 
12, 
'', 
false);
INSERT INTO "mendixsystem$attribute" ("id", 
"entity_id", 
"attribute_name", 
"column_name", 
"type", 
"length", 
"default_value", 
"is_auto_number")
 VALUES ('7c8c8cea-f076-4b11-8fe2-adbdd673bd77', 
'86d16865-74bf-450c-b5d5-7b2ea2df59cf', 
'AggregateFunction', 
'aggregatefunction', 
40, 
7, 
'', 
false);
CREATE TABLE "xlsreport$mxstatic_mxcolumn" (
	"xlsreport$mxstaticid" BIGINT NOT NULL,
	"xlsreport$mxcolumnid" BIGINT NOT NULL,
	PRIMARY KEY("xlsreport$mxstaticid","xlsreport$mxcolumnid"),
	CONSTRAINT "uniq_xlsreport$mxstatic_mxcolumn_xlsreport$mxstaticid" UNIQUE ("xlsreport$mxstaticid"));
CREATE INDEX "idx_xlsreport$mxstatic_mxcolumn_xlsreport$mxcolumn_xlsreport$mxstatic" ON "xlsreport$mxstatic_mxcolumn" ("xlsreport$mxcolumnid" ASC,"xlsreport$mxstaticid" ASC);
INSERT INTO "mendixsystem$association" ("id", 
"association_name", 
"table_name", 
"parent_entity_id", 
"child_entity_id", 
"parent_column_name", 
"child_column_name", 
"index_name")
 VALUES ('1c6efdce-2159-4893-b6aa-46854f278c79', 
'XLSReport.MxStatic_MxColumn', 
'xlsreport$mxstatic_mxcolumn', 
'86d16865-74bf-450c-b5d5-7b2ea2df59cf', 
'8e1bccb1-cfa3-4764-a17a-c0d9dd78ca86', 
'xlsreport$mxstaticid', 
'xlsreport$mxcolumnid', 
'idx_xlsreport$mxstatic_mxcolumn_xlsreport$mxcolumn_xlsreport$mxstatic');
INSERT INTO "mendixsystem$unique_constraint" ("name", 
"table_id", 
"column_id")
 VALUES ('uniq_xlsreport$mxstatic_mxcolumn_xlsreport$mxstaticid', 
'1c6efdce-2159-4893-b6aa-46854f278c79', 
'084c4be7-eaa3-34c6-a91f-f5c413f7a140');
CREATE TABLE "xlsreport$mxstatic_mxobjectmember" (
	"xlsreport$mxstaticid" BIGINT NOT NULL,
	"mxmodelreflection$mxobjectmemberid" BIGINT NOT NULL,
	PRIMARY KEY("xlsreport$mxstaticid","mxmodelreflection$mxobjectmemberid"),
	CONSTRAINT "uniq_xlsreport$mxstatic_mxobjectmember_xlsreport$mxstaticid" UNIQUE ("xlsreport$mxstaticid"));
CREATE INDEX "idx_xlsreport$mxstatic_mxobjectmember_mxmodelreflection$mxobjectmember_xlsreport$mxstatic" ON "xlsreport$mxstatic_mxobjectmember" ("mxmodelreflection$mxobjectmemberid" ASC,"xlsreport$mxstaticid" ASC);
INSERT INTO "mendixsystem$association" ("id", 
"association_name", 
"table_name", 
"parent_entity_id", 
"child_entity_id", 
"parent_column_name", 
"child_column_name", 
"index_name")
 VALUES ('97aab241-bb76-4c7a-88bd-87b5e565221d', 
'XLSReport.MxStatic_MxObjectMember', 
'xlsreport$mxstatic_mxobjectmember', 
'86d16865-74bf-450c-b5d5-7b2ea2df59cf', 
'72dd548e-d31d-4f2e-a30b-6552def7478e', 
'xlsreport$mxstaticid', 
'mxmodelreflection$mxobjectmemberid', 
'idx_xlsreport$mxstatic_mxobjectmember_mxmodelreflection$mxobjectmember_xlsreport$mxstatic');
INSERT INTO "mendixsystem$unique_constraint" ("name", 
"table_id", 
"column_id")
 VALUES ('uniq_xlsreport$mxstatic_mxobjectmember_xlsreport$mxstaticid', 
'97aab241-bb76-4c7a-88bd-87b5e565221d', 
'f249de92-1b83-346c-9ed8-675a837539b7');
CREATE TABLE "imap_pop3_email$emailmessage" (
	"id" BIGINT NOT NULL,
	"cc" VARCHAR_IGNORECASE(2147483647) NULL,
	"bcc" VARCHAR_IGNORECASE(2147483647) NULL,
	"retrievedate" TIMESTAMP NULL,
	"attachmentamount" INT NULL,
	"content" VARCHAR_IGNORECASE(2147483647) NULL,
	"ishtml" BOOLEAN NULL,
	"size" INT NULL,
	"senddate" TIMESTAMP NULL,
	"from" VARCHAR_IGNORECASE(2147483647) NULL,
	"to" VARCHAR_IGNORECASE(2147483647) NULL,
	"hasattachments" BOOLEAN NULL,
	"subject" VARCHAR_IGNORECASE(2147483647) NULL,
	PRIMARY KEY("id"));
INSERT INTO "mendixsystem$entity" ("id", 
"entity_name", 
"table_name", 
"remote", 
"remote_primary_key")
 VALUES ('0a2b1af3-b939-4cf0-9087-d8f379870908', 
'IMAP_POP3_email.EmailMessage', 
'imap_pop3_email$emailmessage', 
false, 
false);
INSERT INTO "mendixsystem$attribute" ("id", 
"entity_id", 
"attribute_name", 
"column_name", 
"type", 
"length", 
"default_value", 
"is_auto_number")
 VALUES ('38698697-27bb-4cda-9fac-851107d9fafa', 
'0a2b1af3-b939-4cf0-9087-d8f379870908', 
'CC', 
'cc', 
30, 
0, 
'', 
false);
INSERT INTO "mendixsystem$attribute" ("id", 
"entity_id", 
"attribute_name", 
"column_name", 
"type", 
"length", 
"default_value", 
"is_auto_number")
 VALUES ('e9a0baad-48a8-49a8-b5ab-bb935b7d6f2d', 
'0a2b1af3-b939-4cf0-9087-d8f379870908', 
'BCC', 
'bcc', 
30, 
0, 
'', 
false);
INSERT INTO "mendixsystem$attribute" ("id", 
"entity_id", 
"attribute_name", 
"column_name", 
"type", 
"length", 
"default_value", 
"is_auto_number")
 VALUES ('c9e6dd1f-2482-4165-bd4c-1e945897a278', 
'0a2b1af3-b939-4cf0-9087-d8f379870908', 
'RetrieveDate', 
'retrievedate', 
20, 
0, 
'', 
false);
INSERT INTO "mendixsystem$attribute" ("id", 
"entity_id", 
"attribute_name", 
"column_name", 
"type", 
"length", 
"default_value", 
"is_auto_number")
 VALUES ('0a71e54d-d03b-4d12-9ff6-1d4d874a7bf1', 
'0a2b1af3-b939-4cf0-9087-d8f379870908', 
'AttachmentAmount', 
'attachmentamount', 
3, 
0, 
'0', 
false);
INSERT INTO "mendixsystem$attribute" ("id", 
"entity_id", 
"attribute_name", 
"column_name", 
"type", 
"length", 
"default_value", 
"is_auto_number")
 VALUES ('d7ceddd0-20af-49dc-94c0-7a7607a603cf', 
'0a2b1af3-b939-4cf0-9087-d8f379870908', 
'Content', 
'content', 
30, 
0, 
'', 
false);
INSERT INTO "mendixsystem$attribute" ("id", 
"entity_id", 
"attribute_name", 
"column_name", 
"type", 
"length", 
"default_value", 
"is_auto_number")
 VALUES ('ae70da54-aa76-45b6-aa3e-ca3351ae3b25', 
'0a2b1af3-b939-4cf0-9087-d8f379870908', 
'isHTML', 
'ishtml', 
10, 
0, 
'false', 
false);
INSERT INTO "mendixsystem$attribute" ("id", 
"entity_id", 
"attribute_name", 
"column_name", 
"type", 
"length", 
"default_value", 
"is_auto_number")
 VALUES ('ab8e2274-2f99-4e98-87d1-b996976af3bd', 
'0a2b1af3-b939-4cf0-9087-d8f379870908', 
'Size', 
'size', 
3, 
0, 
'0', 
false);
INSERT INTO "mendixsystem$attribute" ("id", 
"entity_id", 
"attribute_name", 
"column_name", 
"type", 
"length", 
"default_value", 
"is_auto_number")
 VALUES ('1c509c1d-77f5-48f5-8ee0-26c61381b8c1', 
'0a2b1af3-b939-4cf0-9087-d8f379870908', 
'Senddate', 
'senddate', 
20, 
0, 
'', 
false);
INSERT INTO "mendixsystem$attribute" ("id", 
"entity_id", 
"attribute_name", 
"column_name", 
"type", 
"length", 
"default_value", 
"is_auto_number")
 VALUES ('274b253f-c6b2-490d-b5c0-55a4ad34c161', 
'0a2b1af3-b939-4cf0-9087-d8f379870908', 
'From', 
'from', 
30, 
0, 
'', 
false);
INSERT INTO "mendixsystem$attribute" ("id", 
"entity_id", 
"attribute_name", 
"column_name", 
"type", 
"length", 
"default_value", 
"is_auto_number")
 VALUES ('1af1afe9-2b30-48a2-9eb3-438f7123cc86', 
'0a2b1af3-b939-4cf0-9087-d8f379870908', 
'To', 
'to', 
30, 
0, 
'', 
false);
INSERT INTO "mendixsystem$attribute" ("id", 
"entity_id", 
"attribute_name", 
"column_name", 
"type", 
"length", 
"default_value", 
"is_auto_number")
 VALUES ('c0e3238d-f04d-4fab-abf1-97e69e8df0b9', 
'0a2b1af3-b939-4cf0-9087-d8f379870908', 
'hasAttachments', 
'hasattachments', 
10, 
0, 
'false', 
false);
INSERT INTO "mendixsystem$attribute" ("id", 
"entity_id", 
"attribute_name", 
"column_name", 
"type", 
"length", 
"default_value", 
"is_auto_number")
 VALUES ('2fc22406-41a5-4178-9f48-7c7cf443b876', 
'0a2b1af3-b939-4cf0-9087-d8f379870908', 
'Subject', 
'subject', 
30, 
0, 
'', 
false);
CREATE TABLE "imap_pop3_email$emailmessage_emailaccount" (
	"imap_pop3_email$emailmessageid" BIGINT NOT NULL,
	"imap_pop3_email$emailaccountid" BIGINT NOT NULL,
	PRIMARY KEY("imap_pop3_email$emailmessageid","imap_pop3_email$emailaccountid"),
	CONSTRAINT "uniq_imap_pop3_email$emailmessage_emailaccount_imap_pop3_email$emailmessageid" UNIQUE ("imap_pop3_email$emailmessageid"));
CREATE INDEX "idx_imap_pop3_email$emailmessage_emailaccount_imap_pop3_email$emailaccount_imap_pop3_email$emailmessage" ON "imap_pop3_email$emailmessage_emailaccount" ("imap_pop3_email$emailaccountid" ASC,"imap_pop3_email$emailmessageid" ASC);
INSERT INTO "mendixsystem$association" ("id", 
"association_name", 
"table_name", 
"parent_entity_id", 
"child_entity_id", 
"parent_column_name", 
"child_column_name", 
"index_name")
 VALUES ('40deb171-2732-4daf-8754-3bcdf7cc2ff2', 
'IMAP_POP3_email.EmailMessage_EmailAccount', 
'imap_pop3_email$emailmessage_emailaccount', 
'0a2b1af3-b939-4cf0-9087-d8f379870908', 
'6ea5ae0e-a1f0-4432-99fb-0f53d8cc7aca', 
'imap_pop3_email$emailmessageid', 
'imap_pop3_email$emailaccountid', 
'idx_imap_pop3_email$emailmessage_emailaccount_imap_pop3_email$emailaccount_imap_pop3_email$emailmessage');
INSERT INTO "mendixsystem$unique_constraint" ("name", 
"table_id", 
"column_id")
 VALUES ('uniq_imap_pop3_email$emailmessage_emailaccount_imap_pop3_email$emailmessageid', 
'40deb171-2732-4daf-8754-3bcdf7cc2ff2', 
'7bffbe69-bdf9-30a5-b2cf-3ae227d4d1bf');
CREATE TABLE "xlsreport$mxcolumn" (
	"id" BIGINT NOT NULL,
	"dataaggregate" BOOLEAN NULL,
	"dataaggregatefunction" VARCHAR_IGNORECASE(7) NULL,
	"nameasheader" BOOLEAN NULL,
	"resultaggregatefunction" VARCHAR_IGNORECASE(7) NULL,
	"resultaggregate" BOOLEAN NULL,
	"columnnumber" INT NULL,
	"objectattribute" VARCHAR_IGNORECASE(200) NULL,
	PRIMARY KEY("id"));
INSERT INTO "mendixsystem$entity" ("id", 
"entity_name", 
"table_name", 
"superentity_id", 
"remote", 
"remote_primary_key")
 VALUES ('8e1bccb1-cfa3-4764-a17a-c0d9dd78ca86', 
'XLSReport.MxColumn', 
'xlsreport$mxcolumn', 
'8e75d9d3-d036-43ec-90aa-c2e4e84b749a', 
false, 
false);
INSERT INTO "mendixsystem$attribute" ("id", 
"entity_id", 
"attribute_name", 
"column_name", 
"type", 
"length", 
"default_value", 
"is_auto_number")
 VALUES ('fd75195b-518d-4860-9250-ae027995487a', 
'8e1bccb1-cfa3-4764-a17a-c0d9dd78ca86', 
'DataAggregate', 
'dataaggregate', 
10, 
0, 
'false', 
false);
INSERT INTO "mendixsystem$attribute" ("id", 
"entity_id", 
"attribute_name", 
"column_name", 
"type", 
"length", 
"default_value", 
"is_auto_number")
 VALUES ('82c88219-a1c8-4013-bab9-8f3fca0152d2', 
'8e1bccb1-cfa3-4764-a17a-c0d9dd78ca86', 
'DataAggregateFunction', 
'dataaggregatefunction', 
40, 
7, 
'', 
false);
INSERT INTO "mendixsystem$attribute" ("id", 
"entity_id", 
"attribute_name", 
"column_name", 
"type", 
"length", 
"default_value", 
"is_auto_number")
 VALUES ('ab0c8fdc-a690-4603-8df9-6e2bf6e4aa46', 
'8e1bccb1-cfa3-4764-a17a-c0d9dd78ca86', 
'NameAsHeader', 
'nameasheader', 
10, 
0, 
'true', 
false);
INSERT INTO "mendixsystem$attribute" ("id", 
"entity_id", 
"attribute_name", 
"column_name", 
"type", 
"length", 
"default_value", 
"is_auto_number")
 VALUES ('b867196c-b1b9-4979-8475-4f022ee9ced2', 
'8e1bccb1-cfa3-4764-a17a-c0d9dd78ca86', 
'ResultAggregateFunction', 
'resultaggregatefunction', 
40, 
7, 
'', 
false);
INSERT INTO "mendixsystem$attribute" ("id", 
"entity_id", 
"attribute_name", 
"column_name", 
"type", 
"length", 
"default_value", 
"is_auto_number")
 VALUES ('4a8187f0-02fc-45f8-a992-9e0dd94f9614', 
'8e1bccb1-cfa3-4764-a17a-c0d9dd78ca86', 
'ResultAggregate', 
'resultaggregate', 
10, 
0, 
'false', 
false);
INSERT INTO "mendixsystem$attribute" ("id", 
"entity_id", 
"attribute_name", 
"column_name", 
"type", 
"length", 
"default_value", 
"is_auto_number")
 VALUES ('81a245cc-28cc-4104-b7d8-82b7545f7719', 
'8e1bccb1-cfa3-4764-a17a-c0d9dd78ca86', 
'ColumnNumber', 
'columnnumber', 
3, 
0, 
'', 
false);
INSERT INTO "mendixsystem$attribute" ("id", 
"entity_id", 
"attribute_name", 
"column_name", 
"type", 
"length", 
"default_value", 
"is_auto_number")
 VALUES ('8909156d-8ee1-407e-b7d5-9e206940389e', 
'8e1bccb1-cfa3-4764-a17a-c0d9dd78ca86', 
'ObjectAttribute', 
'objectattribute', 
30, 
200, 
'', 
false);
CREATE TABLE "xlsreport$mxsheet" (
	"id" BIGINT NOT NULL,
	"status" VARCHAR_IGNORECASE(3) NULL,
	"rowheightdefault" BOOLEAN NULL,
	"formlayout_groupby" BOOLEAN NULL,
	"sequence" INT NULL,
	"datausage" BOOLEAN NULL,
	"startrow" INT NULL,
	"name" VARCHAR_IGNORECASE(200) NULL,
	"changeddate" TIMESTAMP NULL,
	"createddate" TIMESTAMP NULL,
	"columnwidthpixels" INT NULL,
	"rowheightpoint" INT NULL,
	"columnwidthdefault" BOOLEAN NULL,
	"distinctdata" BOOLEAN NULL,
	"system$changedby" BIGINT NULL,
	"system$owner" BIGINT NULL,
	PRIMARY KEY("id"));
CREATE INDEX "idx_xlsreport$mxsheet_system$changedby" ON "xlsreport$mxsheet" ("system$changedby" ASC,"id" ASC);
CREATE INDEX "idx_xlsreport$mxsheet_system$owner" ON "xlsreport$mxsheet" ("system$owner" ASC,"id" ASC);
INSERT INTO "mendixsystem$entity" ("id", 
"entity_name", 
"table_name", 
"remote", 
"remote_primary_key")
 VALUES ('7f187c95-cf42-435b-9c92-edd933693f02', 
'XLSReport.MxSheet', 
'xlsreport$mxsheet', 
false, 
false);
INSERT INTO "mendixsystem$attribute" ("id", 
"entity_id", 
"attribute_name", 
"column_name", 
"type", 
"length", 
"default_value", 
"is_auto_number")
 VALUES ('60e85864-06a6-46b0-be65-e3c8311ff141', 
'7f187c95-cf42-435b-9c92-edd933693f02', 
'Status', 
'status', 
40, 
3, 
'No', 
false);
INSERT INTO "mendixsystem$attribute" ("id", 
"entity_id", 
"attribute_name", 
"column_name", 
"type", 
"length", 
"default_value", 
"is_auto_number")
 VALUES ('48e8b7d8-fff3-4839-bd1a-ac269c0e91c7', 
'7f187c95-cf42-435b-9c92-edd933693f02', 
'RowHeightDefault', 
'rowheightdefault', 
10, 
0, 
'true', 
false);
INSERT INTO "mendixsystem$attribute" ("id", 
"entity_id", 
"attribute_name", 
"column_name", 
"type", 
"length", 
"default_value", 
"is_auto_number")
 VALUES ('26d4ef50-611d-42e7-895a-9a920d061349', 
'7f187c95-cf42-435b-9c92-edd933693f02', 
'FormLayout_GroupBy', 
'formlayout_groupby', 
10, 
0, 
'false', 
false);
INSERT INTO "mendixsystem$attribute" ("id", 
"entity_id", 
"attribute_name", 
"column_name", 
"type", 
"length", 
"default_value", 
"is_auto_number")
 VALUES ('d0ea3f24-4de2-4e5d-9a0a-da854db36512', 
'7f187c95-cf42-435b-9c92-edd933693f02', 
'Sequence', 
'sequence', 
3, 
0, 
'1', 
false);
INSERT INTO "mendixsystem$attribute" ("id", 
"entity_id", 
"attribute_name", 
"column_name", 
"type", 
"length", 
"default_value", 
"is_auto_number")
 VALUES ('23b7d411-2db4-4717-9617-99b5082e8925', 
'7f187c95-cf42-435b-9c92-edd933693f02', 
'DataUsage', 
'datausage', 
10, 
0, 
'false', 
false);
INSERT INTO "mendixsystem$attribute" ("id", 
"entity_id", 
"attribute_name", 
"column_name", 
"type", 
"length", 
"default_value", 
"is_auto_number")
 VALUES ('29242db7-7494-4525-b8aa-9ca557bcbe7d', 
'7f187c95-cf42-435b-9c92-edd933693f02', 
'StartRow', 
'startrow', 
3, 
0, 
'1', 
false);
INSERT INTO "mendixsystem$attribute" ("id", 
"entity_id", 
"attribute_name", 
"column_name", 
"type", 
"length", 
"default_value", 
"is_auto_number")
 VALUES ('712581ce-e4da-4480-a23b-d56bf0b99b59', 
'7f187c95-cf42-435b-9c92-edd933693f02', 
'Name', 
'name', 
30, 
200, 
'', 
false);
INSERT INTO "mendixsystem$attribute" ("id", 
"entity_id", 
"attribute_name", 
"column_name", 
"type", 
"length", 
"default_value", 
"is_auto_number")
 VALUES ('11b72cd4-5c8d-3d4b-b925-1fa402e5add7', 
'7f187c95-cf42-435b-9c92-edd933693f02', 
'changedDate', 
'changeddate', 
20, 
0, 
'', 
false);
INSERT INTO "mendixsystem$attribute" ("id", 
"entity_id", 
"attribute_name", 
"column_name", 
"type", 
"length", 
"default_value", 
"is_auto_number")
 VALUES ('dc67f1ea-c80f-36dd-b50d-69aab99041ba', 
'7f187c95-cf42-435b-9c92-edd933693f02', 
'createdDate', 
'createddate', 
20, 
0, 
'', 
false);
INSERT INTO "mendixsystem$attribute" ("id", 
"entity_id", 
"attribute_name", 
"column_name", 
"type", 
"length", 
"default_value", 
"is_auto_number")
 VALUES ('57e84cd8-4fa4-47a5-bde1-d170b08f45da', 
'7f187c95-cf42-435b-9c92-edd933693f02', 
'ColumnWidthPixels', 
'columnwidthpixels', 
3, 
0, 
'0', 
false);
INSERT INTO "mendixsystem$attribute" ("id", 
"entity_id", 
"attribute_name", 
"column_name", 
"type", 
"length", 
"default_value", 
"is_auto_number")
 VALUES ('1dd9e8bb-d779-4f2e-b2ea-08479ad147c9', 
'7f187c95-cf42-435b-9c92-edd933693f02', 
'RowHeightPoint', 
'rowheightpoint', 
3, 
0, 
'0', 
false);
INSERT INTO "mendixsystem$attribute" ("id", 
"entity_id", 
"attribute_name", 
"column_name", 
"type", 
"length", 
"default_value", 
"is_auto_number")
 VALUES ('481ed0a0-0882-466d-a9ed-da061145c953', 
'7f187c95-cf42-435b-9c92-edd933693f02', 
'ColumnWidthDefault', 
'columnwidthdefault', 
10, 
0, 
'true', 
false);
INSERT INTO "mendixsystem$attribute" ("id", 
"entity_id", 
"attribute_name", 
"column_name", 
"type", 
"length", 
"default_value", 
"is_auto_number")
 VALUES ('da6b24fd-a68a-4b48-86f4-02e6c46f4cea', 
'7f187c95-cf42-435b-9c92-edd933693f02', 
'DistinctData', 
'distinctdata', 
10, 
0, 
'false', 
false);
INSERT INTO "mendixsystem$index" ("id", 
"table_id", 
"index_name")
 VALUES ('636b6efb-d4e1-340c-94c9-180d4270f28d', 
'7f187c95-cf42-435b-9c92-edd933693f02', 
'idx_xlsreport$mxsheet_system$changedby');
INSERT INTO "mendixsystem$index_column" ("index_id", 
"column_id", 
"sort_order", 
"ordinal")
 VALUES ('636b6efb-d4e1-340c-94c9-180d4270f28d', 
'16025af6-bb15-3112-b6a6-62674ea0d56a', 
false, 
0);
INSERT INTO "mendixsystem$index" ("id", 
"table_id", 
"index_name")
 VALUES ('b498b94c-8779-320c-8d6c-d3d6b3488300', 
'7f187c95-cf42-435b-9c92-edd933693f02', 
'idx_xlsreport$mxsheet_system$owner');
INSERT INTO "mendixsystem$index_column" ("index_id", 
"column_id", 
"sort_order", 
"ordinal")
 VALUES ('b498b94c-8779-320c-8d6c-d3d6b3488300', 
'9263d50c-8ce8-371f-af8f-06e037fed1bb', 
false, 
0);
INSERT INTO "mendixsystem$association" ("id", 
"association_name", 
"table_name", 
"parent_entity_id", 
"child_entity_id", 
"parent_column_name", 
"child_column_name")
 VALUES ('16025af6-bb15-3112-b6a6-62674ea0d56a', 
'System.changedBy', 
'system$changedby', 
'7f187c95-cf42-435b-9c92-edd933693f02', 
'282e2e60-88a5-469d-84a5-ba8d9151644f', 
'id', 
'system$changedby');
INSERT INTO "mendixsystem$association" ("id", 
"association_name", 
"table_name", 
"parent_entity_id", 
"child_entity_id", 
"parent_column_name", 
"child_column_name")
 VALUES ('9263d50c-8ce8-371f-af8f-06e037fed1bb', 
'System.owner', 
'system$owner', 
'7f187c95-cf42-435b-9c92-edd933693f02', 
'282e2e60-88a5-469d-84a5-ba8d9151644f', 
'id', 
'system$owner');
CREATE TABLE "xlsreport$mxsheet_rowobject" (
	"xlsreport$mxsheetid" BIGINT NOT NULL,
	"mxmodelreflection$mxobjecttypeid" BIGINT NOT NULL,
	PRIMARY KEY("xlsreport$mxsheetid","mxmodelreflection$mxobjecttypeid"),
	CONSTRAINT "uniq_xlsreport$mxsheet_rowobject_xlsreport$mxsheetid" UNIQUE ("xlsreport$mxsheetid"));
CREATE INDEX "idx_xlsreport$mxsheet_rowobject_mxmodelreflection$mxobjecttype_xlsreport$mxsheet" ON "xlsreport$mxsheet_rowobject" ("mxmodelreflection$mxobjecttypeid" ASC,"xlsreport$mxsheetid" ASC);
INSERT INTO "mendixsystem$association" ("id", 
"association_name", 
"table_name", 
"parent_entity_id", 
"child_entity_id", 
"parent_column_name", 
"child_column_name", 
"index_name")
 VALUES ('4f86842f-6616-4e10-acd6-1af8382e407b', 
'XLSReport.MxSheet_RowObject', 
'xlsreport$mxsheet_rowobject', 
'7f187c95-cf42-435b-9c92-edd933693f02', 
'15538b45-c4aa-496f-9338-f4ea71562e86', 
'xlsreport$mxsheetid', 
'mxmodelreflection$mxobjecttypeid', 
'idx_xlsreport$mxsheet_rowobject_mxmodelreflection$mxobjecttype_xlsreport$mxsheet');
INSERT INTO "mendixsystem$unique_constraint" ("name", 
"table_id", 
"column_id")
 VALUES ('uniq_xlsreport$mxsheet_rowobject_xlsreport$mxsheetid', 
'4f86842f-6616-4e10-acd6-1af8382e407b', 
'7e1a8ce3-b055-3113-a9f7-ef0719924c46');
CREATE TABLE "xlsreport$mxsheet_mxobjectreference" (
	"xlsreport$mxsheetid" BIGINT NOT NULL,
	"mxmodelreflection$mxobjectreferenceid" BIGINT NOT NULL,
	PRIMARY KEY("xlsreport$mxsheetid","mxmodelreflection$mxobjectreferenceid"),
	CONSTRAINT "uniq_xlsreport$mxsheet_mxobjectreference_xlsreport$mxsheetid" UNIQUE ("xlsreport$mxsheetid"));
CREATE INDEX "idx_xlsreport$mxsheet_mxobjectreference_mxmodelreflection$mxobjectreference_xlsreport$mxsheet" ON "xlsreport$mxsheet_mxobjectreference" ("mxmodelreflection$mxobjectreferenceid" ASC,"xlsreport$mxsheetid" ASC);
INSERT INTO "mendixsystem$association" ("id", 
"association_name", 
"table_name", 
"parent_entity_id", 
"child_entity_id", 
"parent_column_name", 
"child_column_name", 
"index_name")
 VALUES ('d3031e38-f91f-493a-9411-fcadc03f7edb', 
'XLSReport.MxSheet_MxObjectReference', 
'xlsreport$mxsheet_mxobjectreference', 
'7f187c95-cf42-435b-9c92-edd933693f02', 
'd5e491a9-8a88-4742-af7e-c2847b994a2d', 
'xlsreport$mxsheetid', 
'mxmodelreflection$mxobjectreferenceid', 
'idx_xlsreport$mxsheet_mxobjectreference_mxmodelreflection$mxobjectreference_xlsreport$mxsheet');
INSERT INTO "mendixsystem$unique_constraint" ("name", 
"table_id", 
"column_id")
 VALUES ('uniq_xlsreport$mxsheet_mxobjectreference_xlsreport$mxsheetid', 
'd3031e38-f91f-493a-9411-fcadc03f7edb', 
'fe7b4468-a706-3dd7-b4c8-2c4b381125dd');
CREATE TABLE "xlsreport$mxsheet_headerstyle" (
	"xlsreport$mxsheetid" BIGINT NOT NULL,
	"xlsreport$mxcellstyleid" BIGINT NOT NULL,
	PRIMARY KEY("xlsreport$mxsheetid","xlsreport$mxcellstyleid"),
	CONSTRAINT "uniq_xlsreport$mxsheet_headerstyle_xlsreport$mxsheetid" UNIQUE ("xlsreport$mxsheetid"));
CREATE INDEX "idx_xlsreport$mxsheet_headerstyle_xlsreport$mxcellstyle_xlsreport$mxsheet" ON "xlsreport$mxsheet_headerstyle" ("xlsreport$mxcellstyleid" ASC,"xlsreport$mxsheetid" ASC);
INSERT INTO "mendixsystem$association" ("id", 
"association_name", 
"table_name", 
"parent_entity_id", 
"child_entity_id", 
"parent_column_name", 
"child_column_name", 
"index_name")
 VALUES ('10e924c9-46ab-4d89-9e79-4e3cbf312af2', 
'XLSReport.MxSheet_HeaderStyle', 
'xlsreport$mxsheet_headerstyle', 
'7f187c95-cf42-435b-9c92-edd933693f02', 
'669a0865-483c-4284-8f01-2801b133b360', 
'xlsreport$mxsheetid', 
'xlsreport$mxcellstyleid', 
'idx_xlsreport$mxsheet_headerstyle_xlsreport$mxcellstyle_xlsreport$mxsheet');
INSERT INTO "mendixsystem$unique_constraint" ("name", 
"table_id", 
"column_id")
 VALUES ('uniq_xlsreport$mxsheet_headerstyle_xlsreport$mxsheetid', 
'10e924c9-46ab-4d89-9e79-4e3cbf312af2', 
'c2739d64-ddc1-3cfd-8165-fb048ea6ca15');
CREATE TABLE "xlsreport$mxsheet_template" (
	"xlsreport$mxsheetid" BIGINT NOT NULL,
	"xlsreport$mxtemplateid" BIGINT NOT NULL,
	PRIMARY KEY("xlsreport$mxsheetid","xlsreport$mxtemplateid"),
	CONSTRAINT "uniq_xlsreport$mxsheet_template_xlsreport$mxsheetid" UNIQUE ("xlsreport$mxsheetid"));
CREATE INDEX "idx_xlsreport$mxsheet_template_xlsreport$mxtemplate_xlsreport$mxsheet" ON "xlsreport$mxsheet_template" ("xlsreport$mxtemplateid" ASC,"xlsreport$mxsheetid" ASC);
INSERT INTO "mendixsystem$association" ("id", 
"association_name", 
"table_name", 
"parent_entity_id", 
"child_entity_id", 
"parent_column_name", 
"child_column_name", 
"index_name")
 VALUES ('800715d5-170a-400b-b696-d7e05d8a0d1d', 
'XLSReport.MxSheet_Template', 
'xlsreport$mxsheet_template', 
'7f187c95-cf42-435b-9c92-edd933693f02', 
'07cd309e-6e22-4bff-8f7f-1d222c662848', 
'xlsreport$mxsheetid', 
'xlsreport$mxtemplateid', 
'idx_xlsreport$mxsheet_template_xlsreport$mxtemplate_xlsreport$mxsheet');
INSERT INTO "mendixsystem$unique_constraint" ("name", 
"table_id", 
"column_id")
 VALUES ('uniq_xlsreport$mxsheet_template_xlsreport$mxsheetid', 
'800715d5-170a-400b-b696-d7e05d8a0d1d', 
'bb6089c5-e012-36fd-8a15-c4d019017862');
CREATE TABLE "xlsreport$mxsheet_defaultstyle" (
	"xlsreport$mxsheetid" BIGINT NOT NULL,
	"xlsreport$mxcellstyleid" BIGINT NOT NULL,
	PRIMARY KEY("xlsreport$mxsheetid","xlsreport$mxcellstyleid"),
	CONSTRAINT "uniq_xlsreport$mxsheet_defaultstyle_xlsreport$mxsheetid" UNIQUE ("xlsreport$mxsheetid"));
CREATE INDEX "idx_xlsreport$mxsheet_defaultstyle_xlsreport$mxcellstyle_xlsreport$mxsheet" ON "xlsreport$mxsheet_defaultstyle" ("xlsreport$mxcellstyleid" ASC,"xlsreport$mxsheetid" ASC);
INSERT INTO "mendixsystem$association" ("id", 
"association_name", 
"table_name", 
"parent_entity_id", 
"child_entity_id", 
"parent_column_name", 
"child_column_name", 
"index_name")
 VALUES ('7524916c-f8df-4eec-bdd9-6d94fa1db829', 
'XLSReport.MxSheet_DefaultStyle', 
'xlsreport$mxsheet_defaultstyle', 
'7f187c95-cf42-435b-9c92-edd933693f02', 
'669a0865-483c-4284-8f01-2801b133b360', 
'xlsreport$mxsheetid', 
'xlsreport$mxcellstyleid', 
'idx_xlsreport$mxsheet_defaultstyle_xlsreport$mxcellstyle_xlsreport$mxsheet');
INSERT INTO "mendixsystem$unique_constraint" ("name", 
"table_id", 
"column_id")
 VALUES ('uniq_xlsreport$mxsheet_defaultstyle_xlsreport$mxsheetid', 
'7524916c-f8df-4eec-bdd9-6d94fa1db829', 
'3de9ebd3-ff6f-3c29-a7e9-cf556097f48c');
CREATE TABLE "ugs$printout" (
	"id" BIGINT NOT NULL,
	PRIMARY KEY("id"));
INSERT INTO "mendixsystem$entity" ("id", 
"entity_name", 
"table_name", 
"superentity_id", 
"remote", 
"remote_primary_key")
 VALUES ('873b0aa5-7f9d-480c-94d9-52c4b0594596', 
'UGS.Printout', 
'ugs$printout', 
'170ce49d-f29c-4fac-99a6-b55e8a3aeb39', 
false, 
false);
CREATE TABLE "ugs$interview" (
	"id" BIGINT NOT NULL,
	"score" INT NULL,
	"chairpersonapproved" BOOLEAN NULL,
	"startdateandtime" TIMESTAMP NULL,
	"remarks" VARCHAR_IGNORECASE(2147483647) NULL,
	"emptyc" VARCHAR_IGNORECASE(200) NULL,
	"intervieweraprroved" BOOLEAN NULL,
	PRIMARY KEY("id"));
INSERT INTO "mendixsystem$entity" ("id", 
"entity_name", 
"table_name", 
"remote", 
"remote_primary_key")
 VALUES ('17682490-1d8f-4373-babd-ca48e9eb7321', 
'UGS.Interview', 
'ugs$interview', 
false, 
false);
INSERT INTO "mendixsystem$attribute" ("id", 
"entity_id", 
"attribute_name", 
"column_name", 
"type", 
"length", 
"default_value", 
"is_auto_number")
 VALUES ('bdb45b59-91ea-4d45-ad38-e85f8744fa5e', 
'17682490-1d8f-4373-babd-ca48e9eb7321', 
'Score', 
'score', 
3, 
0, 
'', 
false);
INSERT INTO "mendixsystem$attribute" ("id", 
"entity_id", 
"attribute_name", 
"column_name", 
"type", 
"length", 
"default_value", 
"is_auto_number")
 VALUES ('b71ec8c4-c7f7-4fbc-bf52-a05f75d48f02', 
'17682490-1d8f-4373-babd-ca48e9eb7321', 
'ChairpersonApproved', 
'chairpersonapproved', 
10, 
0, 
'false', 
false);
INSERT INTO "mendixsystem$attribute" ("id", 
"entity_id", 
"attribute_name", 
"column_name", 
"type", 
"length", 
"default_value", 
"is_auto_number")
 VALUES ('363d5a25-f284-4194-81ce-2f9ea8f2898a', 
'17682490-1d8f-4373-babd-ca48e9eb7321', 
'StartDateAndTime', 
'startdateandtime', 
20, 
0, 
'', 
false);
INSERT INTO "mendixsystem$attribute" ("id", 
"entity_id", 
"attribute_name", 
"column_name", 
"type", 
"length", 
"default_value", 
"is_auto_number")
 VALUES ('5912a4ea-9895-4189-9a9a-9fad09a71a52', 
'17682490-1d8f-4373-babd-ca48e9eb7321', 
'Remarks', 
'remarks', 
30, 
0, 
'', 
false);
INSERT INTO "mendixsystem$attribute" ("id", 
"entity_id", 
"attribute_name", 
"column_name", 
"type", 
"length", 
"default_value", 
"is_auto_number")
 VALUES ('e30bac8c-a67e-4fe7-a63f-8146a1074090', 
'17682490-1d8f-4373-babd-ca48e9eb7321', 
'EmptyC', 
'emptyc', 
30, 
200, 
'', 
false);
INSERT INTO "mendixsystem$attribute" ("id", 
"entity_id", 
"attribute_name", 
"column_name", 
"type", 
"length", 
"default_value", 
"is_auto_number")
 VALUES ('910dedbe-4057-49cb-8b27-91ca99ab6295', 
'17682490-1d8f-4373-babd-ca48e9eb7321', 
'InterviewerAprroved', 
'intervieweraprroved', 
10, 
0, 
'false', 
false);
CREATE TABLE "ugs$interview_grantsystem" (
	"ugs$interviewid" BIGINT NOT NULL,
	"ugs$grantsystemid" BIGINT NOT NULL,
	PRIMARY KEY("ugs$interviewid","ugs$grantsystemid"),
	CONSTRAINT "uniq_ugs$interview_grantsystem_ugs$grantsystemid" UNIQUE ("ugs$grantsystemid"),
	CONSTRAINT "uniq_ugs$interview_grantsystem_ugs$interviewid" UNIQUE ("ugs$interviewid"));
CREATE INDEX "idx_ugs$interview_grantsystem_ugs$grantsystem_ugs$interview" ON "ugs$interview_grantsystem" ("ugs$grantsystemid" ASC,"ugs$interviewid" ASC);
INSERT INTO "mendixsystem$association" ("id", 
"association_name", 
"table_name", 
"parent_entity_id", 
"child_entity_id", 
"parent_column_name", 
"child_column_name", 
"index_name")
 VALUES ('cd19a4c2-41ea-4379-b695-422caba7ab9a', 
'UGS.Interview_GrantSystem', 
'ugs$interview_grantsystem', 
'17682490-1d8f-4373-babd-ca48e9eb7321', 
'ba9d4296-9a81-4e9d-af93-a6f38307e8d2', 
'ugs$interviewid', 
'ugs$grantsystemid', 
'idx_ugs$interview_grantsystem_ugs$grantsystem_ugs$interview');
INSERT INTO "mendixsystem$unique_constraint" ("name", 
"table_id", 
"column_id")
 VALUES ('uniq_ugs$interview_grantsystem_ugs$grantsystemid', 
'cd19a4c2-41ea-4379-b695-422caba7ab9a', 
'091087e8-01a4-3a3b-9e40-c0df45631e81');
INSERT INTO "mendixsystem$unique_constraint" ("name", 
"table_id", 
"column_id")
 VALUES ('uniq_ugs$interview_grantsystem_ugs$interviewid', 
'cd19a4c2-41ea-4379-b695-422caba7ab9a', 
'251cfe23-4a0a-3853-b3ec-1facdeaef9b5');
CREATE TABLE "ugs$interview_chiarperson" (
	"ugs$interviewid" BIGINT NOT NULL,
	"administration$accountid" BIGINT NOT NULL,
	PRIMARY KEY("ugs$interviewid","administration$accountid"),
	CONSTRAINT "uniq_ugs$interview_chiarperson_administration$accountid" UNIQUE ("administration$accountid"),
	CONSTRAINT "uniq_ugs$interview_chiarperson_ugs$interviewid" UNIQUE ("ugs$interviewid"));
CREATE INDEX "idx_ugs$interview_chiarperson_administration$account_ugs$interview" ON "ugs$interview_chiarperson" ("administration$accountid" ASC,"ugs$interviewid" ASC);
INSERT INTO "mendixsystem$association" ("id", 
"association_name", 
"table_name", 
"parent_entity_id", 
"child_entity_id", 
"parent_column_name", 
"child_column_name", 
"index_name")
 VALUES ('1fa47594-7f17-4588-b85e-c0c4b13c1241', 
'UGS.Interview_ChiarPerson', 
'ugs$interview_chiarperson', 
'17682490-1d8f-4373-babd-ca48e9eb7321', 
'3078a23e-13b2-4a9b-84e4-2881fdee53c6', 
'ugs$interviewid', 
'administration$accountid', 
'idx_ugs$interview_chiarperson_administration$account_ugs$interview');
INSERT INTO "mendixsystem$unique_constraint" ("name", 
"table_id", 
"column_id")
 VALUES ('uniq_ugs$interview_chiarperson_administration$accountid', 
'1fa47594-7f17-4588-b85e-c0c4b13c1241', 
'92ce1d70-4fd0-375c-ae3b-34a088bb34ee');
INSERT INTO "mendixsystem$unique_constraint" ("name", 
"table_id", 
"column_id")
 VALUES ('uniq_ugs$interview_chiarperson_ugs$interviewid', 
'1fa47594-7f17-4588-b85e-c0c4b13c1241', 
'9be24bb4-b66a-38fc-93c5-8c0b5a723ded');
CREATE TABLE "ugs$interview_panelinterviewer" (
	"ugs$interviewid" BIGINT NOT NULL,
	"administration$accountid" BIGINT NOT NULL,
	PRIMARY KEY("ugs$interviewid","administration$accountid"),
	CONSTRAINT "uniq_ugs$interview_panelinterviewer_administration$accountid" UNIQUE ("administration$accountid"),
	CONSTRAINT "uniq_ugs$interview_panelinterviewer_ugs$interviewid" UNIQUE ("ugs$interviewid"));
CREATE INDEX "idx_ugs$interview_panelinterviewer_administration$account_ugs$interview" ON "ugs$interview_panelinterviewer" ("administration$accountid" ASC,"ugs$interviewid" ASC);
INSERT INTO "mendixsystem$association" ("id", 
"association_name", 
"table_name", 
"parent_entity_id", 
"child_entity_id", 
"parent_column_name", 
"child_column_name", 
"index_name")
 VALUES ('2d300ef3-f2be-4baf-b6b9-ffe9a57193cb', 
'UGS.interview_PanelInterviewer', 
'ugs$interview_panelinterviewer', 
'17682490-1d8f-4373-babd-ca48e9eb7321', 
'3078a23e-13b2-4a9b-84e4-2881fdee53c6', 
'ugs$interviewid', 
'administration$accountid', 
'idx_ugs$interview_panelinterviewer_administration$account_ugs$interview');
INSERT INTO "mendixsystem$unique_constraint" ("name", 
"table_id", 
"column_id")
 VALUES ('uniq_ugs$interview_panelinterviewer_administration$accountid', 
'2d300ef3-f2be-4baf-b6b9-ffe9a57193cb', 
'24b82600-05bd-3a89-b472-ed4f02f04c74');
INSERT INTO "mendixsystem$unique_constraint" ("name", 
"table_id", 
"column_id")
 VALUES ('uniq_ugs$interview_panelinterviewer_ugs$interviewid', 
'2d300ef3-f2be-4baf-b6b9-ffe9a57193cb', 
'0686669f-8ddb-302c-8941-2461cbc9a1e2');
CREATE TABLE "ugs$interview_applicant" (
	"ugs$interviewid" BIGINT NOT NULL,
	"administration$accountid" BIGINT NOT NULL,
	PRIMARY KEY("ugs$interviewid","administration$accountid"),
	CONSTRAINT "uniq_ugs$interview_applicant_administration$accountid" UNIQUE ("administration$accountid"),
	CONSTRAINT "uniq_ugs$interview_applicant_ugs$interviewid" UNIQUE ("ugs$interviewid"));
CREATE INDEX "idx_ugs$interview_applicant_administration$account_ugs$interview" ON "ugs$interview_applicant" ("administration$accountid" ASC,"ugs$interviewid" ASC);
INSERT INTO "mendixsystem$association" ("id", 
"association_name", 
"table_name", 
"parent_entity_id", 
"child_entity_id", 
"parent_column_name", 
"child_column_name", 
"index_name")
 VALUES ('9e3e5b88-871b-4514-b0ea-c87881cded7d', 
'UGS.Interview_applicant', 
'ugs$interview_applicant', 
'17682490-1d8f-4373-babd-ca48e9eb7321', 
'3078a23e-13b2-4a9b-84e4-2881fdee53c6', 
'ugs$interviewid', 
'administration$accountid', 
'idx_ugs$interview_applicant_administration$account_ugs$interview');
INSERT INTO "mendixsystem$unique_constraint" ("name", 
"table_id", 
"column_id")
 VALUES ('uniq_ugs$interview_applicant_administration$accountid', 
'9e3e5b88-871b-4514-b0ea-c87881cded7d', 
'282150ab-63f0-30a9-a4eb-15d6b17ff513');
INSERT INTO "mendixsystem$unique_constraint" ("name", 
"table_id", 
"column_id")
 VALUES ('uniq_ugs$interview_applicant_ugs$interviewid', 
'9e3e5b88-871b-4514-b0ea-c87881cded7d', 
'c35d136b-a337-33b1-80ef-35db822f7f93');
CREATE TABLE "ugs$fundings" (
	"id" BIGINT NOT NULL,
	"description" VARCHAR_IGNORECASE(200) NULL,
	"fundname" VARCHAR_IGNORECASE(200) NULL,
	"fundamount" DECIMAL(28, 8) NULL,
	"fundings_status" VARCHAR_IGNORECASE(7) NULL,
	"date" TIMESTAMP NULL,
	PRIMARY KEY("id"));
INSERT INTO "mendixsystem$entity" ("id", 
"entity_name", 
"table_name", 
"remote", 
"remote_primary_key")
 VALUES ('aa3bd608-02eb-41ba-8b3c-3a85819ab43b', 
'UGS.Fundings', 
'ugs$fundings', 
false, 
false);
INSERT INTO "mendixsystem$attribute" ("id", 
"entity_id", 
"attribute_name", 
"column_name", 
"type", 
"length", 
"default_value", 
"is_auto_number")
 VALUES ('3efbc7e4-e22b-43fc-87bd-956be7b57a02', 
'aa3bd608-02eb-41ba-8b3c-3a85819ab43b', 
'Description', 
'description', 
30, 
200, 
'', 
false);
INSERT INTO "mendixsystem$attribute" ("id", 
"entity_id", 
"attribute_name", 
"column_name", 
"type", 
"length", 
"default_value", 
"is_auto_number")
 VALUES ('8acf495e-721e-4738-ab98-2285d0569603', 
'aa3bd608-02eb-41ba-8b3c-3a85819ab43b', 
'FundName', 
'fundname', 
30, 
200, 
'', 
false);
INSERT INTO "mendixsystem$attribute" ("id", 
"entity_id", 
"attribute_name", 
"column_name", 
"type", 
"length", 
"default_value", 
"is_auto_number")
 VALUES ('387bac94-a4bb-4727-9563-a3aee1b47320', 
'aa3bd608-02eb-41ba-8b3c-3a85819ab43b', 
'FundAmount', 
'fundamount', 
5, 
0, 
'0', 
false);
INSERT INTO "mendixsystem$attribute" ("id", 
"entity_id", 
"attribute_name", 
"column_name", 
"type", 
"length", 
"default_value", 
"is_auto_number")
 VALUES ('0136c9e1-9e1d-4c1c-a63f-03ef49ea4c09', 
'aa3bd608-02eb-41ba-8b3c-3a85819ab43b', 
'Fundings_Status', 
'fundings_status', 
40, 
7, 
'Awarded', 
false);
INSERT INTO "mendixsystem$attribute" ("id", 
"entity_id", 
"attribute_name", 
"column_name", 
"type", 
"length", 
"default_value", 
"is_auto_number")
 VALUES ('0030cf7c-4a50-473a-a45b-aaf984430d1a', 
'aa3bd608-02eb-41ba-8b3c-3a85819ab43b', 
'Date', 
'date', 
20, 
0, 
'', 
false);
CREATE TABLE "ugs$fundings_grantsystem" (
	"ugs$fundingsid" BIGINT NOT NULL,
	"ugs$grantsystemid" BIGINT NOT NULL,
	PRIMARY KEY("ugs$fundingsid","ugs$grantsystemid"),
	CONSTRAINT "uniq_ugs$fundings_grantsystem_ugs$grantsystemid" UNIQUE ("ugs$grantsystemid"),
	CONSTRAINT "uniq_ugs$fundings_grantsystem_ugs$fundingsid" UNIQUE ("ugs$fundingsid"));
CREATE INDEX "idx_ugs$fundings_grantsystem_ugs$grantsystem_ugs$fundings" ON "ugs$fundings_grantsystem" ("ugs$grantsystemid" ASC,"ugs$fundingsid" ASC);
INSERT INTO "mendixsystem$association" ("id", 
"association_name", 
"table_name", 
"parent_entity_id", 
"child_entity_id", 
"parent_column_name", 
"child_column_name", 
"index_name")
 VALUES ('a118b57d-9d82-4d8d-8f7a-2bd83719dda3', 
'UGS.Fundings_GrantSystem', 
'ugs$fundings_grantsystem', 
'aa3bd608-02eb-41ba-8b3c-3a85819ab43b', 
'ba9d4296-9a81-4e9d-af93-a6f38307e8d2', 
'ugs$fundingsid', 
'ugs$grantsystemid', 
'idx_ugs$fundings_grantsystem_ugs$grantsystem_ugs$fundings');
INSERT INTO "mendixsystem$unique_constraint" ("name", 
"table_id", 
"column_id")
 VALUES ('uniq_ugs$fundings_grantsystem_ugs$grantsystemid', 
'a118b57d-9d82-4d8d-8f7a-2bd83719dda3', 
'6adafd0a-36e0-3e23-b936-7fb64a59cc7d');
INSERT INTO "mendixsystem$unique_constraint" ("name", 
"table_id", 
"column_id")
 VALUES ('uniq_ugs$fundings_grantsystem_ugs$fundingsid', 
'a118b57d-9d82-4d8d-8f7a-2bd83719dda3', 
'edf722cc-1385-31f9-a5ae-786dc1c9dd63');
CREATE TABLE "xlsreport$mxcolumnsettings" (
	"id" BIGINT NOT NULL,
	"changeddate" TIMESTAMP NULL,
	"columnwidth" INT NULL,
	"columnindex" INT NULL,
	"createddate" TIMESTAMP NULL,
	"autosize" BOOLEAN NULL,
	"system$owner" BIGINT NULL,
	"system$changedby" BIGINT NULL,
	PRIMARY KEY("id"));
CREATE INDEX "idx_xlsreport$mxcolumnsettings_system$owner" ON "xlsreport$mxcolumnsettings" ("system$owner" ASC,"id" ASC);
CREATE INDEX "idx_xlsreport$mxcolumnsettings_system$changedby" ON "xlsreport$mxcolumnsettings" ("system$changedby" ASC,"id" ASC);
INSERT INTO "mendixsystem$entity" ("id", 
"entity_name", 
"table_name", 
"remote", 
"remote_primary_key")
 VALUES ('18f0324a-9d0f-4b31-ad0e-aa72f0ccab3e', 
'XLSReport.MxColumnSettings', 
'xlsreport$mxcolumnsettings', 
false, 
false);
INSERT INTO "mendixsystem$attribute" ("id", 
"entity_id", 
"attribute_name", 
"column_name", 
"type", 
"length", 
"default_value", 
"is_auto_number")
 VALUES ('a19169ef-57f4-3786-9477-db26b41fc223', 
'18f0324a-9d0f-4b31-ad0e-aa72f0ccab3e', 
'changedDate', 
'changeddate', 
20, 
0, 
'', 
false);
INSERT INTO "mendixsystem$attribute" ("id", 
"entity_id", 
"attribute_name", 
"column_name", 
"type", 
"length", 
"default_value", 
"is_auto_number")
 VALUES ('5a65407f-d36b-4193-bd62-7d2e3afd6e2b', 
'18f0324a-9d0f-4b31-ad0e-aa72f0ccab3e', 
'ColumnWidth', 
'columnwidth', 
3, 
0, 
'0', 
false);
INSERT INTO "mendixsystem$attribute" ("id", 
"entity_id", 
"attribute_name", 
"column_name", 
"type", 
"length", 
"default_value", 
"is_auto_number")
 VALUES ('4613db45-22ba-4e33-afbf-5bb12284b9ac', 
'18f0324a-9d0f-4b31-ad0e-aa72f0ccab3e', 
'ColumnIndex', 
'columnindex', 
3, 
0, 
'0', 
false);
INSERT INTO "mendixsystem$attribute" ("id", 
"entity_id", 
"attribute_name", 
"column_name", 
"type", 
"length", 
"default_value", 
"is_auto_number")
 VALUES ('c7930fb7-5b7d-3a97-b429-7b5ccb70b5de', 
'18f0324a-9d0f-4b31-ad0e-aa72f0ccab3e', 
'createdDate', 
'createddate', 
20, 
0, 
'', 
false);
INSERT INTO "mendixsystem$attribute" ("id", 
"entity_id", 
"attribute_name", 
"column_name", 
"type", 
"length", 
"default_value", 
"is_auto_number")
 VALUES ('2f797017-1a31-4426-9309-669f2ffa00f5', 
'18f0324a-9d0f-4b31-ad0e-aa72f0ccab3e', 
'AutoSize', 
'autosize', 
10, 
0, 
'false', 
false);
INSERT INTO "mendixsystem$index" ("id", 
"table_id", 
"index_name")
 VALUES ('3279345f-aa59-3750-a332-2a173c0a012d', 
'18f0324a-9d0f-4b31-ad0e-aa72f0ccab3e', 
'idx_xlsreport$mxcolumnsettings_system$owner');
INSERT INTO "mendixsystem$index_column" ("index_id", 
"column_id", 
"sort_order", 
"ordinal")
 VALUES ('3279345f-aa59-3750-a332-2a173c0a012d', 
'415edaaa-a432-375e-b5d6-a3a2c42ffa98', 
false, 
0);
INSERT INTO "mendixsystem$index" ("id", 
"table_id", 
"index_name")
 VALUES ('5d5025ab-469a-3090-bd0e-deff90c49c3a', 
'18f0324a-9d0f-4b31-ad0e-aa72f0ccab3e', 
'idx_xlsreport$mxcolumnsettings_system$changedby');
INSERT INTO "mendixsystem$index_column" ("index_id", 
"column_id", 
"sort_order", 
"ordinal")
 VALUES ('5d5025ab-469a-3090-bd0e-deff90c49c3a', 
'2cc931aa-0e50-3f82-bf31-4abca42a0b35', 
false, 
0);
INSERT INTO "mendixsystem$association" ("id", 
"association_name", 
"table_name", 
"parent_entity_id", 
"child_entity_id", 
"parent_column_name", 
"child_column_name")
 VALUES ('415edaaa-a432-375e-b5d6-a3a2c42ffa98', 
'System.owner', 
'system$owner', 
'18f0324a-9d0f-4b31-ad0e-aa72f0ccab3e', 
'282e2e60-88a5-469d-84a5-ba8d9151644f', 
'id', 
'system$owner');
INSERT INTO "mendixsystem$association" ("id", 
"association_name", 
"table_name", 
"parent_entity_id", 
"child_entity_id", 
"parent_column_name", 
"child_column_name")
 VALUES ('2cc931aa-0e50-3f82-bf31-4abca42a0b35', 
'System.changedBy', 
'system$changedby', 
'18f0324a-9d0f-4b31-ad0e-aa72f0ccab3e', 
'282e2e60-88a5-469d-84a5-ba8d9151644f', 
'id', 
'system$changedby');
CREATE TABLE "xlsreport$columnsettings_mxsheet" (
	"xlsreport$mxcolumnsettingsid" BIGINT NOT NULL,
	"xlsreport$mxsheetid" BIGINT NOT NULL,
	PRIMARY KEY("xlsreport$mxcolumnsettingsid","xlsreport$mxsheetid"),
	CONSTRAINT "uniq_xlsreport$columnsettings_mxsheet_xlsreport$mxcolumnsettingsid" UNIQUE ("xlsreport$mxcolumnsettingsid"));
CREATE INDEX "idx_xlsreport$columnsettings_mxsheet_xlsreport$mxsheet_xlsreport$mxcolumnsettings" ON "xlsreport$columnsettings_mxsheet" ("xlsreport$mxsheetid" ASC,"xlsreport$mxcolumnsettingsid" ASC);
INSERT INTO "mendixsystem$association" ("id", 
"association_name", 
"table_name", 
"parent_entity_id", 
"child_entity_id", 
"parent_column_name", 
"child_column_name", 
"index_name")
 VALUES ('d410ae63-56c1-41e5-81e9-629781cd1b34', 
'XLSReport.ColumnSettings_MxSheet', 
'xlsreport$columnsettings_mxsheet', 
'18f0324a-9d0f-4b31-ad0e-aa72f0ccab3e', 
'7f187c95-cf42-435b-9c92-edd933693f02', 
'xlsreport$mxcolumnsettingsid', 
'xlsreport$mxsheetid', 
'idx_xlsreport$columnsettings_mxsheet_xlsreport$mxsheet_xlsreport$mxcolumnsettings');
INSERT INTO "mendixsystem$unique_constraint" ("name", 
"table_id", 
"column_id")
 VALUES ('uniq_xlsreport$columnsettings_mxsheet_xlsreport$mxcolumnsettingsid', 
'd410ae63-56c1-41e5-81e9-629781cd1b34', 
'92d41568-e586-32cc-a1d3-040af063c522');
CREATE TABLE "ugs$marks" (
	"id" BIGINT NOT NULL,
	"discription" VARCHAR_IGNORECASE(200) NULL,
	"subject" VARCHAR_IGNORECASE(200) NULL,
	PRIMARY KEY("id"));
INSERT INTO "mendixsystem$entity" ("id", 
"entity_name", 
"table_name", 
"remote", 
"remote_primary_key")
 VALUES ('8336443b-6bf7-45b0-bc97-ff052a9b2cd0', 
'UGS.Marks', 
'ugs$marks', 
false, 
false);
INSERT INTO "mendixsystem$attribute" ("id", 
"entity_id", 
"attribute_name", 
"column_name", 
"type", 
"length", 
"default_value", 
"is_auto_number")
 VALUES ('06c7dba3-3f23-4196-bb22-d409699f9132', 
'8336443b-6bf7-45b0-bc97-ff052a9b2cd0', 
'Discription', 
'discription', 
30, 
200, 
'', 
false);
INSERT INTO "mendixsystem$attribute" ("id", 
"entity_id", 
"attribute_name", 
"column_name", 
"type", 
"length", 
"default_value", 
"is_auto_number")
 VALUES ('ecf14d4c-303f-4f09-862b-f3b07c15be6a', 
'8336443b-6bf7-45b0-bc97-ff052a9b2cd0', 
'Subject', 
'subject', 
30, 
200, 
'', 
false);
CREATE TABLE "ugs$marks_progressupdate" (
	"ugs$marksid" BIGINT NOT NULL,
	"ugs$progressupdateid" BIGINT NOT NULL,
	PRIMARY KEY("ugs$marksid","ugs$progressupdateid"),
	CONSTRAINT "uniq_ugs$marks_progressupdate_ugs$marksid" UNIQUE ("ugs$marksid"));
CREATE INDEX "idx_ugs$marks_progressupdate_ugs$progressupdate_ugs$marks" ON "ugs$marks_progressupdate" ("ugs$progressupdateid" ASC,"ugs$marksid" ASC);
INSERT INTO "mendixsystem$association" ("id", 
"association_name", 
"table_name", 
"parent_entity_id", 
"child_entity_id", 
"parent_column_name", 
"child_column_name", 
"index_name")
 VALUES ('fc20ce4c-c689-4b34-b4c7-c5017066196e', 
'UGS.Marks_ProgressUpdate', 
'ugs$marks_progressupdate', 
'8336443b-6bf7-45b0-bc97-ff052a9b2cd0', 
'723b252b-ebaf-4021-b28e-607d596abda3', 
'ugs$marksid', 
'ugs$progressupdateid', 
'idx_ugs$marks_progressupdate_ugs$progressupdate_ugs$marks');
INSERT INTO "mendixsystem$unique_constraint" ("name", 
"table_id", 
"column_id")
 VALUES ('uniq_ugs$marks_progressupdate_ugs$marksid', 
'fc20ce4c-c689-4b34-b4c7-c5017066196e', 
'5cd5a0a3-6bb1-3947-bd5d-38e72f727e8c');
CREATE TABLE "xlsreport$mxsorting" (
	"id" BIGINT NOT NULL,
	"changeddate" TIMESTAMP NULL,
	"createddate" TIMESTAMP NULL,
	"attribute" VARCHAR_IGNORECASE(200) NULL,
	"summary" VARCHAR_IGNORECASE(200) NULL,
	"sortingdirection" VARCHAR_IGNORECASE(4) NULL,
	"sequence" INT NULL,
	"system$owner" BIGINT NULL,
	"system$changedby" BIGINT NULL,
	PRIMARY KEY("id"));
CREATE INDEX "idx_xlsreport$mxsorting_system$owner" ON "xlsreport$mxsorting" ("system$owner" ASC,"id" ASC);
CREATE INDEX "idx_xlsreport$mxsorting_system$changedby" ON "xlsreport$mxsorting" ("system$changedby" ASC,"id" ASC);
INSERT INTO "mendixsystem$entity" ("id", 
"entity_name", 
"table_name", 
"remote", 
"remote_primary_key")
 VALUES ('13b94054-d659-4901-83fe-8714a58ab62e', 
'XLSReport.MxSorting', 
'xlsreport$mxsorting', 
false, 
false);
INSERT INTO "mendixsystem$attribute" ("id", 
"entity_id", 
"attribute_name", 
"column_name", 
"type", 
"length", 
"default_value", 
"is_auto_number")
 VALUES ('655c3936-626d-3e6b-b282-d531a06e39bd', 
'13b94054-d659-4901-83fe-8714a58ab62e', 
'changedDate', 
'changeddate', 
20, 
0, 
'', 
false);
INSERT INTO "mendixsystem$attribute" ("id", 
"entity_id", 
"attribute_name", 
"column_name", 
"type", 
"length", 
"default_value", 
"is_auto_number")
 VALUES ('54912412-f3c5-3753-adc4-319d1b9fcca3', 
'13b94054-d659-4901-83fe-8714a58ab62e', 
'createdDate', 
'createddate', 
20, 
0, 
'', 
false);
INSERT INTO "mendixsystem$attribute" ("id", 
"entity_id", 
"attribute_name", 
"column_name", 
"type", 
"length", 
"default_value", 
"is_auto_number")
 VALUES ('41f3de2a-975c-400f-9a9b-c13e476fbad1', 
'13b94054-d659-4901-83fe-8714a58ab62e', 
'Attribute', 
'attribute', 
30, 
200, 
'', 
false);
INSERT INTO "mendixsystem$attribute" ("id", 
"entity_id", 
"attribute_name", 
"column_name", 
"type", 
"length", 
"default_value", 
"is_auto_number")
 VALUES ('8a3565b6-cafc-4316-a01b-41150e7192cb', 
'13b94054-d659-4901-83fe-8714a58ab62e', 
'Summary', 
'summary', 
30, 
200, 
'', 
false);
INSERT INTO "mendixsystem$attribute" ("id", 
"entity_id", 
"attribute_name", 
"column_name", 
"type", 
"length", 
"default_value", 
"is_auto_number")
 VALUES ('fa1b7d9a-a4eb-4d80-bbc8-07dd6eb4f496', 
'13b94054-d659-4901-83fe-8714a58ab62e', 
'SortingDirection', 
'sortingdirection', 
40, 
4, 
'Asc', 
false);
INSERT INTO "mendixsystem$attribute" ("id", 
"entity_id", 
"attribute_name", 
"column_name", 
"type", 
"length", 
"default_value", 
"is_auto_number")
 VALUES ('efdf30da-489a-4f85-b175-192c720923f0', 
'13b94054-d659-4901-83fe-8714a58ab62e', 
'Sequence', 
'sequence', 
3, 
0, 
'0', 
false);
INSERT INTO "mendixsystem$index" ("id", 
"table_id", 
"index_name")
 VALUES ('432affb7-c30e-3af7-be60-0378f4cfe4a6', 
'13b94054-d659-4901-83fe-8714a58ab62e', 
'idx_xlsreport$mxsorting_system$owner');
INSERT INTO "mendixsystem$index_column" ("index_id", 
"column_id", 
"sort_order", 
"ordinal")
 VALUES ('432affb7-c30e-3af7-be60-0378f4cfe4a6', 
'00971558-c0f0-30e7-b6bd-a5d05a76f6c3', 
false, 
0);
INSERT INTO "mendixsystem$index" ("id", 
"table_id", 
"index_name")
 VALUES ('d2206bc9-0e61-3820-87ae-ce17d00f2c69', 
'13b94054-d659-4901-83fe-8714a58ab62e', 
'idx_xlsreport$mxsorting_system$changedby');
INSERT INTO "mendixsystem$index_column" ("index_id", 
"column_id", 
"sort_order", 
"ordinal")
 VALUES ('d2206bc9-0e61-3820-87ae-ce17d00f2c69', 
'256a4f4f-03d2-31c3-ba5e-be63f8db309a', 
false, 
0);
INSERT INTO "mendixsystem$association" ("id", 
"association_name", 
"table_name", 
"parent_entity_id", 
"child_entity_id", 
"parent_column_name", 
"child_column_name")
 VALUES ('00971558-c0f0-30e7-b6bd-a5d05a76f6c3', 
'System.owner', 
'system$owner', 
'13b94054-d659-4901-83fe-8714a58ab62e', 
'282e2e60-88a5-469d-84a5-ba8d9151644f', 
'id', 
'system$owner');
INSERT INTO "mendixsystem$association" ("id", 
"association_name", 
"table_name", 
"parent_entity_id", 
"child_entity_id", 
"parent_column_name", 
"child_column_name")
 VALUES ('256a4f4f-03d2-31c3-ba5e-be63f8db309a', 
'System.changedBy', 
'system$changedby', 
'13b94054-d659-4901-83fe-8714a58ab62e', 
'282e2e60-88a5-469d-84a5-ba8d9151644f', 
'id', 
'system$changedby');
CREATE TABLE "xlsreport$mxsorting_mxsheet" (
	"xlsreport$mxsortingid" BIGINT NOT NULL,
	"xlsreport$mxsheetid" BIGINT NOT NULL,
	PRIMARY KEY("xlsreport$mxsortingid","xlsreport$mxsheetid"),
	CONSTRAINT "uniq_xlsreport$mxsorting_mxsheet_xlsreport$mxsortingid" UNIQUE ("xlsreport$mxsortingid"));
CREATE INDEX "idx_xlsreport$mxsorting_mxsheet_xlsreport$mxsheet_xlsreport$mxsorting" ON "xlsreport$mxsorting_mxsheet" ("xlsreport$mxsheetid" ASC,"xlsreport$mxsortingid" ASC);
INSERT INTO "mendixsystem$association" ("id", 
"association_name", 
"table_name", 
"parent_entity_id", 
"child_entity_id", 
"parent_column_name", 
"child_column_name", 
"index_name")
 VALUES ('7fabe61c-0d73-40a4-9c0a-fca32370486d', 
'XLSReport.MxSorting_MxSheet', 
'xlsreport$mxsorting_mxsheet', 
'13b94054-d659-4901-83fe-8714a58ab62e', 
'7f187c95-cf42-435b-9c92-edd933693f02', 
'xlsreport$mxsortingid', 
'xlsreport$mxsheetid', 
'idx_xlsreport$mxsorting_mxsheet_xlsreport$mxsheet_xlsreport$mxsorting');
INSERT INTO "mendixsystem$unique_constraint" ("name", 
"table_id", 
"column_id")
 VALUES ('uniq_xlsreport$mxsorting_mxsheet_xlsreport$mxsortingid', 
'7fabe61c-0d73-40a4-9c0a-fca32370486d', 
'4af2ce48-99f5-38ac-91a7-b6a12504e8b7');
CREATE TABLE "xlsreport$mxsorting_mxxpath" (
	"xlsreport$mxsortingid" BIGINT NOT NULL,
	"xlsreport$mxxpathid" BIGINT NOT NULL,
	PRIMARY KEY("xlsreport$mxsortingid","xlsreport$mxxpathid"),
	CONSTRAINT "uniq_xlsreport$mxsorting_mxxpath_xlsreport$mxxpathid" UNIQUE ("xlsreport$mxxpathid"),
	CONSTRAINT "uniq_xlsreport$mxsorting_mxxpath_xlsreport$mxsortingid" UNIQUE ("xlsreport$mxsortingid"));
CREATE INDEX "idx_xlsreport$mxsorting_mxxpath_xlsreport$mxxpath_xlsreport$mxsorting" ON "xlsreport$mxsorting_mxxpath" ("xlsreport$mxxpathid" ASC,"xlsreport$mxsortingid" ASC);
INSERT INTO "mendixsystem$association" ("id", 
"association_name", 
"table_name", 
"parent_entity_id", 
"child_entity_id", 
"parent_column_name", 
"child_column_name", 
"index_name")
 VALUES ('2657829b-d85f-46ac-bb82-9d15a4be17fb', 
'XLSReport.MxSorting_MxXPath', 
'xlsreport$mxsorting_mxxpath', 
'13b94054-d659-4901-83fe-8714a58ab62e', 
'17e988e6-2ac5-4ae7-b297-39f35f12fa8e', 
'xlsreport$mxsortingid', 
'xlsreport$mxxpathid', 
'idx_xlsreport$mxsorting_mxxpath_xlsreport$mxxpath_xlsreport$mxsorting');
INSERT INTO "mendixsystem$unique_constraint" ("name", 
"table_id", 
"column_id")
 VALUES ('uniq_xlsreport$mxsorting_mxxpath_xlsreport$mxxpathid', 
'2657829b-d85f-46ac-bb82-9d15a4be17fb', 
'41b470c8-1f78-3f6e-aff5-a359f356cbdf');
INSERT INTO "mendixsystem$unique_constraint" ("name", 
"table_id", 
"column_id")
 VALUES ('uniq_xlsreport$mxsorting_mxxpath_xlsreport$mxsortingid', 
'2657829b-d85f-46ac-bb82-9d15a4be17fb', 
'970f77e7-8945-3533-baa3-1fd28e18346c');
CREATE TABLE "ugs$reviewq_reviewform" (
	"ugs$reviewqid" BIGINT NOT NULL,
	"ugs$reviewformid" BIGINT NOT NULL,
	PRIMARY KEY("ugs$reviewqid","ugs$reviewformid"),
	CONSTRAINT "uniq_ugs$reviewq_reviewform_ugs$reviewqid" UNIQUE ("ugs$reviewqid"));
CREATE INDEX "idx_ugs$reviewq_reviewform_ugs$reviewform_ugs$reviewq" ON "ugs$reviewq_reviewform" ("ugs$reviewformid" ASC,"ugs$reviewqid" ASC);
INSERT INTO "mendixsystem$association" ("id", 
"association_name", 
"table_name", 
"parent_entity_id", 
"child_entity_id", 
"parent_column_name", 
"child_column_name", 
"index_name")
 VALUES ('c79a1bd9-460a-42f0-8148-1ccab03ee9fd', 
'UGS.ReviewQ_ReviewForm', 
'ugs$reviewq_reviewform', 
'6eba868a-b197-4a6b-aeeb-f6aa78e70b13', 
'fe996542-7842-424e-9e6c-c33121f232cd', 
'ugs$reviewqid', 
'ugs$reviewformid', 
'idx_ugs$reviewq_reviewform_ugs$reviewform_ugs$reviewq');
INSERT INTO "mendixsystem$unique_constraint" ("name", 
"table_id", 
"column_id")
 VALUES ('uniq_ugs$reviewq_reviewform_ugs$reviewqid', 
'c79a1bd9-460a-42f0-8148-1ccab03ee9fd', 
'6d9c41b4-a7bd-3a33-b139-f360a0c98861');
CREATE TABLE "xlsreport$mxdata" (
	"id" BIGINT NOT NULL,
	"status" VARCHAR_IGNORECASE(3) NULL,
	"changeddate" TIMESTAMP NULL,
	"createddate" TIMESTAMP NULL,
	"name" VARCHAR_IGNORECASE(200) NULL,
	"submetaobjectname" VARCHAR_IGNORECASE(255) NULL,
	"system$changedby" BIGINT NULL,
	"system$owner" BIGINT NULL,
	PRIMARY KEY("id"));
CREATE INDEX "idx_xlsreport$mxdata_submetaobjectname_asc" ON "xlsreport$mxdata" ("submetaobjectname" ASC,"id" ASC);
CREATE INDEX "idx_xlsreport$mxdata_system$changedby" ON "xlsreport$mxdata" ("system$changedby" ASC,"id" ASC);
CREATE INDEX "idx_xlsreport$mxdata_system$owner" ON "xlsreport$mxdata" ("system$owner" ASC,"id" ASC);
INSERT INTO "mendixsystem$entity" ("id", 
"entity_name", 
"table_name", 
"remote", 
"remote_primary_key")
 VALUES ('8e75d9d3-d036-43ec-90aa-c2e4e84b749a', 
'XLSReport.MxData', 
'xlsreport$mxdata', 
false, 
false);
INSERT INTO "mendixsystem$attribute" ("id", 
"entity_id", 
"attribute_name", 
"column_name", 
"type", 
"length", 
"default_value", 
"is_auto_number")
 VALUES ('3a107c99-fb42-4a6b-88c3-0a84ffed5d3e', 
'8e75d9d3-d036-43ec-90aa-c2e4e84b749a', 
'Status', 
'status', 
40, 
3, 
'No', 
false);
INSERT INTO "mendixsystem$attribute" ("id", 
"entity_id", 
"attribute_name", 
"column_name", 
"type", 
"length", 
"default_value", 
"is_auto_number")
 VALUES ('ebb880b4-89a2-3069-bfae-623895e7228c', 
'8e75d9d3-d036-43ec-90aa-c2e4e84b749a', 
'changedDate', 
'changeddate', 
20, 
0, 
'', 
false);
INSERT INTO "mendixsystem$attribute" ("id", 
"entity_id", 
"attribute_name", 
"column_name", 
"type", 
"length", 
"default_value", 
"is_auto_number")
 VALUES ('65f0e0df-bb13-3a88-ad60-8d238ac61c8d', 
'8e75d9d3-d036-43ec-90aa-c2e4e84b749a', 
'createdDate', 
'createddate', 
20, 
0, 
'', 
false);
INSERT INTO "mendixsystem$attribute" ("id", 
"entity_id", 
"attribute_name", 
"column_name", 
"type", 
"length", 
"default_value", 
"is_auto_number")
 VALUES ('5be64e51-e2d7-4305-9b91-4ec53421fd56', 
'8e75d9d3-d036-43ec-90aa-c2e4e84b749a', 
'Name', 
'name', 
30, 
200, 
'', 
false);
INSERT INTO "mendixsystem$attribute" ("id", 
"entity_id", 
"attribute_name", 
"column_name", 
"type", 
"length", 
"default_value", 
"is_auto_number")
 VALUES ('ab5d54a7-cae3-3b2a-8097-911fc7c8350e', 
'8e75d9d3-d036-43ec-90aa-c2e4e84b749a', 
'submetaobjectname', 
'submetaobjectname', 
30, 
255, 
'XLSReport.MxData', 
false);
INSERT INTO "mendixsystem$index" ("id", 
"table_id", 
"index_name")
 VALUES ('13ffecaf-f80a-3abe-9782-30ca56750ec8', 
'8e75d9d3-d036-43ec-90aa-c2e4e84b749a', 
'idx_xlsreport$mxdata_submetaobjectname_asc');
INSERT INTO "mendixsystem$index_column" ("index_id", 
"column_id", 
"sort_order", 
"ordinal")
 VALUES ('13ffecaf-f80a-3abe-9782-30ca56750ec8', 
'ab5d54a7-cae3-3b2a-8097-911fc7c8350e', 
false, 
0);
INSERT INTO "mendixsystem$index" ("id", 
"table_id", 
"index_name")
 VALUES ('a1f583dc-55b4-3525-ae9f-b7b7f93ddec8', 
'8e75d9d3-d036-43ec-90aa-c2e4e84b749a', 
'idx_xlsreport$mxdata_system$changedby');
INSERT INTO "mendixsystem$index_column" ("index_id", 
"column_id", 
"sort_order", 
"ordinal")
 VALUES ('a1f583dc-55b4-3525-ae9f-b7b7f93ddec8', 
'8741248b-e39e-3718-839a-f9fe28363de2', 
false, 
0);
INSERT INTO "mendixsystem$index" ("id", 
"table_id", 
"index_name")
 VALUES ('74307740-8abb-3c05-ae8a-ea0b99ac5fe4', 
'8e75d9d3-d036-43ec-90aa-c2e4e84b749a', 
'idx_xlsreport$mxdata_system$owner');
INSERT INTO "mendixsystem$index_column" ("index_id", 
"column_id", 
"sort_order", 
"ordinal")
 VALUES ('74307740-8abb-3c05-ae8a-ea0b99ac5fe4', 
'eea52625-d721-3e05-bdc7-f77aef830c0d', 
false, 
0);
INSERT INTO "mendixsystem$association" ("id", 
"association_name", 
"table_name", 
"parent_entity_id", 
"child_entity_id", 
"parent_column_name", 
"child_column_name")
 VALUES ('8741248b-e39e-3718-839a-f9fe28363de2', 
'System.changedBy', 
'system$changedby', 
'8e75d9d3-d036-43ec-90aa-c2e4e84b749a', 
'282e2e60-88a5-469d-84a5-ba8d9151644f', 
'id', 
'system$changedby');
INSERT INTO "mendixsystem$association" ("id", 
"association_name", 
"table_name", 
"parent_entity_id", 
"child_entity_id", 
"parent_column_name", 
"child_column_name")
 VALUES ('eea52625-d721-3e05-bdc7-f77aef830c0d', 
'System.owner', 
'system$owner', 
'8e75d9d3-d036-43ec-90aa-c2e4e84b749a', 
'282e2e60-88a5-469d-84a5-ba8d9151644f', 
'id', 
'system$owner');
CREATE TABLE "xlsreport$mxdata_mxsheet" (
	"xlsreport$mxdataid" BIGINT NOT NULL,
	"xlsreport$mxsheetid" BIGINT NOT NULL,
	PRIMARY KEY("xlsreport$mxdataid","xlsreport$mxsheetid"),
	CONSTRAINT "uniq_xlsreport$mxdata_mxsheet_xlsreport$mxdataid" UNIQUE ("xlsreport$mxdataid"));
CREATE INDEX "idx_xlsreport$mxdata_mxsheet_xlsreport$mxsheet_xlsreport$mxdata" ON "xlsreport$mxdata_mxsheet" ("xlsreport$mxsheetid" ASC,"xlsreport$mxdataid" ASC);
INSERT INTO "mendixsystem$association" ("id", 
"association_name", 
"table_name", 
"parent_entity_id", 
"child_entity_id", 
"parent_column_name", 
"child_column_name", 
"index_name")
 VALUES ('b1cf0663-fad5-49c9-a380-2f1dd4c1b02f', 
'XLSReport.MxData_MxSheet', 
'xlsreport$mxdata_mxsheet', 
'8e75d9d3-d036-43ec-90aa-c2e4e84b749a', 
'7f187c95-cf42-435b-9c92-edd933693f02', 
'xlsreport$mxdataid', 
'xlsreport$mxsheetid', 
'idx_xlsreport$mxdata_mxsheet_xlsreport$mxsheet_xlsreport$mxdata');
INSERT INTO "mendixsystem$unique_constraint" ("name", 
"table_id", 
"column_id")
 VALUES ('uniq_xlsreport$mxdata_mxsheet_xlsreport$mxdataid', 
'b1cf0663-fad5-49c9-a380-2f1dd4c1b02f', 
'531b0997-8477-3907-b05f-ab227a3e8667');
CREATE TABLE "xlsreport$mxdata_mxcellstyle" (
	"xlsreport$mxdataid" BIGINT NOT NULL,
	"xlsreport$mxcellstyleid" BIGINT NOT NULL,
	PRIMARY KEY("xlsreport$mxdataid","xlsreport$mxcellstyleid"),
	CONSTRAINT "uniq_xlsreport$mxdata_mxcellstyle_xlsreport$mxdataid" UNIQUE ("xlsreport$mxdataid"));
CREATE INDEX "idx_xlsreport$mxdata_mxcellstyle_xlsreport$mxcellstyle_xlsreport$mxdata" ON "xlsreport$mxdata_mxcellstyle" ("xlsreport$mxcellstyleid" ASC,"xlsreport$mxdataid" ASC);
INSERT INTO "mendixsystem$association" ("id", 
"association_name", 
"table_name", 
"parent_entity_id", 
"child_entity_id", 
"parent_column_name", 
"child_column_name", 
"index_name")
 VALUES ('ec3ac610-bf2b-4abd-98e5-99a883e287b9', 
'XLSReport.MxData_MxCellStyle', 
'xlsreport$mxdata_mxcellstyle', 
'8e75d9d3-d036-43ec-90aa-c2e4e84b749a', 
'669a0865-483c-4284-8f01-2801b133b360', 
'xlsreport$mxdataid', 
'xlsreport$mxcellstyleid', 
'idx_xlsreport$mxdata_mxcellstyle_xlsreport$mxcellstyle_xlsreport$mxdata');
INSERT INTO "mendixsystem$unique_constraint" ("name", 
"table_id", 
"column_id")
 VALUES ('uniq_xlsreport$mxdata_mxcellstyle_xlsreport$mxdataid', 
'ec3ac610-bf2b-4abd-98e5-99a883e287b9', 
'f44e7794-10a5-3b3b-846a-7574a864e3f9');
CREATE TABLE "xlsreport$mxrowsettings" (
	"id" BIGINT NOT NULL,
	"rowheight" INT NULL,
	"changeddate" TIMESTAMP NULL,
	"createddate" TIMESTAMP NULL,
	"rowindex" INT NULL,
	"defaultheight" BOOLEAN NULL,
	"system$owner" BIGINT NULL,
	"system$changedby" BIGINT NULL,
	PRIMARY KEY("id"));
CREATE INDEX "idx_xlsreport$mxrowsettings_system$owner" ON "xlsreport$mxrowsettings" ("system$owner" ASC,"id" ASC);
CREATE INDEX "idx_xlsreport$mxrowsettings_system$changedby" ON "xlsreport$mxrowsettings" ("system$changedby" ASC,"id" ASC);
INSERT INTO "mendixsystem$entity" ("id", 
"entity_name", 
"table_name", 
"remote", 
"remote_primary_key")
 VALUES ('149731b4-0f8e-45f9-8d3f-a4be6c330552', 
'XLSReport.MxRowSettings', 
'xlsreport$mxrowsettings', 
false, 
false);
INSERT INTO "mendixsystem$attribute" ("id", 
"entity_id", 
"attribute_name", 
"column_name", 
"type", 
"length", 
"default_value", 
"is_auto_number")
 VALUES ('20cddd55-b0c7-40c7-9dbf-14bcaffd390d', 
'149731b4-0f8e-45f9-8d3f-a4be6c330552', 
'RowHeight', 
'rowheight', 
3, 
0, 
'0', 
false);
INSERT INTO "mendixsystem$attribute" ("id", 
"entity_id", 
"attribute_name", 
"column_name", 
"type", 
"length", 
"default_value", 
"is_auto_number")
 VALUES ('1b23c60c-51e3-3ed7-ad85-ad0c9deba385', 
'149731b4-0f8e-45f9-8d3f-a4be6c330552', 
'changedDate', 
'changeddate', 
20, 
0, 
'', 
false);
INSERT INTO "mendixsystem$attribute" ("id", 
"entity_id", 
"attribute_name", 
"column_name", 
"type", 
"length", 
"default_value", 
"is_auto_number")
 VALUES ('d1735707-c827-3530-8588-924f22f49cb4', 
'149731b4-0f8e-45f9-8d3f-a4be6c330552', 
'createdDate', 
'createddate', 
20, 
0, 
'', 
false);
INSERT INTO "mendixsystem$attribute" ("id", 
"entity_id", 
"attribute_name", 
"column_name", 
"type", 
"length", 
"default_value", 
"is_auto_number")
 VALUES ('27ce02c5-8066-470b-bb58-54cecf3f74d8', 
'149731b4-0f8e-45f9-8d3f-a4be6c330552', 
'RowIndex', 
'rowindex', 
3, 
0, 
'0', 
false);
INSERT INTO "mendixsystem$attribute" ("id", 
"entity_id", 
"attribute_name", 
"column_name", 
"type", 
"length", 
"default_value", 
"is_auto_number")
 VALUES ('8aa0af49-5b19-40ba-839a-9786768f7ac6', 
'149731b4-0f8e-45f9-8d3f-a4be6c330552', 
'DefaultHeight', 
'defaultheight', 
10, 
0, 
'false', 
false);
INSERT INTO "mendixsystem$index" ("id", 
"table_id", 
"index_name")
 VALUES ('c029eb5a-5241-3c75-89aa-b4a0e6af7902', 
'149731b4-0f8e-45f9-8d3f-a4be6c330552', 
'idx_xlsreport$mxrowsettings_system$owner');
INSERT INTO "mendixsystem$index_column" ("index_id", 
"column_id", 
"sort_order", 
"ordinal")
 VALUES ('c029eb5a-5241-3c75-89aa-b4a0e6af7902', 
'32f0b2de-d437-39d6-9d17-b4b896ef8ce2', 
false, 
0);
INSERT INTO "mendixsystem$index" ("id", 
"table_id", 
"index_name")
 VALUES ('0c7d66a6-a45e-3989-b0d6-fe9409b8925c', 
'149731b4-0f8e-45f9-8d3f-a4be6c330552', 
'idx_xlsreport$mxrowsettings_system$changedby');
INSERT INTO "mendixsystem$index_column" ("index_id", 
"column_id", 
"sort_order", 
"ordinal")
 VALUES ('0c7d66a6-a45e-3989-b0d6-fe9409b8925c', 
'193833e6-9a53-3133-8b78-1cfedc3af4a6', 
false, 
0);
INSERT INTO "mendixsystem$association" ("id", 
"association_name", 
"table_name", 
"parent_entity_id", 
"child_entity_id", 
"parent_column_name", 
"child_column_name")
 VALUES ('32f0b2de-d437-39d6-9d17-b4b896ef8ce2', 
'System.owner', 
'system$owner', 
'149731b4-0f8e-45f9-8d3f-a4be6c330552', 
'282e2e60-88a5-469d-84a5-ba8d9151644f', 
'id', 
'system$owner');
INSERT INTO "mendixsystem$association" ("id", 
"association_name", 
"table_name", 
"parent_entity_id", 
"child_entity_id", 
"parent_column_name", 
"child_column_name")
 VALUES ('193833e6-9a53-3133-8b78-1cfedc3af4a6', 
'System.changedBy', 
'system$changedby', 
'149731b4-0f8e-45f9-8d3f-a4be6c330552', 
'282e2e60-88a5-469d-84a5-ba8d9151644f', 
'id', 
'system$changedby');
CREATE TABLE "xlsreport$mxrowsettings_mxsheet" (
	"xlsreport$mxrowsettingsid" BIGINT NOT NULL,
	"xlsreport$mxsheetid" BIGINT NOT NULL,
	PRIMARY KEY("xlsreport$mxrowsettingsid","xlsreport$mxsheetid"),
	CONSTRAINT "uniq_xlsreport$mxrowsettings_mxsheet_xlsreport$mxrowsettingsid" UNIQUE ("xlsreport$mxrowsettingsid"));
CREATE INDEX "idx_xlsreport$mxrowsettings_mxsheet_xlsreport$mxsheet_xlsreport$mxrowsettings" ON "xlsreport$mxrowsettings_mxsheet" ("xlsreport$mxsheetid" ASC,"xlsreport$mxrowsettingsid" ASC);
INSERT INTO "mendixsystem$association" ("id", 
"association_name", 
"table_name", 
"parent_entity_id", 
"child_entity_id", 
"parent_column_name", 
"child_column_name", 
"index_name")
 VALUES ('40ffc2a7-cf20-4532-9194-6fe0aa76440b', 
'XLSReport.MxRowSettings_MxSheet', 
'xlsreport$mxrowsettings_mxsheet', 
'149731b4-0f8e-45f9-8d3f-a4be6c330552', 
'7f187c95-cf42-435b-9c92-edd933693f02', 
'xlsreport$mxrowsettingsid', 
'xlsreport$mxsheetid', 
'idx_xlsreport$mxrowsettings_mxsheet_xlsreport$mxsheet_xlsreport$mxrowsettings');
INSERT INTO "mendixsystem$unique_constraint" ("name", 
"table_id", 
"column_id")
 VALUES ('uniq_xlsreport$mxrowsettings_mxsheet_xlsreport$mxrowsettingsid', 
'40ffc2a7-cf20-4532-9194-6fe0aa76440b', 
'83134e81-78c2-38d0-9db6-943653a45d2b');
CREATE TABLE "ugs$test" (
	"id" BIGINT NOT NULL,
	"score" VARCHAR_IGNORECASE(200) NULL,
	"cutoff" INT NULL,
	"title" VARCHAR_IGNORECASE(200) NULL,
	"main" BOOLEAN NULL,
	PRIMARY KEY("id"));
INSERT INTO "mendixsystem$entity" ("id", 
"entity_name", 
"table_name", 
"remote", 
"remote_primary_key")
 VALUES ('aa12fb20-565e-448d-9381-01d99b093c53', 
'UGS.Test', 
'ugs$test', 
false, 
false);
INSERT INTO "mendixsystem$attribute" ("id", 
"entity_id", 
"attribute_name", 
"column_name", 
"type", 
"length", 
"default_value", 
"is_auto_number")
 VALUES ('12fcddf7-801c-4949-800a-55ca34b3d215', 
'aa12fb20-565e-448d-9381-01d99b093c53', 
'Score', 
'score', 
30, 
200, 
'', 
false);
INSERT INTO "mendixsystem$attribute" ("id", 
"entity_id", 
"attribute_name", 
"column_name", 
"type", 
"length", 
"default_value", 
"is_auto_number")
 VALUES ('75c233a2-eaf0-475e-9b1a-7b46c1a6db78', 
'aa12fb20-565e-448d-9381-01d99b093c53', 
'Cutoff', 
'cutoff', 
3, 
0, 
'0', 
false);
INSERT INTO "mendixsystem$attribute" ("id", 
"entity_id", 
"attribute_name", 
"column_name", 
"type", 
"length", 
"default_value", 
"is_auto_number")
 VALUES ('ea99d938-8798-441a-8a91-1f98bd98eb16', 
'aa12fb20-565e-448d-9381-01d99b093c53', 
'Title', 
'title', 
30, 
200, 
'', 
false);
INSERT INTO "mendixsystem$attribute" ("id", 
"entity_id", 
"attribute_name", 
"column_name", 
"type", 
"length", 
"default_value", 
"is_auto_number")
 VALUES ('a43b2b44-8b54-4be4-9dab-94ce7359b5fc', 
'aa12fb20-565e-448d-9381-01d99b093c53', 
'Main', 
'main', 
10, 
0, 
'false', 
false);
CREATE TABLE "ugs$test_grantsystem" (
	"ugs$testid" BIGINT NOT NULL,
	"ugs$grantsystemid" BIGINT NOT NULL,
	PRIMARY KEY("ugs$testid","ugs$grantsystemid"),
	CONSTRAINT "uniq_ugs$test_grantsystem_ugs$grantsystemid" UNIQUE ("ugs$grantsystemid"),
	CONSTRAINT "uniq_ugs$test_grantsystem_ugs$testid" UNIQUE ("ugs$testid"));
CREATE INDEX "idx_ugs$test_grantsystem_ugs$grantsystem_ugs$test" ON "ugs$test_grantsystem" ("ugs$grantsystemid" ASC,"ugs$testid" ASC);
INSERT INTO "mendixsystem$association" ("id", 
"association_name", 
"table_name", 
"parent_entity_id", 
"child_entity_id", 
"parent_column_name", 
"child_column_name", 
"index_name")
 VALUES ('e1de291c-020b-4d0e-b5a7-472695ec8b35', 
'UGS.Test_GrantSystem', 
'ugs$test_grantsystem', 
'aa12fb20-565e-448d-9381-01d99b093c53', 
'ba9d4296-9a81-4e9d-af93-a6f38307e8d2', 
'ugs$testid', 
'ugs$grantsystemid', 
'idx_ugs$test_grantsystem_ugs$grantsystem_ugs$test');
INSERT INTO "mendixsystem$unique_constraint" ("name", 
"table_id", 
"column_id")
 VALUES ('uniq_ugs$test_grantsystem_ugs$grantsystemid', 
'e1de291c-020b-4d0e-b5a7-472695ec8b35', 
'eef78521-f195-3544-b56a-2474ad15c037');
INSERT INTO "mendixsystem$unique_constraint" ("name", 
"table_id", 
"column_id")
 VALUES ('uniq_ugs$test_grantsystem_ugs$testid', 
'e1de291c-020b-4d0e-b5a7-472695ec8b35', 
'5ca578ad-303f-3ab4-b742-95c70ae10d41');
CREATE TABLE "ugs$review_questions" (
	"id" BIGINT NOT NULL,
	"question" VARCHAR_IGNORECASE(200) NULL,
	PRIMARY KEY("id"));
INSERT INTO "mendixsystem$entity" ("id", 
"entity_name", 
"table_name", 
"remote", 
"remote_primary_key")
 VALUES ('cf4f3f28-21c3-46a9-9d50-c078474ea041', 
'UGS.Review_Questions', 
'ugs$review_questions', 
false, 
false);
INSERT INTO "mendixsystem$attribute" ("id", 
"entity_id", 
"attribute_name", 
"column_name", 
"type", 
"length", 
"default_value", 
"is_auto_number")
 VALUES ('442d28f4-ec9b-46ea-8fab-060f1158358a', 
'cf4f3f28-21c3-46a9-9d50-c078474ea041', 
'Question', 
'question', 
30, 
200, 
'', 
false);
CREATE TABLE "ugs$review_questions_reviewq" (
	"ugs$review_questionsid" BIGINT NOT NULL,
	"ugs$reviewqid" BIGINT NOT NULL,
	PRIMARY KEY("ugs$review_questionsid","ugs$reviewqid"),
	CONSTRAINT "uniq_ugs$review_questions_reviewq_ugs$reviewqid" UNIQUE ("ugs$reviewqid"),
	CONSTRAINT "uniq_ugs$review_questions_reviewq_ugs$review_questionsid" UNIQUE ("ugs$review_questionsid"));
CREATE INDEX "idx_ugs$review_questions_reviewq_ugs$reviewq_ugs$review_questions" ON "ugs$review_questions_reviewq" ("ugs$reviewqid" ASC,"ugs$review_questionsid" ASC);
INSERT INTO "mendixsystem$association" ("id", 
"association_name", 
"table_name", 
"parent_entity_id", 
"child_entity_id", 
"parent_column_name", 
"child_column_name", 
"index_name")
 VALUES ('759399cc-d2ef-4a55-8de2-450557637206', 
'UGS.Review_Questions_ReviewQ', 
'ugs$review_questions_reviewq', 
'cf4f3f28-21c3-46a9-9d50-c078474ea041', 
'6eba868a-b197-4a6b-aeeb-f6aa78e70b13', 
'ugs$review_questionsid', 
'ugs$reviewqid', 
'idx_ugs$review_questions_reviewq_ugs$reviewq_ugs$review_questions');
INSERT INTO "mendixsystem$unique_constraint" ("name", 
"table_id", 
"column_id")
 VALUES ('uniq_ugs$review_questions_reviewq_ugs$reviewqid', 
'759399cc-d2ef-4a55-8de2-450557637206', 
'6a33b436-742a-3e20-9d43-8945f407505e');
INSERT INTO "mendixsystem$unique_constraint" ("name", 
"table_id", 
"column_id")
 VALUES ('uniq_ugs$review_questions_reviewq_ugs$review_questionsid', 
'759399cc-d2ef-4a55-8de2-450557637206', 
'7834fca9-4767-34d6-aafd-2719cd5836d0');
CREATE TABLE "xlsreport$mxcellstyle" (
	"id" BIGINT NOT NULL,
	"textheight" INT NULL,
	"borderbottom" INT NULL,
	"textitalic" BOOLEAN NULL,
	"textverticalalignment" VARCHAR_IGNORECASE(6) NULL,
	"borderleft" INT NULL,
	"bordercolor" VARCHAR_IGNORECASE(10) NULL,
	"textrotation" INT NULL,
	"textbold" BOOLEAN NULL,
	"name" VARCHAR_IGNORECASE(200) NULL,
	"decimalplaces" INT NULL,
	"changeddate" TIMESTAMP NULL,
	"wraptext" BOOLEAN NULL,
	"format" VARCHAR_IGNORECASE(7) NULL,
	"createddate" TIMESTAMP NULL,
	"textunderline" BOOLEAN NULL,
	"textalignment" VARCHAR_IGNORECASE(6) NULL,
	"textcolor" VARCHAR_IGNORECASE(10) NULL,
	"backgroundcolor" VARCHAR_IGNORECASE(10) NULL,
	"bordertop" INT NULL,
	"borderright" INT NULL,
	"system$changedby" BIGINT NULL,
	"system$owner" BIGINT NULL,
	PRIMARY KEY("id"));
CREATE INDEX "idx_xlsreport$mxcellstyle_system$changedby" ON "xlsreport$mxcellstyle" ("system$changedby" ASC,"id" ASC);
CREATE INDEX "idx_xlsreport$mxcellstyle_system$owner" ON "xlsreport$mxcellstyle" ("system$owner" ASC,"id" ASC);
INSERT INTO "mendixsystem$entity" ("id", 
"entity_name", 
"table_name", 
"remote", 
"remote_primary_key")
 VALUES ('669a0865-483c-4284-8f01-2801b133b360', 
'XLSReport.MxCellStyle', 
'xlsreport$mxcellstyle', 
false, 
false);
INSERT INTO "mendixsystem$attribute" ("id", 
"entity_id", 
"attribute_name", 
"column_name", 
"type", 
"length", 
"default_value", 
"is_auto_number")
 VALUES ('4a5ce5fb-0d56-4f45-8a79-15f6736b6842', 
'669a0865-483c-4284-8f01-2801b133b360', 
'TextHeight', 
'textheight', 
3, 
0, 
'10', 
false);
INSERT INTO "mendixsystem$attribute" ("id", 
"entity_id", 
"attribute_name", 
"column_name", 
"type", 
"length", 
"default_value", 
"is_auto_number")
 VALUES ('f2ec3d03-19b3-4124-841f-ffd3516f3c12', 
'669a0865-483c-4284-8f01-2801b133b360', 
'BorderBottom', 
'borderbottom', 
3, 
0, 
'0', 
false);
INSERT INTO "mendixsystem$attribute" ("id", 
"entity_id", 
"attribute_name", 
"column_name", 
"type", 
"length", 
"default_value", 
"is_auto_number")
 VALUES ('3cd646cc-4b5e-4d48-b949-7e70da51826f', 
'669a0865-483c-4284-8f01-2801b133b360', 
'TextItalic', 
'textitalic', 
10, 
0, 
'false', 
false);
INSERT INTO "mendixsystem$attribute" ("id", 
"entity_id", 
"attribute_name", 
"column_name", 
"type", 
"length", 
"default_value", 
"is_auto_number")
 VALUES ('902fdb48-329a-4f74-b56b-c912aaf20119', 
'669a0865-483c-4284-8f01-2801b133b360', 
'TextVerticalalignment', 
'textverticalalignment', 
40, 
6, 
'', 
false);
INSERT INTO "mendixsystem$attribute" ("id", 
"entity_id", 
"attribute_name", 
"column_name", 
"type", 
"length", 
"default_value", 
"is_auto_number")
 VALUES ('e7d71b41-5196-4920-87da-515ef69e51a0', 
'669a0865-483c-4284-8f01-2801b133b360', 
'BorderLeft', 
'borderleft', 
3, 
0, 
'0', 
false);
INSERT INTO "mendixsystem$attribute" ("id", 
"entity_id", 
"attribute_name", 
"column_name", 
"type", 
"length", 
"default_value", 
"is_auto_number")
 VALUES ('246b1ec2-94cc-4fa8-af3a-0e5049025b95', 
'669a0865-483c-4284-8f01-2801b133b360', 
'BorderColor', 
'bordercolor', 
40, 
10, 
'Blank', 
false);
INSERT INTO "mendixsystem$attribute" ("id", 
"entity_id", 
"attribute_name", 
"column_name", 
"type", 
"length", 
"default_value", 
"is_auto_number")
 VALUES ('716948f2-2067-414b-9917-54471ba82920', 
'669a0865-483c-4284-8f01-2801b133b360', 
'TextRotation', 
'textrotation', 
3, 
0, 
'0', 
false);
INSERT INTO "mendixsystem$attribute" ("id", 
"entity_id", 
"attribute_name", 
"column_name", 
"type", 
"length", 
"default_value", 
"is_auto_number")
 VALUES ('b71f9d88-35ba-40ef-a45f-fafe66cde1b1', 
'669a0865-483c-4284-8f01-2801b133b360', 
'TextBold', 
'textbold', 
10, 
0, 
'false', 
false);
INSERT INTO "mendixsystem$attribute" ("id", 
"entity_id", 
"attribute_name", 
"column_name", 
"type", 
"length", 
"default_value", 
"is_auto_number")
 VALUES ('8dd1f430-1d17-4c65-8786-f600e83375b8', 
'669a0865-483c-4284-8f01-2801b133b360', 
'Name', 
'name', 
30, 
200, 
'', 
false);
INSERT INTO "mendixsystem$attribute" ("id", 
"entity_id", 
"attribute_name", 
"column_name", 
"type", 
"length", 
"default_value", 
"is_auto_number")
 VALUES ('5f4b1a77-4a08-4d3d-b5ef-1179643b154f', 
'669a0865-483c-4284-8f01-2801b133b360', 
'DecimalPlaces', 
'decimalplaces', 
3, 
0, 
'0', 
false);
INSERT INTO "mendixsystem$attribute" ("id", 
"entity_id", 
"attribute_name", 
"column_name", 
"type", 
"length", 
"default_value", 
"is_auto_number")
 VALUES ('1c8bf30a-9bf6-36cb-b94b-b66303459eb9', 
'669a0865-483c-4284-8f01-2801b133b360', 
'changedDate', 
'changeddate', 
20, 
0, 
'', 
false);
INSERT INTO "mendixsystem$attribute" ("id", 
"entity_id", 
"attribute_name", 
"column_name", 
"type", 
"length", 
"default_value", 
"is_auto_number")
 VALUES ('0143aa76-7a6b-434b-b968-a3658b35b205', 
'669a0865-483c-4284-8f01-2801b133b360', 
'WrapText', 
'wraptext', 
10, 
0, 
'true', 
false);
INSERT INTO "mendixsystem$attribute" ("id", 
"entity_id", 
"attribute_name", 
"column_name", 
"type", 
"length", 
"default_value", 
"is_auto_number")
 VALUES ('d641b2ff-7c1a-44cf-8b0b-4d0ea698cd4b', 
'669a0865-483c-4284-8f01-2801b133b360', 
'Format', 
'format', 
40, 
7, 
'General', 
false);
INSERT INTO "mendixsystem$attribute" ("id", 
"entity_id", 
"attribute_name", 
"column_name", 
"type", 
"length", 
"default_value", 
"is_auto_number")
 VALUES ('1056cba2-ce4e-3700-a5f1-265ebecad9ce', 
'669a0865-483c-4284-8f01-2801b133b360', 
'createdDate', 
'createddate', 
20, 
0, 
'', 
false);
INSERT INTO "mendixsystem$attribute" ("id", 
"entity_id", 
"attribute_name", 
"column_name", 
"type", 
"length", 
"default_value", 
"is_auto_number")
 VALUES ('849fbad4-92cd-41d5-bffe-745d799dbdd2', 
'669a0865-483c-4284-8f01-2801b133b360', 
'TextUnderline', 
'textunderline', 
10, 
0, 
'false', 
false);
INSERT INTO "mendixsystem$attribute" ("id", 
"entity_id", 
"attribute_name", 
"column_name", 
"type", 
"length", 
"default_value", 
"is_auto_number")
 VALUES ('da956df9-399d-4f45-959e-9db4e61c55e9', 
'669a0865-483c-4284-8f01-2801b133b360', 
'TextAlignment', 
'textalignment', 
40, 
6, 
'', 
false);
INSERT INTO "mendixsystem$attribute" ("id", 
"entity_id", 
"attribute_name", 
"column_name", 
"type", 
"length", 
"default_value", 
"is_auto_number")
 VALUES ('00a97f38-8e00-4635-9f35-b3f26ffd194d', 
'669a0865-483c-4284-8f01-2801b133b360', 
'TextColor', 
'textcolor', 
40, 
10, 
'Black', 
false);
INSERT INTO "mendixsystem$attribute" ("id", 
"entity_id", 
"attribute_name", 
"column_name", 
"type", 
"length", 
"default_value", 
"is_auto_number")
 VALUES ('4f0bbaa9-049c-4c03-9e4d-efd4750559bb', 
'669a0865-483c-4284-8f01-2801b133b360', 
'BackgroundColor', 
'backgroundcolor', 
40, 
10, 
'Blank', 
false);
INSERT INTO "mendixsystem$attribute" ("id", 
"entity_id", 
"attribute_name", 
"column_name", 
"type", 
"length", 
"default_value", 
"is_auto_number")
 VALUES ('122ed7e6-d960-4a40-a53f-e274c75ac272', 
'669a0865-483c-4284-8f01-2801b133b360', 
'BorderTop', 
'bordertop', 
3, 
0, 
'0', 
false);
INSERT INTO "mendixsystem$attribute" ("id", 
"entity_id", 
"attribute_name", 
"column_name", 
"type", 
"length", 
"default_value", 
"is_auto_number")
 VALUES ('c76f8e66-2caa-4506-9f75-81b23473d96a', 
'669a0865-483c-4284-8f01-2801b133b360', 
'BorderRight', 
'borderright', 
3, 
0, 
'0', 
false);
INSERT INTO "mendixsystem$index" ("id", 
"table_id", 
"index_name")
 VALUES ('9819323b-f6ec-31ae-906f-7c2b7e169d6e', 
'669a0865-483c-4284-8f01-2801b133b360', 
'idx_xlsreport$mxcellstyle_system$changedby');
INSERT INTO "mendixsystem$index_column" ("index_id", 
"column_id", 
"sort_order", 
"ordinal")
 VALUES ('9819323b-f6ec-31ae-906f-7c2b7e169d6e', 
'3a688c71-145d-348a-ac4f-8779a23f9e9a', 
false, 
0);
INSERT INTO "mendixsystem$index" ("id", 
"table_id", 
"index_name")
 VALUES ('ddcbb43d-ed0e-3d73-8061-c58b3883f211', 
'669a0865-483c-4284-8f01-2801b133b360', 
'idx_xlsreport$mxcellstyle_system$owner');
INSERT INTO "mendixsystem$index_column" ("index_id", 
"column_id", 
"sort_order", 
"ordinal")
 VALUES ('ddcbb43d-ed0e-3d73-8061-c58b3883f211', 
'5a063ad2-fd05-3bcf-9f68-f0415113934d', 
false, 
0);
INSERT INTO "mendixsystem$association" ("id", 
"association_name", 
"table_name", 
"parent_entity_id", 
"child_entity_id", 
"parent_column_name", 
"child_column_name")
 VALUES ('3a688c71-145d-348a-ac4f-8779a23f9e9a', 
'System.changedBy', 
'system$changedby', 
'669a0865-483c-4284-8f01-2801b133b360', 
'282e2e60-88a5-469d-84a5-ba8d9151644f', 
'id', 
'system$changedby');
INSERT INTO "mendixsystem$association" ("id", 
"association_name", 
"table_name", 
"parent_entity_id", 
"child_entity_id", 
"parent_column_name", 
"child_column_name")
 VALUES ('5a063ad2-fd05-3bcf-9f68-f0415113934d', 
'System.owner', 
'system$owner', 
'669a0865-483c-4284-8f01-2801b133b360', 
'282e2e60-88a5-469d-84a5-ba8d9151644f', 
'id', 
'system$owner');
CREATE TABLE "xlsreport$mxcellstyle_template" (
	"xlsreport$mxcellstyleid" BIGINT NOT NULL,
	"xlsreport$mxtemplateid" BIGINT NOT NULL,
	PRIMARY KEY("xlsreport$mxcellstyleid","xlsreport$mxtemplateid"),
	CONSTRAINT "uniq_xlsreport$mxcellstyle_template_xlsreport$mxcellstyleid" UNIQUE ("xlsreport$mxcellstyleid"));
CREATE INDEX "idx_xlsreport$mxcellstyle_template_xlsreport$mxtemplate_xlsreport$mxcellstyle" ON "xlsreport$mxcellstyle_template" ("xlsreport$mxtemplateid" ASC,"xlsreport$mxcellstyleid" ASC);
INSERT INTO "mendixsystem$association" ("id", 
"association_name", 
"table_name", 
"parent_entity_id", 
"child_entity_id", 
"parent_column_name", 
"child_column_name", 
"index_name")
 VALUES ('28d7cafe-bff3-43c4-bf34-95522ada9a7a', 
'XLSReport.MxCellStyle_Template', 
'xlsreport$mxcellstyle_template', 
'669a0865-483c-4284-8f01-2801b133b360', 
'07cd309e-6e22-4bff-8f7f-1d222c662848', 
'xlsreport$mxcellstyleid', 
'xlsreport$mxtemplateid', 
'idx_xlsreport$mxcellstyle_template_xlsreport$mxtemplate_xlsreport$mxcellstyle');
INSERT INTO "mendixsystem$unique_constraint" ("name", 
"table_id", 
"column_id")
 VALUES ('uniq_xlsreport$mxcellstyle_template_xlsreport$mxcellstyleid', 
'28d7cafe-bff3-43c4-bf34-95522ada9a7a', 
'54e188e2-335e-3efc-bb55-05dd284be457');
CREATE TABLE "ugs$eligibility_account" (
	"ugs$eligibilityid" BIGINT NOT NULL,
	"administration$accountid" BIGINT NOT NULL,
	PRIMARY KEY("ugs$eligibilityid","administration$accountid"),
	CONSTRAINT "uniq_ugs$eligibility_account_ugs$eligibilityid" UNIQUE ("ugs$eligibilityid"));
CREATE INDEX "idx_ugs$eligibility_account_administration$account_ugs$eligibility" ON "ugs$eligibility_account" ("administration$accountid" ASC,"ugs$eligibilityid" ASC);
INSERT INTO "mendixsystem$association" ("id", 
"association_name", 
"table_name", 
"parent_entity_id", 
"child_entity_id", 
"parent_column_name", 
"child_column_name", 
"index_name")
 VALUES ('166cd018-2441-4871-80c6-3fb2228502c7', 
'UGS.Eligibility_Account', 
'ugs$eligibility_account', 
'2d070f3d-484d-4835-a2cc-6e43fc26f4ed', 
'3078a23e-13b2-4a9b-84e4-2881fdee53c6', 
'ugs$eligibilityid', 
'administration$accountid', 
'idx_ugs$eligibility_account_administration$account_ugs$eligibility');
INSERT INTO "mendixsystem$unique_constraint" ("name", 
"table_id", 
"column_id")
 VALUES ('uniq_ugs$eligibility_account_ugs$eligibilityid', 
'166cd018-2441-4871-80c6-3fb2228502c7', 
'8ccc5fab-1762-3fb4-aae3-1408782aa5ab');
CREATE TABLE "ugs$anonymous_eligibility_grantsystem" (
	"ugs$eligibilityid" BIGINT NOT NULL,
	"ugs$grantsystemid" BIGINT NOT NULL,
	PRIMARY KEY("ugs$eligibilityid","ugs$grantsystemid"),
	CONSTRAINT "uniq_ugs$anonymous_eligibility_grantsystem_ugs$eligibilityid" UNIQUE ("ugs$eligibilityid"));
CREATE INDEX "idx_ugs$anonymous_eligibility_grantsystem_ugs$grantsystem_ugs$eligibility" ON "ugs$anonymous_eligibility_grantsystem" ("ugs$grantsystemid" ASC,"ugs$eligibilityid" ASC);
INSERT INTO "mendixsystem$association" ("id", 
"association_name", 
"table_name", 
"parent_entity_id", 
"child_entity_id", 
"parent_column_name", 
"child_column_name", 
"index_name")
 VALUES ('b47b6300-af12-4b97-aedf-55de8c6c6aa3', 
'UGS.Anonymous_Eligibility_GrantSystem', 
'ugs$anonymous_eligibility_grantsystem', 
'2d070f3d-484d-4835-a2cc-6e43fc26f4ed', 
'ba9d4296-9a81-4e9d-af93-a6f38307e8d2', 
'ugs$eligibilityid', 
'ugs$grantsystemid', 
'idx_ugs$anonymous_eligibility_grantsystem_ugs$grantsystem_ugs$eligibility');
INSERT INTO "mendixsystem$unique_constraint" ("name", 
"table_id", 
"column_id")
 VALUES ('uniq_ugs$anonymous_eligibility_grantsystem_ugs$eligibilityid', 
'b47b6300-af12-4b97-aedf-55de8c6c6aa3', 
'05c9253d-1d99-3ef5-9010-99f17011a465');
CREATE TABLE "ugs$grantsystem_printout" (
	"ugs$grantsystemid" BIGINT NOT NULL,
	"ugs$printoutid" BIGINT NOT NULL,
	PRIMARY KEY("ugs$grantsystemid","ugs$printoutid"),
	CONSTRAINT "uniq_ugs$grantsystem_printout_ugs$printoutid" UNIQUE ("ugs$printoutid"),
	CONSTRAINT "uniq_ugs$grantsystem_printout_ugs$grantsystemid" UNIQUE ("ugs$grantsystemid"));
CREATE INDEX "idx_ugs$grantsystem_printout_ugs$printout_ugs$grantsystem" ON "ugs$grantsystem_printout" ("ugs$printoutid" ASC,"ugs$grantsystemid" ASC);
INSERT INTO "mendixsystem$association" ("id", 
"association_name", 
"table_name", 
"parent_entity_id", 
"child_entity_id", 
"parent_column_name", 
"child_column_name", 
"index_name")
 VALUES ('712cd2bd-81bc-4d9a-8b73-ebf4850c4a0d', 
'UGS.GrantSystem_Printout', 
'ugs$grantsystem_printout', 
'ba9d4296-9a81-4e9d-af93-a6f38307e8d2', 
'873b0aa5-7f9d-480c-94d9-52c4b0594596', 
'ugs$grantsystemid', 
'ugs$printoutid', 
'idx_ugs$grantsystem_printout_ugs$printout_ugs$grantsystem');
INSERT INTO "mendixsystem$unique_constraint" ("name", 
"table_id", 
"column_id")
 VALUES ('uniq_ugs$grantsystem_printout_ugs$printoutid', 
'712cd2bd-81bc-4d9a-8b73-ebf4850c4a0d', 
'c0e5e29b-72a0-3f0a-90eb-1764003fde7f');
INSERT INTO "mendixsystem$unique_constraint" ("name", 
"table_id", 
"column_id")
 VALUES ('uniq_ugs$grantsystem_printout_ugs$grantsystemid', 
'712cd2bd-81bc-4d9a-8b73-ebf4850c4a0d', 
'b66e2d2f-f502-3a3a-a3dc-daa1bd781443');
CREATE TABLE "ugs$grantsystem_organization" (
	"ugs$grantsystemid" BIGINT NOT NULL,
	"ugs$organizationid" BIGINT NOT NULL,
	PRIMARY KEY("ugs$grantsystemid","ugs$organizationid"),
	CONSTRAINT "uniq_ugs$grantsystem_organization_ugs$grantsystemid" UNIQUE ("ugs$grantsystemid"));
CREATE INDEX "idx_ugs$grantsystem_organization_ugs$organization_ugs$grantsystem" ON "ugs$grantsystem_organization" ("ugs$organizationid" ASC,"ugs$grantsystemid" ASC);
INSERT INTO "mendixsystem$association" ("id", 
"association_name", 
"table_name", 
"parent_entity_id", 
"child_entity_id", 
"parent_column_name", 
"child_column_name", 
"index_name")
 VALUES ('bab3e4fe-69ef-458c-86a8-c657024a4e3e', 
'UGS.GrantSystem_Organization', 
'ugs$grantsystem_organization', 
'ba9d4296-9a81-4e9d-af93-a6f38307e8d2', 
'09d4ff91-0f1b-4f3e-ba3f-5afcb2d0fcbe', 
'ugs$grantsystemid', 
'ugs$organizationid', 
'idx_ugs$grantsystem_organization_ugs$organization_ugs$grantsystem');
INSERT INTO "mendixsystem$unique_constraint" ("name", 
"table_id", 
"column_id")
 VALUES ('uniq_ugs$grantsystem_organization_ugs$grantsystemid', 
'bab3e4fe-69ef-458c-86a8-c657024a4e3e', 
'93251d21-0a67-3824-b59d-de2267a6df8a');
CREATE TABLE "ugs$grantsystem_aggrement_" (
	"ugs$grantsystemid" BIGINT NOT NULL,
	"ugs$aggrement_id" BIGINT NOT NULL,
	PRIMARY KEY("ugs$grantsystemid","ugs$aggrement_id"),
	CONSTRAINT "uniq_ugs$grantsystem_aggrement__ugs$aggrement_id" UNIQUE ("ugs$aggrement_id"),
	CONSTRAINT "uniq_ugs$grantsystem_aggrement__ugs$grantsystemid" UNIQUE ("ugs$grantsystemid"));
CREATE INDEX "idx_ugs$grantsystem_aggrement__ugs$aggrement__ugs$grantsystem" ON "ugs$grantsystem_aggrement_" ("ugs$aggrement_id" ASC,"ugs$grantsystemid" ASC);
INSERT INTO "mendixsystem$association" ("id", 
"association_name", 
"table_name", 
"parent_entity_id", 
"child_entity_id", 
"parent_column_name", 
"child_column_name", 
"index_name")
 VALUES ('36073687-d90e-4e58-b3cc-a95c088bb047', 
'UGS.GrantSystem_Aggrement_', 
'ugs$grantsystem_aggrement_', 
'ba9d4296-9a81-4e9d-af93-a6f38307e8d2', 
'2a146373-fb98-4771-8ac8-bf609d526add', 
'ugs$grantsystemid', 
'ugs$aggrement_id', 
'idx_ugs$grantsystem_aggrement__ugs$aggrement__ugs$grantsystem');
INSERT INTO "mendixsystem$unique_constraint" ("name", 
"table_id", 
"column_id")
 VALUES ('uniq_ugs$grantsystem_aggrement__ugs$aggrement_id', 
'36073687-d90e-4e58-b3cc-a95c088bb047', 
'cf87000a-968d-3d0a-aafa-ece5e076641e');
INSERT INTO "mendixsystem$unique_constraint" ("name", 
"table_id", 
"column_id")
 VALUES ('uniq_ugs$grantsystem_aggrement__ugs$grantsystemid', 
'36073687-d90e-4e58-b3cc-a95c088bb047', 
'f53128b4-9eea-391d-9b9e-73ce8315a86a');
CREATE TABLE "ugs$casehistory" (
	"id" BIGINT NOT NULL,
	"sender" VARCHAR_IGNORECASE(200) NULL,
	"status" VARCHAR_IGNORECASE(200) NULL,
	"refno" INT NULL,
	"recieved_date" TIMESTAMP NULL,
	"reciever" VARCHAR_IGNORECASE(200) NULL,
	"processed_date" TIMESTAMP NULL,
	"history" VARCHAR_IGNORECASE(200) NULL,
	PRIMARY KEY("id"));
INSERT INTO "mendixsystem$entity" ("id", 
"entity_name", 
"table_name", 
"remote", 
"remote_primary_key")
 VALUES ('3bb9a08d-c5f1-4190-9879-8ce7f0630f8c', 
'UGS.CaseHistory', 
'ugs$casehistory', 
false, 
false);
INSERT INTO "mendixsystem$attribute" ("id", 
"entity_id", 
"attribute_name", 
"column_name", 
"type", 
"length", 
"default_value", 
"is_auto_number")
 VALUES ('3c84eced-859b-402b-890c-53ec26c26a41', 
'3bb9a08d-c5f1-4190-9879-8ce7f0630f8c', 
'Sender', 
'sender', 
30, 
200, 
'', 
false);
INSERT INTO "mendixsystem$attribute" ("id", 
"entity_id", 
"attribute_name", 
"column_name", 
"type", 
"length", 
"default_value", 
"is_auto_number")
 VALUES ('30f33fbe-4344-48a2-8d8f-7b8b3e2b6a7c', 
'3bb9a08d-c5f1-4190-9879-8ce7f0630f8c', 
'Status', 
'status', 
30, 
200, 
'', 
false);
INSERT INTO "mendixsystem$attribute" ("id", 
"entity_id", 
"attribute_name", 
"column_name", 
"type", 
"length", 
"default_value", 
"is_auto_number")
 VALUES ('7a4be7d8-641d-46c7-b302-107dad049873', 
'3bb9a08d-c5f1-4190-9879-8ce7f0630f8c', 
'RefNo', 
'refno', 
3, 
0, 
'', 
false);
INSERT INTO "mendixsystem$attribute" ("id", 
"entity_id", 
"attribute_name", 
"column_name", 
"type", 
"length", 
"default_value", 
"is_auto_number")
 VALUES ('542f7945-0347-4c96-984d-b4099c09ea1f', 
'3bb9a08d-c5f1-4190-9879-8ce7f0630f8c', 
'Recieved_Date', 
'recieved_date', 
20, 
0, 
'', 
false);
INSERT INTO "mendixsystem$attribute" ("id", 
"entity_id", 
"attribute_name", 
"column_name", 
"type", 
"length", 
"default_value", 
"is_auto_number")
 VALUES ('67f1a002-31d5-4731-b10d-096523efe783', 
'3bb9a08d-c5f1-4190-9879-8ce7f0630f8c', 
'Reciever', 
'reciever', 
30, 
200, 
'', 
false);
INSERT INTO "mendixsystem$attribute" ("id", 
"entity_id", 
"attribute_name", 
"column_name", 
"type", 
"length", 
"default_value", 
"is_auto_number")
 VALUES ('f4c6f918-b1e5-43b5-b332-c155a998e452', 
'3bb9a08d-c5f1-4190-9879-8ce7f0630f8c', 
'Processed_Date', 
'processed_date', 
20, 
0, 
'', 
false);
INSERT INTO "mendixsystem$attribute" ("id", 
"entity_id", 
"attribute_name", 
"column_name", 
"type", 
"length", 
"default_value", 
"is_auto_number")
 VALUES ('8d35ad55-fe2a-4a20-8c44-3b788ad6a2da', 
'3bb9a08d-c5f1-4190-9879-8ce7f0630f8c', 
'History', 
'history', 
30, 
200, 
'History
', 
false);
CREATE TABLE "ugs$casehistory_casemangement" (
	"ugs$casehistoryid" BIGINT NOT NULL,
	"ugs$casemangementid" BIGINT NOT NULL,
	PRIMARY KEY("ugs$casehistoryid","ugs$casemangementid"),
	CONSTRAINT "uniq_ugs$casehistory_casemangement_ugs$casehistoryid" UNIQUE ("ugs$casehistoryid"));
CREATE INDEX "idx_ugs$casehistory_casemangement_ugs$casemangement_ugs$casehistory" ON "ugs$casehistory_casemangement" ("ugs$casemangementid" ASC,"ugs$casehistoryid" ASC);
INSERT INTO "mendixsystem$association" ("id", 
"association_name", 
"table_name", 
"parent_entity_id", 
"child_entity_id", 
"parent_column_name", 
"child_column_name", 
"index_name")
 VALUES ('9b077bed-3088-4031-9c18-cf4d1019e1ad', 
'UGS.CaseHistory_CaseMangement', 
'ugs$casehistory_casemangement', 
'3bb9a08d-c5f1-4190-9879-8ce7f0630f8c', 
'f4a695f5-122b-46a4-9acd-8cf14e8ba8ef', 
'ugs$casehistoryid', 
'ugs$casemangementid', 
'idx_ugs$casehistory_casemangement_ugs$casemangement_ugs$casehistory');
INSERT INTO "mendixsystem$unique_constraint" ("name", 
"table_id", 
"column_id")
 VALUES ('uniq_ugs$casehistory_casemangement_ugs$casehistoryid', 
'9b077bed-3088-4031-9c18-cf4d1019e1ad', 
'e7709282-2bb5-3006-b623-ee4c5704ac81');
CREATE TABLE "dynamicform$intermediate_template" (
	"dynamicform$intermediateid" BIGINT NOT NULL,
	"dynamicform$templateid" BIGINT NOT NULL,
	PRIMARY KEY("dynamicform$intermediateid","dynamicform$templateid"),
	CONSTRAINT "uniq_dynamicform$intermediate_template_dynamicform$intermediateid" UNIQUE ("dynamicform$intermediateid"));
CREATE INDEX "idx_dynamicform$intermediate_template_dynamicform$template_dynamicform$intermediate" ON "dynamicform$intermediate_template" ("dynamicform$templateid" ASC,"dynamicform$intermediateid" ASC);
INSERT INTO "mendixsystem$association" ("id", 
"association_name", 
"table_name", 
"parent_entity_id", 
"child_entity_id", 
"parent_column_name", 
"child_column_name", 
"index_name")
 VALUES ('0415ec7c-b2eb-42b9-b7c5-f97454c36593', 
'DynamicForm.Intermediate_Template', 
'dynamicform$intermediate_template', 
'7e9119d9-851e-4762-a7a0-3b74bebbeba4', 
'c489c3e6-1182-4725-a38a-262f3adc7837', 
'dynamicform$intermediateid', 
'dynamicform$templateid', 
'idx_dynamicform$intermediate_template_dynamicform$template_dynamicform$intermediate');
INSERT INTO "mendixsystem$unique_constraint" ("name", 
"table_id", 
"column_id")
 VALUES ('uniq_dynamicform$intermediate_template_dynamicform$intermediateid', 
'0415ec7c-b2eb-42b9-b7c5-f97454c36593', 
'a9d5e601-0851-37d1-95e7-ac842022baa0');
CREATE TABLE "dynamicform$intermediate_grantsystem" (
	"dynamicform$intermediateid" BIGINT NOT NULL,
	"ugs$grantsystemid" BIGINT NOT NULL,
	PRIMARY KEY("dynamicform$intermediateid","ugs$grantsystemid"),
	CONSTRAINT "uniq_dynamicform$intermediate_grantsystem_dynamicform$intermediateid" UNIQUE ("dynamicform$intermediateid"));
CREATE INDEX "idx_dynamicform$intermediate_grantsystem_ugs$grantsystem_dynamicform$intermediate" ON "dynamicform$intermediate_grantsystem" ("ugs$grantsystemid" ASC,"dynamicform$intermediateid" ASC);
INSERT INTO "mendixsystem$association" ("id", 
"association_name", 
"table_name", 
"parent_entity_id", 
"child_entity_id", 
"parent_column_name", 
"child_column_name", 
"index_name")
 VALUES ('d66c9466-3187-499f-a87e-67f4ad2788e4', 
'DynamicForm.Intermediate_GrantSystem', 
'dynamicform$intermediate_grantsystem', 
'7e9119d9-851e-4762-a7a0-3b74bebbeba4', 
'ba9d4296-9a81-4e9d-af93-a6f38307e8d2', 
'dynamicform$intermediateid', 
'ugs$grantsystemid', 
'idx_dynamicform$intermediate_grantsystem_ugs$grantsystem_dynamicform$intermediate');
INSERT INTO "mendixsystem$unique_constraint" ("name", 
"table_id", 
"column_id")
 VALUES ('uniq_dynamicform$intermediate_grantsystem_dynamicform$intermediateid', 
'd66c9466-3187-499f-a87e-67f4ad2788e4', 
'bdc500ba-0348-3070-8a04-c2eb5a0f4682');
CREATE TABLE "ugs$reviewquestion" (
	"id" BIGINT NOT NULL,
	"question" VARCHAR_IGNORECASE(200) NULL,
	PRIMARY KEY("id"));
INSERT INTO "mendixsystem$entity" ("id", 
"entity_name", 
"table_name", 
"remote", 
"remote_primary_key")
 VALUES ('489243b4-40a5-4c11-a326-23c5f13452a0', 
'UGS.ReviewQuestion', 
'ugs$reviewquestion', 
false, 
false);
INSERT INTO "mendixsystem$attribute" ("id", 
"entity_id", 
"attribute_name", 
"column_name", 
"type", 
"length", 
"default_value", 
"is_auto_number")
 VALUES ('ebf1c7d7-6f34-4d90-b25b-1fda7593c6ce', 
'489243b4-40a5-4c11-a326-23c5f13452a0', 
'Question', 
'question', 
30, 
200, 
'', 
false);
CREATE TABLE "ugs$reviewquestion_reviewq" (
	"ugs$reviewquestionid" BIGINT NOT NULL,
	"ugs$reviewqid" BIGINT NOT NULL,
	PRIMARY KEY("ugs$reviewquestionid","ugs$reviewqid"),
	CONSTRAINT "uniq_ugs$reviewquestion_reviewq_ugs$reviewquestionid" UNIQUE ("ugs$reviewquestionid"));
CREATE INDEX "idx_ugs$reviewquestion_reviewq_ugs$reviewq_ugs$reviewquestion" ON "ugs$reviewquestion_reviewq" ("ugs$reviewqid" ASC,"ugs$reviewquestionid" ASC);
INSERT INTO "mendixsystem$association" ("id", 
"association_name", 
"table_name", 
"parent_entity_id", 
"child_entity_id", 
"parent_column_name", 
"child_column_name", 
"index_name")
 VALUES ('ff9e7ad3-457b-4ee8-bd5a-72b75d398613', 
'UGS.ReviewQuestion_ReviewQ', 
'ugs$reviewquestion_reviewq', 
'489243b4-40a5-4c11-a326-23c5f13452a0', 
'6eba868a-b197-4a6b-aeeb-f6aa78e70b13', 
'ugs$reviewquestionid', 
'ugs$reviewqid', 
'idx_ugs$reviewquestion_reviewq_ugs$reviewq_ugs$reviewquestion');
INSERT INTO "mendixsystem$unique_constraint" ("name", 
"table_id", 
"column_id")
 VALUES ('uniq_ugs$reviewquestion_reviewq_ugs$reviewquestionid', 
'ff9e7ad3-457b-4ee8-bd5a-72b75d398613', 
'be0229c8-73b0-323c-a904-40647783137d');
CREATE TABLE "ugs$organization" (
	"id" BIGINT NOT NULL,
	"orgid" BIGINT NULL,
	"orgname" VARCHAR_IGNORECASE(200) NULL,
	PRIMARY KEY("id"));
CREATE SEQUENCE "ugs$organization_orgid_mxseq" AS BIGINT START WITH 1;
INSERT INTO "mendixsystem$entity" ("id", 
"entity_name", 
"table_name", 
"remote", 
"remote_primary_key")
 VALUES ('09d4ff91-0f1b-4f3e-ba3f-5afcb2d0fcbe', 
'UGS.Organization', 
'ugs$organization', 
false, 
false);
INSERT INTO "mendixsystem$attribute" ("id", 
"entity_id", 
"attribute_name", 
"column_name", 
"type", 
"length", 
"default_value", 
"is_auto_number")
 VALUES ('14d6c3d1-e028-42fa-8239-5491a464d489', 
'09d4ff91-0f1b-4f3e-ba3f-5afcb2d0fcbe', 
'OrgID', 
'orgid', 
0, 
0, 
'1', 
true);
INSERT INTO "mendixsystem$sequence" ("attribute_id", 
"name", 
"start_value", 
"current_value")
 VALUES ('14d6c3d1-e028-42fa-8239-5491a464d489', 
'ugs$organization_orgid_mxseq', 
1, 
0);
INSERT INTO "mendixsystem$attribute" ("id", 
"entity_id", 
"attribute_name", 
"column_name", 
"type", 
"length", 
"default_value", 
"is_auto_number")
 VALUES ('3301890f-d382-4fbc-a806-fb0471708977', 
'09d4ff91-0f1b-4f3e-ba3f-5afcb2d0fcbe', 
'OrgName', 
'orgname', 
30, 
200, 
'', 
false);
CREATE TABLE "ugs$voucher" (
	"id" BIGINT NOT NULL,
	"id_" VARCHAR_IGNORECASE(200) NULL,
	PRIMARY KEY("id"));
INSERT INTO "mendixsystem$entity" ("id", 
"entity_name", 
"table_name", 
"superentity_id", 
"remote", 
"remote_primary_key")
 VALUES ('3acccdb2-ab8d-4d4b-a50a-4e5e629356e1', 
'UGS.Voucher', 
'ugs$voucher', 
'170ce49d-f29c-4fac-99a6-b55e8a3aeb39', 
false, 
false);
INSERT INTO "mendixsystem$attribute" ("id", 
"entity_id", 
"attribute_name", 
"column_name", 
"type", 
"length", 
"default_value", 
"is_auto_number")
 VALUES ('b2d90bdb-4760-4bf3-afaf-c1e9690c2e82', 
'3acccdb2-ab8d-4d4b-a50a-4e5e629356e1', 
'Id_', 
'id_', 
30, 
200, 
'', 
false);
CREATE TABLE "ugs$voucher_history" (
	"ugs$voucherid" BIGINT NOT NULL,
	"ugs$historyid" BIGINT NOT NULL,
	PRIMARY KEY("ugs$voucherid","ugs$historyid"),
	CONSTRAINT "uniq_ugs$voucher_history_ugs$historyid" UNIQUE ("ugs$historyid"),
	CONSTRAINT "uniq_ugs$voucher_history_ugs$voucherid" UNIQUE ("ugs$voucherid"));
CREATE INDEX "idx_ugs$voucher_history_ugs$history_ugs$voucher" ON "ugs$voucher_history" ("ugs$historyid" ASC,"ugs$voucherid" ASC);
INSERT INTO "mendixsystem$association" ("id", 
"association_name", 
"table_name", 
"parent_entity_id", 
"child_entity_id", 
"parent_column_name", 
"child_column_name", 
"index_name")
 VALUES ('11484f4d-498a-4866-8b56-bb283c0af84e', 
'UGS.Voucher_History', 
'ugs$voucher_history', 
'3acccdb2-ab8d-4d4b-a50a-4e5e629356e1', 
'e70f3c9e-bd90-43f9-ad40-9ae4878cc803', 
'ugs$voucherid', 
'ugs$historyid', 
'idx_ugs$voucher_history_ugs$history_ugs$voucher');
INSERT INTO "mendixsystem$unique_constraint" ("name", 
"table_id", 
"column_id")
 VALUES ('uniq_ugs$voucher_history_ugs$historyid', 
'11484f4d-498a-4866-8b56-bb283c0af84e', 
'24e84d62-dfe2-3e88-99ab-62c9ce52a7cf');
INSERT INTO "mendixsystem$unique_constraint" ("name", 
"table_id", 
"column_id")
 VALUES ('uniq_ugs$voucher_history_ugs$voucherid', 
'11484f4d-498a-4866-8b56-bb283c0af84e', 
'8b274ade-7ade-3563-943d-a154a8b243e9');
CREATE TABLE "ugs$aggrement_" (
	"id" BIGINT NOT NULL,
	"content" VARCHAR_IGNORECASE(2147483647) NULL,
	"terms_and_conditions" VARCHAR_IGNORECASE(2147483647) NULL,
	PRIMARY KEY("id"));
INSERT INTO "mendixsystem$entity" ("id", 
"entity_name", 
"table_name", 
"superentity_id", 
"remote", 
"remote_primary_key")
 VALUES ('2a146373-fb98-4771-8ac8-bf609d526add', 
'UGS.Aggrement_', 
'ugs$aggrement_', 
'170ce49d-f29c-4fac-99a6-b55e8a3aeb39', 
false, 
false);
INSERT INTO "mendixsystem$attribute" ("id", 
"entity_id", 
"attribute_name", 
"column_name", 
"type", 
"length", 
"default_value", 
"is_auto_number")
 VALUES ('a5c27bec-1433-4807-833c-48efb53af255', 
'2a146373-fb98-4771-8ac8-bf609d526add', 
'Content', 
'content', 
30, 
0, 
'MOE of Singapore is pleased to inform you that the Board of Directors has approved a grant for the purposes described in section (b) below. MOE of Singapore and our network of grantee-partners and advisors look forward to your project being completed.', 
false);
INSERT INTO "mendixsystem$attribute" ("id", 
"entity_id", 
"attribute_name", 
"column_name", 
"type", 
"length", 
"default_value", 
"is_auto_number")
 VALUES ('cb1d6ac0-dad1-43a8-a698-e584518b046e', 
'2a146373-fb98-4771-8ac8-bf609d526add', 
'Terms_and_Conditions', 
'terms_and_conditions', 
30, 
0, 
'I. TERMS

In order for us to make payment of these funds, we require formal acceptance of the terms that follow, as well as completion of the attached documents:

1. An authorized representative of must sign this contract letter and fill out the accompanying forms as instructed.                    

2. Parameters of the Funding

3. Funds not used for the purposes described in section I(b) must be returned to MOE of Singapore , unless a written request to use such funds for a different purpose is submitted and approved in writing by MOE of Singapore in advance. (See the Important Information document for more information on budget change protocols.)

4. By signing this contract you acknowledge that you have not received funding for the proposed activities from another source. If you have received such funding, you will notify MOE of Singapore.

5 .Agrees to maintain an accurate record of all expenditures made under this grant, including copies of purchase receipts. Your organization also agrees to retain such records for a period of 4 years following closure of the grant. Access to these records will be provided to MOE of Singapore or its designated representative upon request.

6. Within 12 months of the date that the payment is made, you agree to provide us with a narrative and financial report using MOE of Singapore reporting template on the use of grant funds.

7. If your organization needs more than 12 months to make full use of the funds, an extension should be requested.

8. During the grant period, MOE of Singapore may conduct evaluations of your organization and its programs. agrees to participate in these activities. The fees and expenses associated with such evaluations will be paid by MOE of Singapore.




II. AGREEMENT & SIGNATURE

Through this grant, we are supporting your organizations efforts to complete an important program. We look forward to learning more about your programs and sharing those lessons with our partners and the public. Please note that MOE of Singapore will include information on this grant in its publications. We value and honor your work. On behalf of the Foundation, I extend our best wishes for the success of this endeavor. 

', 
false);
CREATE TABLE "ugs$casemangement" (
	"id" BIGINT NOT NULL,
	"status" VARCHAR_IGNORECASE(10) NULL,
	"return_gmhq" VARCHAR_IGNORECASE(31) NULL,
	"ref_no" BIGINT NULL,
	"dynamic" BOOLEAN NULL,
	"currentorder" INT NULL,
	"casestatement" VARCHAR_IGNORECASE(500) NULL,
	"amount" BIGINT NULL,
	"request" BOOLEAN NULL,
	"history" VARCHAR_IGNORECASE(200) NULL,
	"enddate" TIMESTAMP NULL,
	"casetypesgm" VARCHAR_IGNORECASE(37) NULL,
	"finace_comments" VARCHAR_IGNORECASE(200) NULL,
	"investigationofficer_comments" VARCHAR_IGNORECASE(200) NULL,
	"studyphase" BOOLEAN NULL,
	"casetypes" VARCHAR_IGNORECASE(18) NULL,
	"startdate" TIMESTAMP NULL,
	"gm_comments" VARCHAR_IGNORECASE(200) NULL,
	"gm_hqcomments" VARCHAR_IGNORECASE(200) NULL,
	"submit" BOOLEAN NULL,
	"submitgm" BOOLEAN NULL,
	"forwardstatus" VARCHAR_IGNORECASE(29) NULL,
	"return_fa" VARCHAR_IGNORECASE(23) NULL,
	"system$owner" BIGINT NULL,
	PRIMARY KEY("id"));
CREATE SEQUENCE "ugs$casemangement_ref_no_mxseq" AS BIGINT START WITH 1;
CREATE INDEX "idx_ugs$casemangement_system$owner" ON "ugs$casemangement" ("system$owner" ASC,"id" ASC);
INSERT INTO "mendixsystem$entity" ("id", 
"entity_name", 
"table_name", 
"remote", 
"remote_primary_key")
 VALUES ('f4a695f5-122b-46a4-9acd-8cf14e8ba8ef', 
'UGS.CaseMangement', 
'ugs$casemangement', 
false, 
false);
INSERT INTO "mendixsystem$attribute" ("id", 
"entity_id", 
"attribute_name", 
"column_name", 
"type", 
"length", 
"default_value", 
"is_auto_number")
 VALUES ('c3db2a78-4e85-4d5d-9c6a-02c828764445', 
'f4a695f5-122b-46a4-9acd-8cf14e8ba8ef', 
'Status', 
'status', 
40, 
10, 
'', 
false);
INSERT INTO "mendixsystem$attribute" ("id", 
"entity_id", 
"attribute_name", 
"column_name", 
"type", 
"length", 
"default_value", 
"is_auto_number")
 VALUES ('9b340071-37d4-4d42-8959-ecca57601815', 
'f4a695f5-122b-46a4-9acd-8cf14e8ba8ef', 
'Return_GMHQ', 
'return_gmhq', 
40, 
31, 
'', 
false);
INSERT INTO "mendixsystem$attribute" ("id", 
"entity_id", 
"attribute_name", 
"column_name", 
"type", 
"length", 
"default_value", 
"is_auto_number")
 VALUES ('16fd4aa2-5ae9-40fa-9590-a464be894c1b', 
'f4a695f5-122b-46a4-9acd-8cf14e8ba8ef', 
'Ref_No', 
'ref_no', 
0, 
0, 
'1', 
true);
INSERT INTO "mendixsystem$sequence" ("attribute_id", 
"name", 
"start_value", 
"current_value")
 VALUES ('16fd4aa2-5ae9-40fa-9590-a464be894c1b', 
'ugs$casemangement_ref_no_mxseq', 
1, 
0);
INSERT INTO "mendixsystem$attribute" ("id", 
"entity_id", 
"attribute_name", 
"column_name", 
"type", 
"length", 
"default_value", 
"is_auto_number")
 VALUES ('26fc1632-850b-444e-97e6-770ac37df78b', 
'f4a695f5-122b-46a4-9acd-8cf14e8ba8ef', 
'Dynamic', 
'dynamic', 
10, 
0, 
'false', 
false);
INSERT INTO "mendixsystem$attribute" ("id", 
"entity_id", 
"attribute_name", 
"column_name", 
"type", 
"length", 
"default_value", 
"is_auto_number")
 VALUES ('b8fb927a-ba2a-421a-a5a3-afca8450db13', 
'f4a695f5-122b-46a4-9acd-8cf14e8ba8ef', 
'CurrentOrder', 
'currentorder', 
3, 
0, 
'1', 
false);
INSERT INTO "mendixsystem$attribute" ("id", 
"entity_id", 
"attribute_name", 
"column_name", 
"type", 
"length", 
"default_value", 
"is_auto_number")
 VALUES ('b41afac9-eb66-4fd3-9e8c-2f14d1379b9f', 
'f4a695f5-122b-46a4-9acd-8cf14e8ba8ef', 
'CaseStatement', 
'casestatement', 
30, 
500, 
'', 
false);
INSERT INTO "mendixsystem$attribute" ("id", 
"entity_id", 
"attribute_name", 
"column_name", 
"type", 
"length", 
"default_value", 
"is_auto_number")
 VALUES ('29b2b8ae-3842-4102-82b6-1ef80520256a', 
'f4a695f5-122b-46a4-9acd-8cf14e8ba8ef', 
'Amount', 
'amount', 
4, 
0, 
'0', 
false);
INSERT INTO "mendixsystem$attribute" ("id", 
"entity_id", 
"attribute_name", 
"column_name", 
"type", 
"length", 
"default_value", 
"is_auto_number")
 VALUES ('a97d22dc-7304-4d6a-96e5-f0dba90f254f', 
'f4a695f5-122b-46a4-9acd-8cf14e8ba8ef', 
'Request', 
'request', 
10, 
0, 
'false', 
false);
INSERT INTO "mendixsystem$attribute" ("id", 
"entity_id", 
"attribute_name", 
"column_name", 
"type", 
"length", 
"default_value", 
"is_auto_number")
 VALUES ('1dddc9f6-9f79-4079-b9ed-107e805a7712', 
'f4a695f5-122b-46a4-9acd-8cf14e8ba8ef', 
'History', 
'history', 
30, 
200, 
'', 
false);
INSERT INTO "mendixsystem$attribute" ("id", 
"entity_id", 
"attribute_name", 
"column_name", 
"type", 
"length", 
"default_value", 
"is_auto_number")
 VALUES ('52c2a827-2bec-41d0-8841-ac074bc5f45b', 
'f4a695f5-122b-46a4-9acd-8cf14e8ba8ef', 
'EndDate', 
'enddate', 
20, 
0, 
'', 
false);
INSERT INTO "mendixsystem$attribute" ("id", 
"entity_id", 
"attribute_name", 
"column_name", 
"type", 
"length", 
"default_value", 
"is_auto_number")
 VALUES ('96b13114-831a-498e-bdb2-08a9e090ec85', 
'f4a695f5-122b-46a4-9acd-8cf14e8ba8ef', 
'CaseTypesGM', 
'casetypesgm', 
40, 
37, 
'', 
false);
INSERT INTO "mendixsystem$attribute" ("id", 
"entity_id", 
"attribute_name", 
"column_name", 
"type", 
"length", 
"default_value", 
"is_auto_number")
 VALUES ('2f9d7b9c-2a72-45f2-a99a-9bd5eadc9cc5', 
'f4a695f5-122b-46a4-9acd-8cf14e8ba8ef', 
'Finace_Comments', 
'finace_comments', 
30, 
200, 
'', 
false);
INSERT INTO "mendixsystem$attribute" ("id", 
"entity_id", 
"attribute_name", 
"column_name", 
"type", 
"length", 
"default_value", 
"is_auto_number")
 VALUES ('73c9c047-a82e-44f8-b405-c775b9e420ad', 
'f4a695f5-122b-46a4-9acd-8cf14e8ba8ef', 
'InvestigationOfficer_Comments', 
'investigationofficer_comments', 
30, 
200, 
'', 
false);
INSERT INTO "mendixsystem$attribute" ("id", 
"entity_id", 
"attribute_name", 
"column_name", 
"type", 
"length", 
"default_value", 
"is_auto_number")
 VALUES ('76952cb8-bf16-4996-a774-922f589921e0', 
'f4a695f5-122b-46a4-9acd-8cf14e8ba8ef', 
'StudyPhase', 
'studyphase', 
10, 
0, 
'false', 
false);
INSERT INTO "mendixsystem$attribute" ("id", 
"entity_id", 
"attribute_name", 
"column_name", 
"type", 
"length", 
"default_value", 
"is_auto_number")
 VALUES ('ce49449c-cc2d-43f5-ab0b-e809b86b9c7f', 
'f4a695f5-122b-46a4-9acd-8cf14e8ba8ef', 
'CaseTypes', 
'casetypes', 
40, 
18, 
'', 
false);
INSERT INTO "mendixsystem$attribute" ("id", 
"entity_id", 
"attribute_name", 
"column_name", 
"type", 
"length", 
"default_value", 
"is_auto_number")
 VALUES ('57a9c405-e0aa-4cb2-a315-0026ed521744', 
'f4a695f5-122b-46a4-9acd-8cf14e8ba8ef', 
'StartDate', 
'startdate', 
20, 
0, 
'', 
false);
INSERT INTO "mendixsystem$attribute" ("id", 
"entity_id", 
"attribute_name", 
"column_name", 
"type", 
"length", 
"default_value", 
"is_auto_number")
 VALUES ('ef804dfb-8231-4113-bb53-361342afea14', 
'f4a695f5-122b-46a4-9acd-8cf14e8ba8ef', 
'GM_Comments', 
'gm_comments', 
30, 
200, 
'', 
false);
INSERT INTO "mendixsystem$attribute" ("id", 
"entity_id", 
"attribute_name", 
"column_name", 
"type", 
"length", 
"default_value", 
"is_auto_number")
 VALUES ('7eda7500-c0e2-4ac8-aca2-97ad91f9d2f1', 
'f4a695f5-122b-46a4-9acd-8cf14e8ba8ef', 
'GM_HQComments', 
'gm_hqcomments', 
30, 
200, 
'', 
false);
INSERT INTO "mendixsystem$attribute" ("id", 
"entity_id", 
"attribute_name", 
"column_name", 
"type", 
"length", 
"default_value", 
"is_auto_number")
 VALUES ('10baa8a4-adb8-4e0f-89f5-b2fb322e6b83', 
'f4a695f5-122b-46a4-9acd-8cf14e8ba8ef', 
'Submit', 
'submit', 
10, 
0, 
'false', 
false);
INSERT INTO "mendixsystem$attribute" ("id", 
"entity_id", 
"attribute_name", 
"column_name", 
"type", 
"length", 
"default_value", 
"is_auto_number")
 VALUES ('19839590-4858-4a19-9341-605dd22244cf', 
'f4a695f5-122b-46a4-9acd-8cf14e8ba8ef', 
'SubmitGM', 
'submitgm', 
10, 
0, 
'false', 
false);
INSERT INTO "mendixsystem$attribute" ("id", 
"entity_id", 
"attribute_name", 
"column_name", 
"type", 
"length", 
"default_value", 
"is_auto_number")
 VALUES ('fd20a1d0-5e88-41ad-ba69-fe916baae941', 
'f4a695f5-122b-46a4-9acd-8cf14e8ba8ef', 
'ForwardStatus', 
'forwardstatus', 
40, 
29, 
'', 
false);
INSERT INTO "mendixsystem$attribute" ("id", 
"entity_id", 
"attribute_name", 
"column_name", 
"type", 
"length", 
"default_value", 
"is_auto_number")
 VALUES ('84fb5e20-94fc-4cc0-8a30-05a33a6d5c08', 
'f4a695f5-122b-46a4-9acd-8cf14e8ba8ef', 
'Return_FA', 
'return_fa', 
40, 
23, 
'', 
false);
INSERT INTO "mendixsystem$index" ("id", 
"table_id", 
"index_name")
 VALUES ('b767cf58-8d7c-3a85-bd60-2ba06fee4123', 
'f4a695f5-122b-46a4-9acd-8cf14e8ba8ef', 
'idx_ugs$casemangement_system$owner');
INSERT INTO "mendixsystem$index_column" ("index_id", 
"column_id", 
"sort_order", 
"ordinal")
 VALUES ('b767cf58-8d7c-3a85-bd60-2ba06fee4123', 
'e3882c67-4d6a-3c4c-b0bf-c61d03d39739', 
false, 
0);
INSERT INTO "mendixsystem$association" ("id", 
"association_name", 
"table_name", 
"parent_entity_id", 
"child_entity_id", 
"parent_column_name", 
"child_column_name")
 VALUES ('e3882c67-4d6a-3c4c-b0bf-c61d03d39739', 
'System.owner', 
'system$owner', 
'f4a695f5-122b-46a4-9acd-8cf14e8ba8ef', 
'282e2e60-88a5-469d-84a5-ba8d9151644f', 
'id', 
'system$owner');
CREATE TABLE "ugs$casemangement_grantsystem" (
	"ugs$casemangementid" BIGINT NOT NULL,
	"ugs$grantsystemid" BIGINT NOT NULL,
	PRIMARY KEY("ugs$casemangementid","ugs$grantsystemid"),
	CONSTRAINT "uniq_ugs$casemangement_grantsystem_ugs$casemangementid" UNIQUE ("ugs$casemangementid"));
CREATE INDEX "idx_ugs$casemangement_grantsystem_ugs$grantsystem_ugs$casemangement" ON "ugs$casemangement_grantsystem" ("ugs$grantsystemid" ASC,"ugs$casemangementid" ASC);
INSERT INTO "mendixsystem$association" ("id", 
"association_name", 
"table_name", 
"parent_entity_id", 
"child_entity_id", 
"parent_column_name", 
"child_column_name", 
"index_name")
 VALUES ('f5cf913e-de00-4a6b-bdf0-32a1d9ade19e', 
'UGS.CaseMangement_GrantSystem', 
'ugs$casemangement_grantsystem', 
'f4a695f5-122b-46a4-9acd-8cf14e8ba8ef', 
'ba9d4296-9a81-4e9d-af93-a6f38307e8d2', 
'ugs$casemangementid', 
'ugs$grantsystemid', 
'idx_ugs$casemangement_grantsystem_ugs$grantsystem_ugs$casemangement');
INSERT INTO "mendixsystem$unique_constraint" ("name", 
"table_id", 
"column_id")
 VALUES ('uniq_ugs$casemangement_grantsystem_ugs$casemangementid', 
'f5cf913e-de00-4a6b-bdf0-32a1d9ade19e', 
'4d51ed8e-2246-3719-9c60-909d2ad4a343');
CREATE TABLE "ugs$applicant_case" (
	"ugs$casemangementid" BIGINT NOT NULL,
	"administration$accountid" BIGINT NOT NULL,
	PRIMARY KEY("ugs$casemangementid","administration$accountid"),
	CONSTRAINT "uniq_ugs$applicant_case_ugs$casemangementid" UNIQUE ("ugs$casemangementid"));
CREATE INDEX "idx_ugs$applicant_case_administration$account_ugs$casemangement" ON "ugs$applicant_case" ("administration$accountid" ASC,"ugs$casemangementid" ASC);
INSERT INTO "mendixsystem$association" ("id", 
"association_name", 
"table_name", 
"parent_entity_id", 
"child_entity_id", 
"parent_column_name", 
"child_column_name", 
"index_name")
 VALUES ('8779093b-7dcb-4faf-af72-a90de3d025f1', 
'UGS.Applicant_Case', 
'ugs$applicant_case', 
'f4a695f5-122b-46a4-9acd-8cf14e8ba8ef', 
'3078a23e-13b2-4a9b-84e4-2881fdee53c6', 
'ugs$casemangementid', 
'administration$accountid', 
'idx_ugs$applicant_case_administration$account_ugs$casemangement');
INSERT INTO "mendixsystem$unique_constraint" ("name", 
"table_id", 
"column_id")
 VALUES ('uniq_ugs$applicant_case_ugs$casemangementid', 
'8779093b-7dcb-4faf-af72-a90de3d025f1', 
'dcde804c-14ce-3531-8146-9c4fdb1b3b6f');
CREATE TABLE "ugs$casemangement_currentholdingaccount" (
	"ugs$casemangementid" BIGINT NOT NULL,
	"administration$accountid" BIGINT NOT NULL,
	PRIMARY KEY("ugs$casemangementid","administration$accountid"),
	CONSTRAINT "uniq_ugs$casemangement_currentholdingaccount_administration$accountid" UNIQUE ("administration$accountid"),
	CONSTRAINT "uniq_ugs$casemangement_currentholdingaccount_ugs$casemangementid" UNIQUE ("ugs$casemangementid"));
CREATE INDEX "idx_ugs$casemangement_currentholdingaccount_administration$account_ugs$casemangement" ON "ugs$casemangement_currentholdingaccount" ("administration$accountid" ASC,"ugs$casemangementid" ASC);
INSERT INTO "mendixsystem$association" ("id", 
"association_name", 
"table_name", 
"parent_entity_id", 
"child_entity_id", 
"parent_column_name", 
"child_column_name", 
"index_name")
 VALUES ('54775414-fa6c-4c32-bfb6-5ace71e00e2d', 
'UGS.CaseMangement_CurrentHoldingAccount', 
'ugs$casemangement_currentholdingaccount', 
'f4a695f5-122b-46a4-9acd-8cf14e8ba8ef', 
'3078a23e-13b2-4a9b-84e4-2881fdee53c6', 
'ugs$casemangementid', 
'administration$accountid', 
'idx_ugs$casemangement_currentholdingaccount_administration$account_ugs$casemangement');
INSERT INTO "mendixsystem$unique_constraint" ("name", 
"table_id", 
"column_id")
 VALUES ('uniq_ugs$casemangement_currentholdingaccount_administration$accountid', 
'54775414-fa6c-4c32-bfb6-5ace71e00e2d', 
'9184b307-388b-3b21-8147-2aadce689144');
INSERT INTO "mendixsystem$unique_constraint" ("name", 
"table_id", 
"column_id")
 VALUES ('uniq_ugs$casemangement_currentholdingaccount_ugs$casemangementid', 
'54775414-fa6c-4c32-bfb6-5ace71e00e2d', 
'9d34d512-5d08-3928-a97d-ff80017f1e96');
DROP TABLE "4d446af1b9964bb5bc0f645ca5472ac5";
DROP TABLE "9f94be3d76a7430f8c02e0a1921117d2";
DROP TABLE "7a8af669cdf14dafb046ad0525864f84";
DROP TABLE "a6ab619efbce4197a906c4a6c1b4f607";
DROP TABLE "2d68aca7739a4136bc13929dc4848353";
UPDATE "mendixsystem$version"
 SET "versionnumber" = '4.2', 
"lastsyncdate" = '20210716 16:40:11';
