ALTER TABLE "ugs$form" ADD "score5" VARCHAR_IGNORECASE(2) NULL;
UPDATE "ugs$form"
 SET "score5" = '_4';
ALTER TABLE "ugs$form" ADD "score1" VARCHAR_IGNORECASE(2) NULL;
UPDATE "ugs$form"
 SET "score1" = '_4';
ALTER TABLE "ugs$form" ADD "score2" VARCHAR_IGNORECASE(2) NULL;
UPDATE "ugs$form"
 SET "score2" = '_1';
ALTER TABLE "ugs$form" ADD "score3" VARCHAR_IGNORECASE(2) NULL;
UPDATE "ugs$form"
 SET "score3" = '_3';
ALTER TABLE "ugs$form" ADD "score4" VARCHAR_IGNORECASE(2) NULL;
UPDATE "ugs$form"
 SET "score4" = '_5';
ALTER TABLE "ugs$form" ADD "comments" VARCHAR_IGNORECASE(2147483647) NULL;
INSERT INTO "mendixsystem$attribute" ("id", 
"entity_id", 
"attribute_name", 
"column_name", 
"type", 
"length", 
"default_value", 
"is_auto_number")
 VALUES ('d6e2c473-314d-4cdf-9a22-8b37c0d4261d', 
'0b7158a3-c252-48dc-8c22-4d5a77520950', 
'Score3', 
'score3', 
40, 
2, 
'_3', 
false);
INSERT INTO "mendixsystem$attribute" ("id", 
"entity_id", 
"attribute_name", 
"column_name", 
"type", 
"length", 
"default_value", 
"is_auto_number")
 VALUES ('5863c903-9978-404d-b452-00a6a7c56179', 
'0b7158a3-c252-48dc-8c22-4d5a77520950', 
'Score2', 
'score2', 
40, 
2, 
'_1', 
false);
INSERT INTO "mendixsystem$attribute" ("id", 
"entity_id", 
"attribute_name", 
"column_name", 
"type", 
"length", 
"default_value", 
"is_auto_number")
 VALUES ('4b0cc6e0-56b7-453a-b471-fcd991373855', 
'0b7158a3-c252-48dc-8c22-4d5a77520950', 
'Score5', 
'score5', 
40, 
2, 
'_4', 
false);
INSERT INTO "mendixsystem$attribute" ("id", 
"entity_id", 
"attribute_name", 
"column_name", 
"type", 
"length", 
"default_value", 
"is_auto_number")
 VALUES ('8870accb-2b1e-44f0-82e8-f960fb775e80', 
'0b7158a3-c252-48dc-8c22-4d5a77520950', 
'Score4', 
'score4', 
40, 
2, 
'_5', 
false);
INSERT INTO "mendixsystem$attribute" ("id", 
"entity_id", 
"attribute_name", 
"column_name", 
"type", 
"length", 
"default_value", 
"is_auto_number")
 VALUES ('9bdce33d-797f-4571-bfbc-b760d97562d2', 
'0b7158a3-c252-48dc-8c22-4d5a77520950', 
'comments', 
'comments', 
30, 
0, 
'', 
false);
INSERT INTO "mendixsystem$attribute" ("id", 
"entity_id", 
"attribute_name", 
"column_name", 
"type", 
"length", 
"default_value", 
"is_auto_number")
 VALUES ('54fb573c-ee51-4fa2-8f65-705c6107e328', 
'0b7158a3-c252-48dc-8c22-4d5a77520950', 
'Score1', 
'score1', 
40, 
2, 
'_4', 
false);
ALTER TABLE "ugs$grantsystem" ADD "editable" BOOLEAN NULL;
UPDATE "ugs$grantsystem"
 SET "editable" = false;
INSERT INTO "mendixsystem$attribute" ("id", 
"entity_id", 
"attribute_name", 
"column_name", 
"type", 
"length", 
"default_value", 
"is_auto_number")
 VALUES ('3f88822f-19ab-4a10-b776-5512f0bc6605', 
'ba9d4296-9a81-4e9d-af93-a6f38307e8d2', 
'editable', 
'editable', 
10, 
0, 
'false', 
false);
CREATE TABLE "mxmodelreflection$mxobjectreference" (
	"id" BIGINT NOT NULL,
	"changeddate" TIMESTAMP NULL,
	"createddate" TIMESTAMP NULL,
	"associationowner" VARCHAR_IGNORECASE(8) NULL,
	"parententity" VARCHAR_IGNORECASE(200) NULL,
	"completename" VARCHAR_IGNORECASE(200) NULL,
	"module" VARCHAR_IGNORECASE(200) NULL,
	"referencetype" VARCHAR_IGNORECASE(12) NULL,
	"name" VARCHAR_IGNORECASE(200) NULL,
	"readablename" VARCHAR_IGNORECASE(200) NULL,
	"system$owner" BIGINT NULL,
	"system$changedby" BIGINT NULL,
	PRIMARY KEY("id"));
CREATE INDEX "idx_mxmodelreflection$mxobjectreference_system$owner" ON "mxmodelreflection$mxobjectreference" ("system$owner" ASC,"id" ASC);
CREATE INDEX "idx_mxmodelreflection$mxobjectreference_system$changedby" ON "mxmodelreflection$mxobjectreference" ("system$changedby" ASC,"id" ASC);
INSERT INTO "mendixsystem$entity" ("id", 
"entity_name", 
"table_name", 
"remote", 
"remote_primary_key")
 VALUES ('d5e491a9-8a88-4742-af7e-c2847b994a2d', 
'MxModelReflection.MxObjectReference', 
'mxmodelreflection$mxobjectreference', 
false, 
false);
INSERT INTO "mendixsystem$attribute" ("id", 
"entity_id", 
"attribute_name", 
"column_name", 
"type", 
"length", 
"default_value", 
"is_auto_number")
 VALUES ('49042c4d-495d-3bdc-b8d4-c76d3a46565a', 
'd5e491a9-8a88-4742-af7e-c2847b994a2d', 
'changedDate', 
'changeddate', 
20, 
0, 
'', 
false);
INSERT INTO "mendixsystem$attribute" ("id", 
"entity_id", 
"attribute_name", 
"column_name", 
"type", 
"length", 
"default_value", 
"is_auto_number")
 VALUES ('7870958e-6423-30ac-845e-9ed0bd752d4c', 
'd5e491a9-8a88-4742-af7e-c2847b994a2d', 
'createdDate', 
'createddate', 
20, 
0, 
'', 
false);
INSERT INTO "mendixsystem$attribute" ("id", 
"entity_id", 
"attribute_name", 
"column_name", 
"type", 
"length", 
"default_value", 
"is_auto_number")
 VALUES ('7ede801b-5b87-4575-b447-5d5aa613dbef', 
'd5e491a9-8a88-4742-af7e-c2847b994a2d', 
'AssociationOwner', 
'associationowner', 
40, 
8, 
'_Default', 
false);
INSERT INTO "mendixsystem$attribute" ("id", 
"entity_id", 
"attribute_name", 
"column_name", 
"type", 
"length", 
"default_value", 
"is_auto_number")
 VALUES ('0b650cb5-879c-4be9-bb12-7517fe294e02', 
'd5e491a9-8a88-4742-af7e-c2847b994a2d', 
'ParentEntity', 
'parententity', 
30, 
200, 
'', 
false);
INSERT INTO "mendixsystem$attribute" ("id", 
"entity_id", 
"attribute_name", 
"column_name", 
"type", 
"length", 
"default_value", 
"is_auto_number")
 VALUES ('e22b9812-d0d1-4f32-9610-df212125e87d', 
'd5e491a9-8a88-4742-af7e-c2847b994a2d', 
'CompleteName', 
'completename', 
30, 
200, 
'', 
false);
INSERT INTO "mendixsystem$attribute" ("id", 
"entity_id", 
"attribute_name", 
"column_name", 
"type", 
"length", 
"default_value", 
"is_auto_number")
 VALUES ('3d0a7445-fd23-4c12-af83-d52caeb24670', 
'd5e491a9-8a88-4742-af7e-c2847b994a2d', 
'Module', 
'module', 
30, 
200, 
'', 
false);
INSERT INTO "mendixsystem$attribute" ("id", 
"entity_id", 
"attribute_name", 
"column_name", 
"type", 
"length", 
"default_value", 
"is_auto_number")
 VALUES ('8aeb6a0a-8db2-4f56-994f-d554e80b32c7', 
'd5e491a9-8a88-4742-af7e-c2847b994a2d', 
'ReferenceType', 
'referencetype', 
40, 
12, 
'', 
false);
INSERT INTO "mendixsystem$attribute" ("id", 
"entity_id", 
"attribute_name", 
"column_name", 
"type", 
"length", 
"default_value", 
"is_auto_number")
 VALUES ('4448c59e-d867-4a41-b233-0f28e530d927', 
'd5e491a9-8a88-4742-af7e-c2847b994a2d', 
'Name', 
'name', 
30, 
200, 
'', 
false);
INSERT INTO "mendixsystem$attribute" ("id", 
"entity_id", 
"attribute_name", 
"column_name", 
"type", 
"length", 
"default_value", 
"is_auto_number")
 VALUES ('16ecce59-3fb1-473b-b01d-89a922fa67a8', 
'd5e491a9-8a88-4742-af7e-c2847b994a2d', 
'ReadableName', 
'readablename', 
30, 
200, 
'', 
false);
INSERT INTO "mendixsystem$index" ("id", 
"table_id", 
"index_name")
 VALUES ('d40aeed3-278a-3269-95e9-a7ef681392cc', 
'd5e491a9-8a88-4742-af7e-c2847b994a2d', 
'idx_mxmodelreflection$mxobjectreference_system$owner');
INSERT INTO "mendixsystem$index_column" ("index_id", 
"column_id", 
"sort_order", 
"ordinal")
 VALUES ('d40aeed3-278a-3269-95e9-a7ef681392cc', 
'10905553-7d8d-3e95-8e70-572bfc5e86a3', 
false, 
0);
INSERT INTO "mendixsystem$index" ("id", 
"table_id", 
"index_name")
 VALUES ('0165255e-d86f-39e1-9ed6-eb5012193469', 
'd5e491a9-8a88-4742-af7e-c2847b994a2d', 
'idx_mxmodelreflection$mxobjectreference_system$changedby');
INSERT INTO "mendixsystem$index_column" ("index_id", 
"column_id", 
"sort_order", 
"ordinal")
 VALUES ('0165255e-d86f-39e1-9ed6-eb5012193469', 
'e0c1174e-beef-3f5a-af07-c0d824ea24cd', 
false, 
0);
INSERT INTO "mendixsystem$association" ("id", 
"association_name", 
"table_name", 
"parent_entity_id", 
"child_entity_id", 
"parent_column_name", 
"child_column_name")
 VALUES ('10905553-7d8d-3e95-8e70-572bfc5e86a3', 
'System.owner', 
'system$owner', 
'd5e491a9-8a88-4742-af7e-c2847b994a2d', 
'282e2e60-88a5-469d-84a5-ba8d9151644f', 
'id', 
'system$owner');
INSERT INTO "mendixsystem$association" ("id", 
"association_name", 
"table_name", 
"parent_entity_id", 
"child_entity_id", 
"parent_column_name", 
"child_column_name")
 VALUES ('e0c1174e-beef-3f5a-af07-c0d824ea24cd', 
'System.changedBy', 
'system$changedby', 
'd5e491a9-8a88-4742-af7e-c2847b994a2d', 
'282e2e60-88a5-469d-84a5-ba8d9151644f', 
'id', 
'system$changedby');
CREATE TABLE "mxmodelreflection$mxobjectreference_mxobjecttype_parent" (
	"mxmodelreflection$mxobjectreferenceid" BIGINT NOT NULL,
	"mxmodelreflection$mxobjecttypeid" BIGINT NOT NULL,
	PRIMARY KEY("mxmodelreflection$mxobjectreferenceid","mxmodelreflection$mxobjecttypeid"));
CREATE INDEX "idx_mxmodelreflection$mxobjectreference_mxobjecttype_parent_mxmodelreflection$mxobjecttype_mxmodelreflection$mxobjectreference" ON "mxmodelreflection$mxobjectreference_mxobjecttype_parent" ("mxmodelreflection$mxobjecttypeid" ASC,"mxmodelreflection$mxobjectreferenceid" ASC);
INSERT INTO "mendixsystem$association" ("id", 
"association_name", 
"table_name", 
"parent_entity_id", 
"child_entity_id", 
"parent_column_name", 
"child_column_name", 
"index_name")
 VALUES ('e9b9d59f-4a2b-479c-a401-3983fbc1e512', 
'MxModelReflection.MxObjectReference_MxObjectType_Parent', 
'mxmodelreflection$mxobjectreference_mxobjecttype_parent', 
'd5e491a9-8a88-4742-af7e-c2847b994a2d', 
'15538b45-c4aa-496f-9338-f4ea71562e86', 
'mxmodelreflection$mxobjectreferenceid', 
'mxmodelreflection$mxobjecttypeid', 
'idx_mxmodelreflection$mxobjectreference_mxobjecttype_parent_mxmodelreflection$mxobjecttype_mxmodelreflection$mxobjectreference');
CREATE TABLE "mxmodelreflection$mxobjectreference_mxobjecttype" (
	"mxmodelreflection$mxobjectreferenceid" BIGINT NOT NULL,
	"mxmodelreflection$mxobjecttypeid" BIGINT NOT NULL,
	PRIMARY KEY("mxmodelreflection$mxobjectreferenceid","mxmodelreflection$mxobjecttypeid"));
CREATE INDEX "idx_mxmodelreflection$mxobjectreference_mxobjecttype_mxmodelreflection$mxobjecttype_mxmodelreflection$mxobjectreference" ON "mxmodelreflection$mxobjectreference_mxobjecttype" ("mxmodelreflection$mxobjecttypeid" ASC,"mxmodelreflection$mxobjectreferenceid" ASC);
INSERT INTO "mendixsystem$association" ("id", 
"association_name", 
"table_name", 
"parent_entity_id", 
"child_entity_id", 
"parent_column_name", 
"child_column_name", 
"index_name")
 VALUES ('47add240-00bd-4237-a9dc-1b9f5d729c5c', 
'MxModelReflection.MxObjectReference_MxObjectType', 
'mxmodelreflection$mxobjectreference_mxobjecttype', 
'd5e491a9-8a88-4742-af7e-c2847b994a2d', 
'15538b45-c4aa-496f-9338-f4ea71562e86', 
'mxmodelreflection$mxobjectreferenceid', 
'mxmodelreflection$mxobjecttypeid', 
'idx_mxmodelreflection$mxobjectreference_mxobjecttype_mxmodelreflection$mxobjecttype_mxmodelreflection$mxobjectreference');
CREATE TABLE "mxmodelreflection$mxobjectreference_module" (
	"mxmodelreflection$mxobjectreferenceid" BIGINT NOT NULL,
	"mxmodelreflection$moduleid" BIGINT NOT NULL,
	PRIMARY KEY("mxmodelreflection$mxobjectreferenceid","mxmodelreflection$moduleid"),
	CONSTRAINT "uniq_mxmodelreflection$mxobjectreference_module_mxmodelreflection$mxobjectreferenceid" UNIQUE ("mxmodelreflection$mxobjectreferenceid"));
CREATE INDEX "idx_mxmodelreflection$mxobjectreference_module_mxmodelreflection$module_mxmodelreflection$mxobjectreference" ON "mxmodelreflection$mxobjectreference_module" ("mxmodelreflection$moduleid" ASC,"mxmodelreflection$mxobjectreferenceid" ASC);
INSERT INTO "mendixsystem$association" ("id", 
"association_name", 
"table_name", 
"parent_entity_id", 
"child_entity_id", 
"parent_column_name", 
"child_column_name", 
"index_name")
 VALUES ('100c66f3-1106-4188-84a5-89d681a90af3', 
'MxModelReflection.MxObjectReference_Module', 
'mxmodelreflection$mxobjectreference_module', 
'd5e491a9-8a88-4742-af7e-c2847b994a2d', 
'21095982-0c35-488f-beb8-e198dec27c6a', 
'mxmodelreflection$mxobjectreferenceid', 
'mxmodelreflection$moduleid', 
'idx_mxmodelreflection$mxobjectreference_module_mxmodelreflection$module_mxmodelreflection$mxobjectreference');
INSERT INTO "mendixsystem$unique_constraint" ("name", 
"table_id", 
"column_id")
 VALUES ('uniq_mxmodelreflection$mxobjectreference_module_mxmodelreflection$mxobjectreferenceid', 
'100c66f3-1106-4188-84a5-89d681a90af3', 
'1f6bd4bc-d928-3427-8a7e-53c8420f019a');
CREATE TABLE "mxmodelreflection$mxobjectreference_mxobjecttype_child" (
	"mxmodelreflection$mxobjectreferenceid" BIGINT NOT NULL,
	"mxmodelreflection$mxobjecttypeid" BIGINT NOT NULL,
	PRIMARY KEY("mxmodelreflection$mxobjectreferenceid","mxmodelreflection$mxobjecttypeid"));
CREATE INDEX "idx_mxmodelreflection$mxobjectreference_mxobjecttype_child_mxmodelreflection$mxobjecttype_mxmodelreflection$mxobjectreference" ON "mxmodelreflection$mxobjectreference_mxobjecttype_child" ("mxmodelreflection$mxobjecttypeid" ASC,"mxmodelreflection$mxobjectreferenceid" ASC);
INSERT INTO "mendixsystem$association" ("id", 
"association_name", 
"table_name", 
"parent_entity_id", 
"child_entity_id", 
"parent_column_name", 
"child_column_name", 
"index_name")
 VALUES ('9d575837-06ff-4955-ba04-300ed10bf686', 
'MxModelReflection.MxObjectReference_MxObjectType_Child', 
'mxmodelreflection$mxobjectreference_mxobjecttype_child', 
'd5e491a9-8a88-4742-af7e-c2847b994a2d', 
'15538b45-c4aa-496f-9338-f4ea71562e86', 
'mxmodelreflection$mxobjectreferenceid', 
'mxmodelreflection$mxobjecttypeid', 
'idx_mxmodelreflection$mxobjectreference_mxobjecttype_child_mxmodelreflection$mxobjecttype_mxmodelreflection$mxobjectreference');
CREATE TABLE "encryption$pgpcertificate" (
	"id" BIGINT NOT NULL,
	"certificatetype" VARCHAR_IGNORECASE(10) NULL,
	"passphrase_plain" VARCHAR_IGNORECASE(20) NULL,
	"reference" VARCHAR_IGNORECASE(100) NULL,
	"passphrase_encrypted" VARCHAR_IGNORECASE(100) NULL,
	"emailaddress" VARCHAR_IGNORECASE(50) NULL,
	PRIMARY KEY("id"));
INSERT INTO "mendixsystem$entity" ("id", 
"entity_name", 
"table_name", 
"superentity_id", 
"remote", 
"remote_primary_key")
 VALUES ('f2b73dbc-8ac5-4989-8bd4-3e3f89adaab1', 
'Encryption.PGPCertificate', 
'encryption$pgpcertificate', 
'170ce49d-f29c-4fac-99a6-b55e8a3aeb39', 
false, 
false);
INSERT INTO "mendixsystem$attribute" ("id", 
"entity_id", 
"attribute_name", 
"column_name", 
"type", 
"length", 
"default_value", 
"is_auto_number")
 VALUES ('bd140d20-28c1-48be-89d3-e33e6545d4dc', 
'f2b73dbc-8ac5-4989-8bd4-3e3f89adaab1', 
'CertificateType', 
'certificatetype', 
40, 
10, 
'', 
false);
INSERT INTO "mendixsystem$attribute" ("id", 
"entity_id", 
"attribute_name", 
"column_name", 
"type", 
"length", 
"default_value", 
"is_auto_number")
 VALUES ('ea248ae6-d092-4148-9900-5356f038f0d0', 
'f2b73dbc-8ac5-4989-8bd4-3e3f89adaab1', 
'PassPhrase_Plain', 
'passphrase_plain', 
30, 
20, 
'', 
false);
INSERT INTO "mendixsystem$attribute" ("id", 
"entity_id", 
"attribute_name", 
"column_name", 
"type", 
"length", 
"default_value", 
"is_auto_number")
 VALUES ('02a28f36-e5bd-4b35-b13e-fa82456e06ff', 
'f2b73dbc-8ac5-4989-8bd4-3e3f89adaab1', 
'Reference', 
'reference', 
30, 
100, 
'', 
false);
INSERT INTO "mendixsystem$attribute" ("id", 
"entity_id", 
"attribute_name", 
"column_name", 
"type", 
"length", 
"default_value", 
"is_auto_number")
 VALUES ('22df1da1-6171-4a9a-87a4-b2bb934fb79d', 
'f2b73dbc-8ac5-4989-8bd4-3e3f89adaab1', 
'PassPhrase_Encrypted', 
'passphrase_encrypted', 
30, 
100, 
'', 
false);
INSERT INTO "mendixsystem$attribute" ("id", 
"entity_id", 
"attribute_name", 
"column_name", 
"type", 
"length", 
"default_value", 
"is_auto_number")
 VALUES ('4b330b97-32a5-4cf0-9ec5-2bde91b73696', 
'f2b73dbc-8ac5-4989-8bd4-3e3f89adaab1', 
'EmailAddress', 
'emailaddress', 
30, 
50, 
'', 
false);
CREATE TABLE "encryption$secretkey_publickey" (
	"encryption$pgpcertificateid1" BIGINT NOT NULL,
	"encryption$pgpcertificateid2" BIGINT NOT NULL,
	PRIMARY KEY("encryption$pgpcertificateid1","encryption$pgpcertificateid2"),
	CONSTRAINT "uniq_encryption$secretkey_publickey_encryption$pgpcertificateid1" UNIQUE ("encryption$pgpcertificateid1"));
CREATE INDEX "idx_encryption$secretkey_publickey_encryption$pgpcertificate_encryption$pgpcertificate" ON "encryption$secretkey_publickey" ("encryption$pgpcertificateid2" ASC,"encryption$pgpcertificateid1" ASC);
INSERT INTO "mendixsystem$association" ("id", 
"association_name", 
"table_name", 
"parent_entity_id", 
"child_entity_id", 
"parent_column_name", 
"child_column_name", 
"index_name")
 VALUES ('7582b51a-796f-4695-b2fd-9cddfef6ce50', 
'Encryption.SecretKey_PublicKey', 
'encryption$secretkey_publickey', 
'f2b73dbc-8ac5-4989-8bd4-3e3f89adaab1', 
'f2b73dbc-8ac5-4989-8bd4-3e3f89adaab1', 
'encryption$pgpcertificateid1', 
'encryption$pgpcertificateid2', 
'idx_encryption$secretkey_publickey_encryption$pgpcertificate_encryption$pgpcertificate');
INSERT INTO "mendixsystem$unique_constraint" ("name", 
"table_id", 
"column_id")
 VALUES ('uniq_encryption$secretkey_publickey_encryption$pgpcertificateid1', 
'7582b51a-796f-4695-b2fd-9cddfef6ce50', 
'a7681f99-0ce4-338c-85c7-e275ba9d3c58');
CREATE TABLE "mxmodelreflection$microflows" (
	"id" BIGINT NOT NULL,
	"changeddate" TIMESTAMP NULL,
	"createddate" TIMESTAMP NULL,
	"module" VARCHAR_IGNORECASE(200) NULL,
	"completename" VARCHAR_IGNORECASE(200) NULL,
	"name" VARCHAR_IGNORECASE(200) NULL,
	"system$changedby" BIGINT NULL,
	"system$owner" BIGINT NULL,
	PRIMARY KEY("id"));
CREATE INDEX "idx_mxmodelreflection$microflows_system$changedby" ON "mxmodelreflection$microflows" ("system$changedby" ASC,"id" ASC);
CREATE INDEX "idx_mxmodelreflection$microflows_system$owner" ON "mxmodelreflection$microflows" ("system$owner" ASC,"id" ASC);
INSERT INTO "mendixsystem$entity" ("id", 
"entity_name", 
"table_name", 
"remote", 
"remote_primary_key")
 VALUES ('f9103f9d-be1d-4a5e-b05e-a7b05b65c52f', 
'MxModelReflection.Microflows', 
'mxmodelreflection$microflows', 
false, 
false);
INSERT INTO "mendixsystem$attribute" ("id", 
"entity_id", 
"attribute_name", 
"column_name", 
"type", 
"length", 
"default_value", 
"is_auto_number")
 VALUES ('f487e989-7e53-3e8e-83e6-ce7277f4d176', 
'f9103f9d-be1d-4a5e-b05e-a7b05b65c52f', 
'changedDate', 
'changeddate', 
20, 
0, 
'', 
false);
INSERT INTO "mendixsystem$attribute" ("id", 
"entity_id", 
"attribute_name", 
"column_name", 
"type", 
"length", 
"default_value", 
"is_auto_number")
 VALUES ('426cb3bd-2366-3a9a-9601-974b2537d5c4', 
'f9103f9d-be1d-4a5e-b05e-a7b05b65c52f', 
'createdDate', 
'createddate', 
20, 
0, 
'', 
false);
INSERT INTO "mendixsystem$attribute" ("id", 
"entity_id", 
"attribute_name", 
"column_name", 
"type", 
"length", 
"default_value", 
"is_auto_number")
 VALUES ('35415193-dfd9-4c64-a59f-cc233be24d60', 
'f9103f9d-be1d-4a5e-b05e-a7b05b65c52f', 
'Module', 
'module', 
30, 
200, 
'', 
false);
INSERT INTO "mendixsystem$attribute" ("id", 
"entity_id", 
"attribute_name", 
"column_name", 
"type", 
"length", 
"default_value", 
"is_auto_number")
 VALUES ('c452b057-3de1-49b2-9019-c9228ff85750', 
'f9103f9d-be1d-4a5e-b05e-a7b05b65c52f', 
'CompleteName', 
'completename', 
30, 
200, 
'', 
false);
INSERT INTO "mendixsystem$attribute" ("id", 
"entity_id", 
"attribute_name", 
"column_name", 
"type", 
"length", 
"default_value", 
"is_auto_number")
 VALUES ('bae45bd5-3ba4-469b-961b-83ff9918fea2', 
'f9103f9d-be1d-4a5e-b05e-a7b05b65c52f', 
'Name', 
'name', 
30, 
200, 
'', 
false);
INSERT INTO "mendixsystem$index" ("id", 
"table_id", 
"index_name")
 VALUES ('e32c2976-0495-3d59-8f09-15cb9b02aa29', 
'f9103f9d-be1d-4a5e-b05e-a7b05b65c52f', 
'idx_mxmodelreflection$microflows_system$changedby');
INSERT INTO "mendixsystem$index_column" ("index_id", 
"column_id", 
"sort_order", 
"ordinal")
 VALUES ('e32c2976-0495-3d59-8f09-15cb9b02aa29', 
'f2a54244-dcd4-30a5-808f-2214c84d18d6', 
false, 
0);
INSERT INTO "mendixsystem$index" ("id", 
"table_id", 
"index_name")
 VALUES ('519d8e0b-084b-3376-a27b-3ddcaa531b1d', 
'f9103f9d-be1d-4a5e-b05e-a7b05b65c52f', 
'idx_mxmodelreflection$microflows_system$owner');
INSERT INTO "mendixsystem$index_column" ("index_id", 
"column_id", 
"sort_order", 
"ordinal")
 VALUES ('519d8e0b-084b-3376-a27b-3ddcaa531b1d', 
'eca12c0a-2ea0-3f65-a5a3-35856dea37c6', 
false, 
0);
INSERT INTO "mendixsystem$association" ("id", 
"association_name", 
"table_name", 
"parent_entity_id", 
"child_entity_id", 
"parent_column_name", 
"child_column_name")
 VALUES ('f2a54244-dcd4-30a5-808f-2214c84d18d6', 
'System.changedBy', 
'system$changedby', 
'f9103f9d-be1d-4a5e-b05e-a7b05b65c52f', 
'282e2e60-88a5-469d-84a5-ba8d9151644f', 
'id', 
'system$changedby');
INSERT INTO "mendixsystem$association" ("id", 
"association_name", 
"table_name", 
"parent_entity_id", 
"child_entity_id", 
"parent_column_name", 
"child_column_name")
 VALUES ('eca12c0a-2ea0-3f65-a5a3-35856dea37c6', 
'System.owner', 
'system$owner', 
'f9103f9d-be1d-4a5e-b05e-a7b05b65c52f', 
'282e2e60-88a5-469d-84a5-ba8d9151644f', 
'id', 
'system$owner');
CREATE TABLE "mxmodelreflection$microflows_output_type" (
	"mxmodelreflection$microflowsid" BIGINT NOT NULL,
	"mxmodelreflection$valuetypeid" BIGINT NOT NULL,
	PRIMARY KEY("mxmodelreflection$microflowsid","mxmodelreflection$valuetypeid"),
	CONSTRAINT "uniq_mxmodelreflection$microflows_output_type_mxmodelreflection$microflowsid" UNIQUE ("mxmodelreflection$microflowsid"));
CREATE INDEX "idx_mxmodelreflection$microflows_output_type_mxmodelreflection$valuetype_mxmodelreflection$microflows" ON "mxmodelreflection$microflows_output_type" ("mxmodelreflection$valuetypeid" ASC,"mxmodelreflection$microflowsid" ASC);
INSERT INTO "mendixsystem$association" ("id", 
"association_name", 
"table_name", 
"parent_entity_id", 
"child_entity_id", 
"parent_column_name", 
"child_column_name", 
"index_name")
 VALUES ('5381138d-49e8-4a7c-870b-9355d7af0931', 
'MxModelReflection.Microflows_Output_Type', 
'mxmodelreflection$microflows_output_type', 
'f9103f9d-be1d-4a5e-b05e-a7b05b65c52f', 
'1f8640a4-16c8-4395-a5fa-b62c176a4008', 
'mxmodelreflection$microflowsid', 
'mxmodelreflection$valuetypeid', 
'idx_mxmodelreflection$microflows_output_type_mxmodelreflection$valuetype_mxmodelreflection$microflows');
INSERT INTO "mendixsystem$unique_constraint" ("name", 
"table_id", 
"column_id")
 VALUES ('uniq_mxmodelreflection$microflows_output_type_mxmodelreflection$microflowsid', 
'5381138d-49e8-4a7c-870b-9355d7af0931', 
'2d492d5a-b64d-3a96-8c2f-8911ef457dae');
CREATE TABLE "mxmodelreflection$microflows_module" (
	"mxmodelreflection$microflowsid" BIGINT NOT NULL,
	"mxmodelreflection$moduleid" BIGINT NOT NULL,
	PRIMARY KEY("mxmodelreflection$microflowsid","mxmodelreflection$moduleid"),
	CONSTRAINT "uniq_mxmodelreflection$microflows_module_mxmodelreflection$microflowsid" UNIQUE ("mxmodelreflection$microflowsid"));
CREATE INDEX "idx_mxmodelreflection$microflows_module_mxmodelreflection$module_mxmodelreflection$microflows" ON "mxmodelreflection$microflows_module" ("mxmodelreflection$moduleid" ASC,"mxmodelreflection$microflowsid" ASC);
INSERT INTO "mendixsystem$association" ("id", 
"association_name", 
"table_name", 
"parent_entity_id", 
"child_entity_id", 
"parent_column_name", 
"child_column_name", 
"index_name")
 VALUES ('89801549-706d-4143-b138-e2a8e3462b21', 
'MxModelReflection.Microflows_Module', 
'mxmodelreflection$microflows_module', 
'f9103f9d-be1d-4a5e-b05e-a7b05b65c52f', 
'21095982-0c35-488f-beb8-e198dec27c6a', 
'mxmodelreflection$microflowsid', 
'mxmodelreflection$moduleid', 
'idx_mxmodelreflection$microflows_module_mxmodelreflection$module_mxmodelreflection$microflows');
INSERT INTO "mendixsystem$unique_constraint" ("name", 
"table_id", 
"column_id")
 VALUES ('uniq_mxmodelreflection$microflows_module_mxmodelreflection$microflowsid', 
'89801549-706d-4143-b138-e2a8e3462b21', 
'625a2190-ea38-3aa6-9398-2fb55f1763bb');
CREATE TABLE "mxmodelreflection$microflows_inputparameter" (
	"mxmodelreflection$microflowsid" BIGINT NOT NULL,
	"mxmodelreflection$parameterid" BIGINT NOT NULL,
	PRIMARY KEY("mxmodelreflection$microflowsid","mxmodelreflection$parameterid"));
CREATE INDEX "idx_mxmodelreflection$microflows_inputparameter_mxmodelreflection$parameter_mxmodelreflection$microflows" ON "mxmodelreflection$microflows_inputparameter" ("mxmodelreflection$parameterid" ASC,"mxmodelreflection$microflowsid" ASC);
INSERT INTO "mendixsystem$association" ("id", 
"association_name", 
"table_name", 
"parent_entity_id", 
"child_entity_id", 
"parent_column_name", 
"child_column_name", 
"index_name")
 VALUES ('26395743-3ffe-4451-8666-3cf1f07ad9dc', 
'MxModelReflection.Microflows_InputParameter', 
'mxmodelreflection$microflows_inputparameter', 
'f9103f9d-be1d-4a5e-b05e-a7b05b65c52f', 
'8204f4df-291a-4857-8d1d-affbc5b0b7f0', 
'mxmodelreflection$microflowsid', 
'mxmodelreflection$parameterid', 
'idx_mxmodelreflection$microflows_inputparameter_mxmodelreflection$parameter_mxmodelreflection$microflows');
CREATE TABLE "encryption$exampleconfiguration" (
	"id" BIGINT NOT NULL,
	"createddate" TIMESTAMP NULL,
	"username" VARCHAR_IGNORECASE(200) NULL,
	"title" VARCHAR_IGNORECASE(200) NULL,
	"password" VARCHAR_IGNORECASE(200) NULL,
	PRIMARY KEY("id"));
INSERT INTO "mendixsystem$entity" ("id", 
"entity_name", 
"table_name", 
"remote", 
"remote_primary_key")
 VALUES ('244ddb40-a8b4-4ae9-8a3a-8cb8be6b510f', 
'Encryption.ExampleConfiguration', 
'encryption$exampleconfiguration', 
false, 
false);
INSERT INTO "mendixsystem$attribute" ("id", 
"entity_id", 
"attribute_name", 
"column_name", 
"type", 
"length", 
"default_value", 
"is_auto_number")
 VALUES ('e1ce0b8b-7f48-34b6-bb1a-3226358a2679', 
'244ddb40-a8b4-4ae9-8a3a-8cb8be6b510f', 
'createdDate', 
'createddate', 
20, 
0, 
'', 
false);
INSERT INTO "mendixsystem$attribute" ("id", 
"entity_id", 
"attribute_name", 
"column_name", 
"type", 
"length", 
"default_value", 
"is_auto_number")
 VALUES ('3b247d0d-c750-4682-b5e6-c4d324fb40e8', 
'244ddb40-a8b4-4ae9-8a3a-8cb8be6b510f', 
'Username', 
'username', 
30, 
200, 
'', 
false);
INSERT INTO "mendixsystem$attribute" ("id", 
"entity_id", 
"attribute_name", 
"column_name", 
"type", 
"length", 
"default_value", 
"is_auto_number")
 VALUES ('9ce74327-0714-415a-8b48-ec135d90cd5d', 
'244ddb40-a8b4-4ae9-8a3a-8cb8be6b510f', 
'Title', 
'title', 
30, 
200, 
'', 
false);
INSERT INTO "mendixsystem$attribute" ("id", 
"entity_id", 
"attribute_name", 
"column_name", 
"type", 
"length", 
"default_value", 
"is_auto_number")
 VALUES ('4a8d3170-6ce6-4523-b679-46acdb078ab0', 
'244ddb40-a8b4-4ae9-8a3a-8cb8be6b510f', 
'Password', 
'password', 
30, 
200, 
'', 
false);
CREATE TABLE "mxmodelreflection$mxobjectmember" (
	"id" BIGINT NOT NULL,
	"changeddate" TIMESTAMP NULL,
	"descriptivename" VARCHAR_IGNORECASE(200) NULL,
	"createddate" TIMESTAMP NULL,
	"attributetype" VARCHAR_IGNORECASE(200) NULL,
	"fieldlength" INT NULL,
	"attributename" VARCHAR_IGNORECASE(200) NULL,
	"completename" VARCHAR_IGNORECASE(400) NULL,
	"isvirtual" BOOLEAN NULL,
	"attributetypeenum" VARCHAR_IGNORECASE(11) NULL,
	"submetaobjectname" VARCHAR_IGNORECASE(255) NULL,
	"system$changedby" BIGINT NULL,
	"system$owner" BIGINT NULL,
	PRIMARY KEY("id"));
CREATE INDEX "idx_mxmodelreflection$mxobjectmember_submetaobjectname_asc" ON "mxmodelreflection$mxobjectmember" ("submetaobjectname" ASC,"id" ASC);
CREATE INDEX "idx_mxmodelreflection$mxobjectmember_system$changedby" ON "mxmodelreflection$mxobjectmember" ("system$changedby" ASC,"id" ASC);
CREATE INDEX "idx_mxmodelreflection$mxobjectmember_system$owner" ON "mxmodelreflection$mxobjectmember" ("system$owner" ASC,"id" ASC);
INSERT INTO "mendixsystem$entity" ("id", 
"entity_name", 
"table_name", 
"remote", 
"remote_primary_key")
 VALUES ('72dd548e-d31d-4f2e-a30b-6552def7478e', 
'MxModelReflection.MxObjectMember', 
'mxmodelreflection$mxobjectmember', 
false, 
false);
INSERT INTO "mendixsystem$attribute" ("id", 
"entity_id", 
"attribute_name", 
"column_name", 
"type", 
"length", 
"default_value", 
"is_auto_number")
 VALUES ('14bb0d83-4bb8-3fa0-93f9-bdf40bdddf4b', 
'72dd548e-d31d-4f2e-a30b-6552def7478e', 
'changedDate', 
'changeddate', 
20, 
0, 
'', 
false);
INSERT INTO "mendixsystem$attribute" ("id", 
"entity_id", 
"attribute_name", 
"column_name", 
"type", 
"length", 
"default_value", 
"is_auto_number")
 VALUES ('8957e3b7-bb9d-4ad5-b9d2-b583bff01186', 
'72dd548e-d31d-4f2e-a30b-6552def7478e', 
'DescriptiveName', 
'descriptivename', 
30, 
200, 
'', 
false);
INSERT INTO "mendixsystem$attribute" ("id", 
"entity_id", 
"attribute_name", 
"column_name", 
"type", 
"length", 
"default_value", 
"is_auto_number")
 VALUES ('f348cc99-64ae-3b0d-a35d-977f20ff740a', 
'72dd548e-d31d-4f2e-a30b-6552def7478e', 
'createdDate', 
'createddate', 
20, 
0, 
'', 
false);
INSERT INTO "mendixsystem$attribute" ("id", 
"entity_id", 
"attribute_name", 
"column_name", 
"type", 
"length", 
"default_value", 
"is_auto_number")
 VALUES ('70abe693-ac97-40fb-8939-62e0897655aa', 
'72dd548e-d31d-4f2e-a30b-6552def7478e', 
'AttributeType', 
'attributetype', 
30, 
200, 
'', 
false);
INSERT INTO "mendixsystem$attribute" ("id", 
"entity_id", 
"attribute_name", 
"column_name", 
"type", 
"length", 
"default_value", 
"is_auto_number")
 VALUES ('8cace5be-2e0d-4522-a5a9-213be1f823f9', 
'72dd548e-d31d-4f2e-a30b-6552def7478e', 
'FieldLength', 
'fieldlength', 
3, 
0, 
'', 
false);
INSERT INTO "mendixsystem$attribute" ("id", 
"entity_id", 
"attribute_name", 
"column_name", 
"type", 
"length", 
"default_value", 
"is_auto_number")
 VALUES ('482bae41-631d-460b-9d0c-04823babe496', 
'72dd548e-d31d-4f2e-a30b-6552def7478e', 
'AttributeName', 
'attributename', 
30, 
200, 
'', 
false);
INSERT INTO "mendixsystem$attribute" ("id", 
"entity_id", 
"attribute_name", 
"column_name", 
"type", 
"length", 
"default_value", 
"is_auto_number")
 VALUES ('ffbf7965-c729-45d8-afa7-ec2bc6c43c82', 
'72dd548e-d31d-4f2e-a30b-6552def7478e', 
'CompleteName', 
'completename', 
30, 
400, 
'', 
false);
INSERT INTO "mendixsystem$attribute" ("id", 
"entity_id", 
"attribute_name", 
"column_name", 
"type", 
"length", 
"default_value", 
"is_auto_number")
 VALUES ('7d498eb2-4923-4044-beff-f78ddbda64f6', 
'72dd548e-d31d-4f2e-a30b-6552def7478e', 
'IsVirtual', 
'isvirtual', 
10, 
0, 
'false', 
false);
INSERT INTO "mendixsystem$attribute" ("id", 
"entity_id", 
"attribute_name", 
"column_name", 
"type", 
"length", 
"default_value", 
"is_auto_number")
 VALUES ('f4a8d9c8-3c19-40b0-bf9b-010431e09da7', 
'72dd548e-d31d-4f2e-a30b-6552def7478e', 
'AttributeTypeEnum', 
'attributetypeenum', 
40, 
11, 
'', 
false);
INSERT INTO "mendixsystem$attribute" ("id", 
"entity_id", 
"attribute_name", 
"column_name", 
"type", 
"length", 
"default_value", 
"is_auto_number")
 VALUES ('1d9256bd-0184-3de4-b2a6-77c2c22c1c1e', 
'72dd548e-d31d-4f2e-a30b-6552def7478e', 
'submetaobjectname', 
'submetaobjectname', 
30, 
255, 
'MxModelReflection.MxObjectMember', 
false);
INSERT INTO "mendixsystem$index" ("id", 
"table_id", 
"index_name")
 VALUES ('9a469664-2709-336e-806d-25f3443c4feb', 
'72dd548e-d31d-4f2e-a30b-6552def7478e', 
'idx_mxmodelreflection$mxobjectmember_submetaobjectname_asc');
INSERT INTO "mendixsystem$index_column" ("index_id", 
"column_id", 
"sort_order", 
"ordinal")
 VALUES ('9a469664-2709-336e-806d-25f3443c4feb', 
'1d9256bd-0184-3de4-b2a6-77c2c22c1c1e', 
false, 
0);
INSERT INTO "mendixsystem$index" ("id", 
"table_id", 
"index_name")
 VALUES ('97a93c65-e60f-37a5-baa4-8cb7e4735555', 
'72dd548e-d31d-4f2e-a30b-6552def7478e', 
'idx_mxmodelreflection$mxobjectmember_system$changedby');
INSERT INTO "mendixsystem$index_column" ("index_id", 
"column_id", 
"sort_order", 
"ordinal")
 VALUES ('97a93c65-e60f-37a5-baa4-8cb7e4735555', 
'b6d674ea-6928-397a-b7bf-8d723c54fe52', 
false, 
0);
INSERT INTO "mendixsystem$index" ("id", 
"table_id", 
"index_name")
 VALUES ('7889a196-021c-3909-ad15-e1421618194a', 
'72dd548e-d31d-4f2e-a30b-6552def7478e', 
'idx_mxmodelreflection$mxobjectmember_system$owner');
INSERT INTO "mendixsystem$index_column" ("index_id", 
"column_id", 
"sort_order", 
"ordinal")
 VALUES ('7889a196-021c-3909-ad15-e1421618194a', 
'8f51dc2f-891a-3ca8-849a-d94da430d893', 
false, 
0);
INSERT INTO "mendixsystem$association" ("id", 
"association_name", 
"table_name", 
"parent_entity_id", 
"child_entity_id", 
"parent_column_name", 
"child_column_name")
 VALUES ('b6d674ea-6928-397a-b7bf-8d723c54fe52', 
'System.changedBy', 
'system$changedby', 
'72dd548e-d31d-4f2e-a30b-6552def7478e', 
'282e2e60-88a5-469d-84a5-ba8d9151644f', 
'id', 
'system$changedby');
INSERT INTO "mendixsystem$association" ("id", 
"association_name", 
"table_name", 
"parent_entity_id", 
"child_entity_id", 
"parent_column_name", 
"child_column_name")
 VALUES ('8f51dc2f-891a-3ca8-849a-d94da430d893', 
'System.owner', 
'system$owner', 
'72dd548e-d31d-4f2e-a30b-6552def7478e', 
'282e2e60-88a5-469d-84a5-ba8d9151644f', 
'id', 
'system$owner');
CREATE TABLE "mxmodelreflection$mxobjectmember_type" (
	"mxmodelreflection$mxobjectmemberid" BIGINT NOT NULL,
	"mxmodelreflection$valuetypeid" BIGINT NOT NULL,
	PRIMARY KEY("mxmodelreflection$mxobjectmemberid","mxmodelreflection$valuetypeid"),
	CONSTRAINT "uniq_mxmodelreflection$mxobjectmember_type_mxmodelreflection$mxobjectmemberid" UNIQUE ("mxmodelreflection$mxobjectmemberid"));
CREATE INDEX "idx_mxmodelreflection$mxobjectmember_type_mxmodelreflection$valuetype_mxmodelreflection$mxobjectmember" ON "mxmodelreflection$mxobjectmember_type" ("mxmodelreflection$valuetypeid" ASC,"mxmodelreflection$mxobjectmemberid" ASC);
INSERT INTO "mendixsystem$association" ("id", 
"association_name", 
"table_name", 
"parent_entity_id", 
"child_entity_id", 
"parent_column_name", 
"child_column_name", 
"index_name")
 VALUES ('64511b7d-581d-423e-9a59-d0caaea94fc1', 
'MxModelReflection.MxObjectMember_Type', 
'mxmodelreflection$mxobjectmember_type', 
'72dd548e-d31d-4f2e-a30b-6552def7478e', 
'1f8640a4-16c8-4395-a5fa-b62c176a4008', 
'mxmodelreflection$mxobjectmemberid', 
'mxmodelreflection$valuetypeid', 
'idx_mxmodelreflection$mxobjectmember_type_mxmodelreflection$valuetype_mxmodelreflection$mxobjectmember');
INSERT INTO "mendixsystem$unique_constraint" ("name", 
"table_id", 
"column_id")
 VALUES ('uniq_mxmodelreflection$mxobjectmember_type_mxmodelreflection$mxobjectmemberid', 
'64511b7d-581d-423e-9a59-d0caaea94fc1', 
'd94a561c-4829-3c18-94d7-0d112bd12bc0');
CREATE TABLE "mxmodelreflection$mxobjectmember_mxobjecttype" (
	"mxmodelreflection$mxobjectmemberid" BIGINT NOT NULL,
	"mxmodelreflection$mxobjecttypeid" BIGINT NOT NULL,
	PRIMARY KEY("mxmodelreflection$mxobjectmemberid","mxmodelreflection$mxobjecttypeid"),
	CONSTRAINT "uniq_mxmodelreflection$mxobjectmember_mxobjecttype_mxmodelreflection$mxobjectmemberid" UNIQUE ("mxmodelreflection$mxobjectmemberid"));
CREATE INDEX "idx_mxmodelreflection$mxobjectmember_mxobjecttype_mxmodelreflection$mxobjecttype_mxmodelreflection$mxobjectmember" ON "mxmodelreflection$mxobjectmember_mxobjecttype" ("mxmodelreflection$mxobjecttypeid" ASC,"mxmodelreflection$mxobjectmemberid" ASC);
INSERT INTO "mendixsystem$association" ("id", 
"association_name", 
"table_name", 
"parent_entity_id", 
"child_entity_id", 
"parent_column_name", 
"child_column_name", 
"index_name")
 VALUES ('b0f1f26b-5e43-4fee-acb1-6075a22de1e2', 
'MxModelReflection.MxObjectMember_MxObjectType', 
'mxmodelreflection$mxobjectmember_mxobjecttype', 
'72dd548e-d31d-4f2e-a30b-6552def7478e', 
'15538b45-c4aa-496f-9338-f4ea71562e86', 
'mxmodelreflection$mxobjectmemberid', 
'mxmodelreflection$mxobjecttypeid', 
'idx_mxmodelreflection$mxobjectmember_mxobjecttype_mxmodelreflection$mxobjecttype_mxmodelreflection$mxobjectmember');
INSERT INTO "mendixsystem$unique_constraint" ("name", 
"table_id", 
"column_id")
 VALUES ('uniq_mxmodelreflection$mxobjectmember_mxobjecttype_mxmodelreflection$mxobjectmemberid', 
'b0f1f26b-5e43-4fee-acb1-6075a22de1e2', 
'5b9a58f2-7215-3530-b9ac-0f2dc6d96926');
CREATE TABLE "emailtemplate$emailtemplate" (
	"id" BIGINT NOT NULL,
	"cc" VARCHAR_IGNORECASE(2147483647) NULL,
	"creationdate" TIMESTAMP NULL,
	"bcc" VARCHAR_IGNORECASE(2147483647) NULL,
	"fromdisplayname" VARCHAR_IGNORECASE(200) NULL,
	"from" VARCHAR_IGNORECASE(200) NULL,
	"subject" VARCHAR_IGNORECASE(200) NULL,
	"replyto" VARCHAR_IGNORECASE(200) NULL,
	"changeddate" TIMESTAMP NULL,
	"useonlyplaintext" BOOLEAN NULL,
	"createddate" TIMESTAMP NULL,
	"htmlbody" VARCHAR_IGNORECASE(2147483647) NULL,
	"plainbody" VARCHAR_IGNORECASE(2147483647) NULL,
	"templatename" VARCHAR_IGNORECASE(200) NULL,
	"to" VARCHAR_IGNORECASE(2147483647) NULL,
	"system$changedby" BIGINT NULL,
	"system$owner" BIGINT NULL,
	PRIMARY KEY("id"));
CREATE INDEX "idx_emailtemplate$emailtemplate_system$changedby" ON "emailtemplate$emailtemplate" ("system$changedby" ASC,"id" ASC);
CREATE INDEX "idx_emailtemplate$emailtemplate_system$owner" ON "emailtemplate$emailtemplate" ("system$owner" ASC,"id" ASC);
INSERT INTO "mendixsystem$entity" ("id", 
"entity_name", 
"table_name", 
"remote", 
"remote_primary_key")
 VALUES ('2b17d53c-d88f-4ab8-89f7-157184a3d088', 
'EmailTemplate.EmailTemplate', 
'emailtemplate$emailtemplate', 
false, 
false);
INSERT INTO "mendixsystem$attribute" ("id", 
"entity_id", 
"attribute_name", 
"column_name", 
"type", 
"length", 
"default_value", 
"is_auto_number")
 VALUES ('fbd5f2c7-e73c-4acb-b46e-73d2101ac6af', 
'2b17d53c-d88f-4ab8-89f7-157184a3d088', 
'CC', 
'cc', 
30, 
0, 
'', 
false);
INSERT INTO "mendixsystem$attribute" ("id", 
"entity_id", 
"attribute_name", 
"column_name", 
"type", 
"length", 
"default_value", 
"is_auto_number")
 VALUES ('8bbbd1a8-d908-4883-828c-3a76b7dbdbec', 
'2b17d53c-d88f-4ab8-89f7-157184a3d088', 
'CreationDate', 
'creationdate', 
20, 
0, 
'', 
false);
INSERT INTO "mendixsystem$attribute" ("id", 
"entity_id", 
"attribute_name", 
"column_name", 
"type", 
"length", 
"default_value", 
"is_auto_number")
 VALUES ('ccdce347-df02-44e1-bf46-8de9b7e8c0ed', 
'2b17d53c-d88f-4ab8-89f7-157184a3d088', 
'BCC', 
'bcc', 
30, 
0, 
'', 
false);
INSERT INTO "mendixsystem$attribute" ("id", 
"entity_id", 
"attribute_name", 
"column_name", 
"type", 
"length", 
"default_value", 
"is_auto_number")
 VALUES ('28283b38-5fae-4e1f-8bfb-3df72c7ff1e2', 
'2b17d53c-d88f-4ab8-89f7-157184a3d088', 
'FromDisplayName', 
'fromdisplayname', 
30, 
200, 
'', 
false);
INSERT INTO "mendixsystem$attribute" ("id", 
"entity_id", 
"attribute_name", 
"column_name", 
"type", 
"length", 
"default_value", 
"is_auto_number")
 VALUES ('4ef6985c-a47e-4f15-9856-2c804584a29b', 
'2b17d53c-d88f-4ab8-89f7-157184a3d088', 
'From', 
'from', 
30, 
200, 
'', 
false);
INSERT INTO "mendixsystem$attribute" ("id", 
"entity_id", 
"attribute_name", 
"column_name", 
"type", 
"length", 
"default_value", 
"is_auto_number")
 VALUES ('5dea3b82-d176-488d-8c49-d95b233836a2', 
'2b17d53c-d88f-4ab8-89f7-157184a3d088', 
'Subject', 
'subject', 
30, 
200, 
'', 
false);
INSERT INTO "mendixsystem$attribute" ("id", 
"entity_id", 
"attribute_name", 
"column_name", 
"type", 
"length", 
"default_value", 
"is_auto_number")
 VALUES ('4ea893f4-9747-4c35-92b9-7bea799d51c0', 
'2b17d53c-d88f-4ab8-89f7-157184a3d088', 
'ReplyTo', 
'replyto', 
30, 
200, 
'', 
false);
INSERT INTO "mendixsystem$attribute" ("id", 
"entity_id", 
"attribute_name", 
"column_name", 
"type", 
"length", 
"default_value", 
"is_auto_number")
 VALUES ('d997bff0-2080-3f2a-9ba3-e04780cf7a0a', 
'2b17d53c-d88f-4ab8-89f7-157184a3d088', 
'changedDate', 
'changeddate', 
20, 
0, 
'', 
false);
INSERT INTO "mendixsystem$attribute" ("id", 
"entity_id", 
"attribute_name", 
"column_name", 
"type", 
"length", 
"default_value", 
"is_auto_number")
 VALUES ('d2184810-1068-4845-9864-79e87912a8e2', 
'2b17d53c-d88f-4ab8-89f7-157184a3d088', 
'UseOnlyPlainText', 
'useonlyplaintext', 
10, 
0, 
'false', 
false);
INSERT INTO "mendixsystem$attribute" ("id", 
"entity_id", 
"attribute_name", 
"column_name", 
"type", 
"length", 
"default_value", 
"is_auto_number")
 VALUES ('07a255fb-f31a-3696-9bdc-67e80052082d', 
'2b17d53c-d88f-4ab8-89f7-157184a3d088', 
'createdDate', 
'createddate', 
20, 
0, 
'', 
false);
INSERT INTO "mendixsystem$attribute" ("id", 
"entity_id", 
"attribute_name", 
"column_name", 
"type", 
"length", 
"default_value", 
"is_auto_number")
 VALUES ('cceb6b14-eb68-4b07-a208-70e0e2bb596f', 
'2b17d53c-d88f-4ab8-89f7-157184a3d088', 
'HtmlBody', 
'htmlbody', 
30, 
0, 
'', 
false);
INSERT INTO "mendixsystem$attribute" ("id", 
"entity_id", 
"attribute_name", 
"column_name", 
"type", 
"length", 
"default_value", 
"is_auto_number")
 VALUES ('026407eb-ae86-45e7-af67-372c03884a56', 
'2b17d53c-d88f-4ab8-89f7-157184a3d088', 
'PlainBody', 
'plainbody', 
30, 
0, 
'', 
false);
INSERT INTO "mendixsystem$attribute" ("id", 
"entity_id", 
"attribute_name", 
"column_name", 
"type", 
"length", 
"default_value", 
"is_auto_number")
 VALUES ('5ee2fec0-9575-4087-890c-454e79369f44', 
'2b17d53c-d88f-4ab8-89f7-157184a3d088', 
'TemplateName', 
'templatename', 
30, 
200, 
'', 
false);
INSERT INTO "mendixsystem$attribute" ("id", 
"entity_id", 
"attribute_name", 
"column_name", 
"type", 
"length", 
"default_value", 
"is_auto_number")
 VALUES ('8caedc8d-8b56-4e93-b69d-ae4b6b6f7b93', 
'2b17d53c-d88f-4ab8-89f7-157184a3d088', 
'To', 
'to', 
30, 
0, 
'', 
false);
INSERT INTO "mendixsystem$index" ("id", 
"table_id", 
"index_name")
 VALUES ('3b7e492c-9a29-3239-aa44-5da04b7e4a1a', 
'2b17d53c-d88f-4ab8-89f7-157184a3d088', 
'idx_emailtemplate$emailtemplate_system$changedby');
INSERT INTO "mendixsystem$index_column" ("index_id", 
"column_id", 
"sort_order", 
"ordinal")
 VALUES ('3b7e492c-9a29-3239-aa44-5da04b7e4a1a', 
'ae021ffd-3781-3f95-8e65-f9ebe5d5dd84', 
false, 
0);
INSERT INTO "mendixsystem$index" ("id", 
"table_id", 
"index_name")
 VALUES ('14d8b20a-7e32-36cb-b727-552d85f55850', 
'2b17d53c-d88f-4ab8-89f7-157184a3d088', 
'idx_emailtemplate$emailtemplate_system$owner');
INSERT INTO "mendixsystem$index_column" ("index_id", 
"column_id", 
"sort_order", 
"ordinal")
 VALUES ('14d8b20a-7e32-36cb-b727-552d85f55850', 
'f296a6ee-47c3-3e62-8381-06b5bb348651', 
false, 
0);
INSERT INTO "mendixsystem$association" ("id", 
"association_name", 
"table_name", 
"parent_entity_id", 
"child_entity_id", 
"parent_column_name", 
"child_column_name")
 VALUES ('ae021ffd-3781-3f95-8e65-f9ebe5d5dd84', 
'System.changedBy', 
'system$changedby', 
'2b17d53c-d88f-4ab8-89f7-157184a3d088', 
'282e2e60-88a5-469d-84a5-ba8d9151644f', 
'id', 
'system$changedby');
INSERT INTO "mendixsystem$association" ("id", 
"association_name", 
"table_name", 
"parent_entity_id", 
"child_entity_id", 
"parent_column_name", 
"child_column_name")
 VALUES ('f296a6ee-47c3-3e62-8381-06b5bb348651', 
'System.owner', 
'system$owner', 
'2b17d53c-d88f-4ab8-89f7-157184a3d088', 
'282e2e60-88a5-469d-84a5-ba8d9151644f', 
'id', 
'system$owner');
CREATE TABLE "emailtemplate$emailtemplate_mxobjecttype" (
	"emailtemplate$emailtemplateid" BIGINT NOT NULL,
	"mxmodelreflection$mxobjecttypeid" BIGINT NOT NULL,
	PRIMARY KEY("emailtemplate$emailtemplateid","mxmodelreflection$mxobjecttypeid"),
	CONSTRAINT "uniq_emailtemplate$emailtemplate_mxobjecttype_emailtemplate$emailtemplateid" UNIQUE ("emailtemplate$emailtemplateid"));
CREATE INDEX "idx_emailtemplate$emailtemplate_mxobjecttype_mxmodelreflection$mxobjecttype_emailtemplate$emailtemplate" ON "emailtemplate$emailtemplate_mxobjecttype" ("mxmodelreflection$mxobjecttypeid" ASC,"emailtemplate$emailtemplateid" ASC);
INSERT INTO "mendixsystem$association" ("id", 
"association_name", 
"table_name", 
"parent_entity_id", 
"child_entity_id", 
"parent_column_name", 
"child_column_name", 
"index_name")
 VALUES ('a4fd1014-b07c-4428-9298-6966c45b66ee', 
'EmailTemplate.EmailTemplate_MxObjectType', 
'emailtemplate$emailtemplate_mxobjecttype', 
'2b17d53c-d88f-4ab8-89f7-157184a3d088', 
'15538b45-c4aa-496f-9338-f4ea71562e86', 
'emailtemplate$emailtemplateid', 
'mxmodelreflection$mxobjecttypeid', 
'idx_emailtemplate$emailtemplate_mxobjecttype_mxmodelreflection$mxobjecttype_emailtemplate$emailtemplate');
INSERT INTO "mendixsystem$unique_constraint" ("name", 
"table_id", 
"column_id")
 VALUES ('uniq_emailtemplate$emailtemplate_mxobjecttype_emailtemplate$emailtemplateid', 
'a4fd1014-b07c-4428-9298-6966c45b66ee', 
'9e3fda86-762e-3a61-83f0-3eab42cacc4c');
CREATE TABLE "emailtemplate$emailtemplate_token" (
	"emailtemplate$emailtemplateid" BIGINT NOT NULL,
	"mxmodelreflection$tokenid" BIGINT NOT NULL,
	PRIMARY KEY("emailtemplate$emailtemplateid","mxmodelreflection$tokenid"));
CREATE INDEX "idx_emailtemplate$emailtemplate_token_mxmodelreflection$token_emailtemplate$emailtemplate" ON "emailtemplate$emailtemplate_token" ("mxmodelreflection$tokenid" ASC,"emailtemplate$emailtemplateid" ASC);
INSERT INTO "mendixsystem$association" ("id", 
"association_name", 
"table_name", 
"parent_entity_id", 
"child_entity_id", 
"parent_column_name", 
"child_column_name", 
"index_name")
 VALUES ('a50be76d-ab8d-45cb-9d39-0edb8b52c008', 
'EmailTemplate.EmailTemplate_Token', 
'emailtemplate$emailtemplate_token', 
'2b17d53c-d88f-4ab8-89f7-157184a3d088', 
'cf1b32fe-9cf5-422f-9842-e8185a230cd7', 
'emailtemplate$emailtemplateid', 
'mxmodelreflection$tokenid', 
'idx_emailtemplate$emailtemplate_token_mxmodelreflection$token_emailtemplate$emailtemplate');
CREATE TABLE "emailtemplate$header" (
	"id" BIGINT NOT NULL,
	"value" VARCHAR_IGNORECASE(2147483647) NULL,
	"name" VARCHAR_IGNORECASE(200) NULL,
	PRIMARY KEY("id"));
INSERT INTO "mendixsystem$entity" ("id", 
"entity_name", 
"table_name", 
"remote", 
"remote_primary_key")
 VALUES ('44b7d5d5-cba9-46a6-a67f-d0077db03b61', 
'EmailTemplate.Header', 
'emailtemplate$header', 
false, 
false);
INSERT INTO "mendixsystem$attribute" ("id", 
"entity_id", 
"attribute_name", 
"column_name", 
"type", 
"length", 
"default_value", 
"is_auto_number")
 VALUES ('7b6a3f5c-35c9-4aa6-82be-d224e9463610', 
'44b7d5d5-cba9-46a6-a67f-d0077db03b61', 
'Value', 
'value', 
30, 
0, 
'', 
false);
INSERT INTO "mendixsystem$attribute" ("id", 
"entity_id", 
"attribute_name", 
"column_name", 
"type", 
"length", 
"default_value", 
"is_auto_number")
 VALUES ('7eb2d841-f1fc-47e3-be36-0b2e93e5a8a9', 
'44b7d5d5-cba9-46a6-a67f-d0077db03b61', 
'Name', 
'name', 
30, 
200, 
'', 
false);
CREATE TABLE "emailtemplate$header_email" (
	"emailtemplate$headerid" BIGINT NOT NULL,
	"emailtemplate$emailid" BIGINT NOT NULL,
	PRIMARY KEY("emailtemplate$headerid","emailtemplate$emailid"),
	CONSTRAINT "uniq_emailtemplate$header_email_emailtemplate$headerid" UNIQUE ("emailtemplate$headerid"));
CREATE INDEX "idx_emailtemplate$header_email_emailtemplate$email_emailtemplate$header" ON "emailtemplate$header_email" ("emailtemplate$emailid" ASC,"emailtemplate$headerid" ASC);
INSERT INTO "mendixsystem$association" ("id", 
"association_name", 
"table_name", 
"parent_entity_id", 
"child_entity_id", 
"parent_column_name", 
"child_column_name", 
"index_name")
 VALUES ('871d577a-450b-4fa0-b88d-bf81d2b5957f', 
'EmailTemplate.Header_Email', 
'emailtemplate$header_email', 
'44b7d5d5-cba9-46a6-a67f-d0077db03b61', 
'a307c966-75e4-49ad-bf87-b3e52277b8f9', 
'emailtemplate$headerid', 
'emailtemplate$emailid', 
'idx_emailtemplate$header_email_emailtemplate$email_emailtemplate$header');
INSERT INTO "mendixsystem$unique_constraint" ("name", 
"table_id", 
"column_id")
 VALUES ('uniq_emailtemplate$header_email_emailtemplate$headerid', 
'871d577a-450b-4fa0-b88d-bf81d2b5957f', 
'25b2e863-cf08-3fa6-a0ac-fbfe7e8356d9');
CREATE TABLE "emailtemplate$emaillog" (
	"id" BIGINT NOT NULL,
	"triggeredinmf" VARCHAR_IGNORECASE(200) NULL,
	"message" VARCHAR_IGNORECASE(2147483647) NULL,
	"stacktrace" VARCHAR_IGNORECASE(2147483647) NULL,
	"logtype" VARCHAR_IGNORECASE(7) NULL,
	"errormessage" VARCHAR_IGNORECASE(2147483647) NULL,
	"created" TIMESTAMP NULL,
	PRIMARY KEY("id"));
CREATE INDEX "idx_emailtemplate$emaillog_created_asc" ON "emailtemplate$emaillog" ("created" ASC,"id" ASC);
INSERT INTO "mendixsystem$entity" ("id", 
"entity_name", 
"table_name", 
"remote", 
"remote_primary_key")
 VALUES ('6243bdc1-6f4e-4c9c-bbcf-85e823aa18e7', 
'EmailTemplate.EmailLog', 
'emailtemplate$emaillog', 
false, 
false);
INSERT INTO "mendixsystem$attribute" ("id", 
"entity_id", 
"attribute_name", 
"column_name", 
"type", 
"length", 
"default_value", 
"is_auto_number")
 VALUES ('a756f05a-a719-471e-a3e5-54b84c99764c', 
'6243bdc1-6f4e-4c9c-bbcf-85e823aa18e7', 
'TriggeredInMF', 
'triggeredinmf', 
30, 
200, 
'', 
false);
INSERT INTO "mendixsystem$attribute" ("id", 
"entity_id", 
"attribute_name", 
"column_name", 
"type", 
"length", 
"default_value", 
"is_auto_number")
 VALUES ('2b53dff3-d3b9-4b5a-b7c7-c4e0d8126117', 
'6243bdc1-6f4e-4c9c-bbcf-85e823aa18e7', 
'Message', 
'message', 
30, 
0, 
'', 
false);
INSERT INTO "mendixsystem$attribute" ("id", 
"entity_id", 
"attribute_name", 
"column_name", 
"type", 
"length", 
"default_value", 
"is_auto_number")
 VALUES ('a9b2e447-04d5-44f7-bbf2-10bf9f5e08a4', 
'6243bdc1-6f4e-4c9c-bbcf-85e823aa18e7', 
'StackTrace', 
'stacktrace', 
30, 
0, 
'', 
false);
INSERT INTO "mendixsystem$attribute" ("id", 
"entity_id", 
"attribute_name", 
"column_name", 
"type", 
"length", 
"default_value", 
"is_auto_number")
 VALUES ('942c172c-4fe6-4f68-82ec-fca68f75f36f', 
'6243bdc1-6f4e-4c9c-bbcf-85e823aa18e7', 
'Logtype', 
'logtype', 
40, 
7, 
'', 
false);
INSERT INTO "mendixsystem$attribute" ("id", 
"entity_id", 
"attribute_name", 
"column_name", 
"type", 
"length", 
"default_value", 
"is_auto_number")
 VALUES ('cbaf1391-f461-47ae-99a9-0cfe07f9e62a', 
'6243bdc1-6f4e-4c9c-bbcf-85e823aa18e7', 
'ErrorMessage', 
'errormessage', 
30, 
0, 
'', 
false);
INSERT INTO "mendixsystem$attribute" ("id", 
"entity_id", 
"attribute_name", 
"column_name", 
"type", 
"length", 
"default_value", 
"is_auto_number")
 VALUES ('df667aab-5499-4701-9d8c-b3165586db88', 
'6243bdc1-6f4e-4c9c-bbcf-85e823aa18e7', 
'Created', 
'created', 
20, 
0, 
'', 
false);
INSERT INTO "mendixsystem$index" ("id", 
"table_id", 
"index_name")
 VALUES ('981c3dab-faee-4c8d-b8b9-cd18ee587d6a', 
'6243bdc1-6f4e-4c9c-bbcf-85e823aa18e7', 
'idx_emailtemplate$emaillog_created_asc');
INSERT INTO "mendixsystem$index_column" ("index_id", 
"column_id", 
"sort_order", 
"ordinal")
 VALUES ('981c3dab-faee-4c8d-b8b9-cd18ee587d6a', 
'df667aab-5499-4701-9d8c-b3165586db88', 
false, 
0);
CREATE TABLE "ugs$signature" (
	"id" BIGINT NOT NULL,
	PRIMARY KEY("id"));
INSERT INTO "mendixsystem$entity" ("id", 
"entity_name", 
"table_name", 
"superentity_id", 
"remote", 
"remote_primary_key")
 VALUES ('78e06c56-9923-4fe0-bfc5-4bf2971d3da7', 
'UGS.Signature', 
'ugs$signature', 
'37827192-315d-4ab6-85b8-f626f866ea76', 
false, 
false);
CREATE TABLE "ugs$signature_grantsystem" (
	"ugs$signatureid" BIGINT NOT NULL,
	"ugs$grantsystemid" BIGINT NOT NULL,
	PRIMARY KEY("ugs$signatureid","ugs$grantsystemid"),
	CONSTRAINT "uniq_ugs$signature_grantsystem_ugs$grantsystemid" UNIQUE ("ugs$grantsystemid"),
	CONSTRAINT "uniq_ugs$signature_grantsystem_ugs$signatureid" UNIQUE ("ugs$signatureid"));
CREATE INDEX "idx_ugs$signature_grantsystem_ugs$grantsystem_ugs$signature" ON "ugs$signature_grantsystem" ("ugs$grantsystemid" ASC,"ugs$signatureid" ASC);
INSERT INTO "mendixsystem$association" ("id", 
"association_name", 
"table_name", 
"parent_entity_id", 
"child_entity_id", 
"parent_column_name", 
"child_column_name", 
"index_name")
 VALUES ('e698d8a6-ba86-4f45-ae7f-82d514420c99', 
'UGS.Signature_GrantSystem', 
'ugs$signature_grantsystem', 
'78e06c56-9923-4fe0-bfc5-4bf2971d3da7', 
'ba9d4296-9a81-4e9d-af93-a6f38307e8d2', 
'ugs$signatureid', 
'ugs$grantsystemid', 
'idx_ugs$signature_grantsystem_ugs$grantsystem_ugs$signature');
INSERT INTO "mendixsystem$unique_constraint" ("name", 
"table_id", 
"column_id")
 VALUES ('uniq_ugs$signature_grantsystem_ugs$grantsystemid', 
'e698d8a6-ba86-4f45-ae7f-82d514420c99', 
'864eb684-bf3b-37c1-82cd-72b1afd75e6e');
INSERT INTO "mendixsystem$unique_constraint" ("name", 
"table_id", 
"column_id")
 VALUES ('uniq_ugs$signature_grantsystem_ugs$signatureid', 
'e698d8a6-ba86-4f45-ae7f-82d514420c99', 
'd6b19702-daaf-3796-8764-823a71f25304');
CREATE TABLE "mxmodelreflection$mxobjecttype" (
	"id" BIGINT NOT NULL,
	"changeddate" TIMESTAMP NULL,
	"createddate" TIMESTAMP NULL,
	"persistencetype" VARCHAR_IGNORECASE(14) NULL,
	"completename" VARCHAR_IGNORECASE(200) NULL,
	"module" VARCHAR_IGNORECASE(200) NULL,
	"name" VARCHAR_IGNORECASE(200) NULL,
	"readablename" VARCHAR_IGNORECASE(400) NULL,
	"system$owner" BIGINT NULL,
	"system$changedby" BIGINT NULL,
	PRIMARY KEY("id"));
CREATE INDEX "idx_mxmodelreflection$mxobjecttype_system$owner" ON "mxmodelreflection$mxobjecttype" ("system$owner" ASC,"id" ASC);
CREATE INDEX "idx_mxmodelreflection$mxobjecttype_system$changedby" ON "mxmodelreflection$mxobjecttype" ("system$changedby" ASC,"id" ASC);
INSERT INTO "mendixsystem$entity" ("id", 
"entity_name", 
"table_name", 
"remote", 
"remote_primary_key")
 VALUES ('15538b45-c4aa-496f-9338-f4ea71562e86', 
'MxModelReflection.MxObjectType', 
'mxmodelreflection$mxobjecttype', 
false, 
false);
INSERT INTO "mendixsystem$attribute" ("id", 
"entity_id", 
"attribute_name", 
"column_name", 
"type", 
"length", 
"default_value", 
"is_auto_number")
 VALUES ('6826bc64-e50f-3b9a-b5a5-e9b32212f87f', 
'15538b45-c4aa-496f-9338-f4ea71562e86', 
'changedDate', 
'changeddate', 
20, 
0, 
'', 
false);
INSERT INTO "mendixsystem$attribute" ("id", 
"entity_id", 
"attribute_name", 
"column_name", 
"type", 
"length", 
"default_value", 
"is_auto_number")
 VALUES ('d96bf235-0154-3048-b7fd-6357520efec7', 
'15538b45-c4aa-496f-9338-f4ea71562e86', 
'createdDate', 
'createddate', 
20, 
0, 
'', 
false);
INSERT INTO "mendixsystem$attribute" ("id", 
"entity_id", 
"attribute_name", 
"column_name", 
"type", 
"length", 
"default_value", 
"is_auto_number")
 VALUES ('ddc7e8b2-1de4-4dba-8e01-b67604770d29', 
'15538b45-c4aa-496f-9338-f4ea71562e86', 
'PersistenceType', 
'persistencetype', 
40, 
14, 
'Persistable', 
false);
INSERT INTO "mendixsystem$attribute" ("id", 
"entity_id", 
"attribute_name", 
"column_name", 
"type", 
"length", 
"default_value", 
"is_auto_number")
 VALUES ('b952b33f-ec81-449f-9656-b4ae26c9948f', 
'15538b45-c4aa-496f-9338-f4ea71562e86', 
'CompleteName', 
'completename', 
30, 
200, 
'', 
false);
INSERT INTO "mendixsystem$attribute" ("id", 
"entity_id", 
"attribute_name", 
"column_name", 
"type", 
"length", 
"default_value", 
"is_auto_number")
 VALUES ('4cf268f9-eb07-487f-9ec4-d289b6102de5', 
'15538b45-c4aa-496f-9338-f4ea71562e86', 
'Module', 
'module', 
30, 
200, 
'', 
false);
INSERT INTO "mendixsystem$attribute" ("id", 
"entity_id", 
"attribute_name", 
"column_name", 
"type", 
"length", 
"default_value", 
"is_auto_number")
 VALUES ('caa41a7d-bc74-46e2-abd3-d4921b158091', 
'15538b45-c4aa-496f-9338-f4ea71562e86', 
'Name', 
'name', 
30, 
200, 
'', 
false);
INSERT INTO "mendixsystem$attribute" ("id", 
"entity_id", 
"attribute_name", 
"column_name", 
"type", 
"length", 
"default_value", 
"is_auto_number")
 VALUES ('7821b7bf-8fce-4f4a-b342-dc0e69ebb02b', 
'15538b45-c4aa-496f-9338-f4ea71562e86', 
'ReadableName', 
'readablename', 
30, 
400, 
'', 
false);
INSERT INTO "mendixsystem$index" ("id", 
"table_id", 
"index_name")
 VALUES ('3ed1e93b-822d-3c75-b771-cbd1194c4cbe', 
'15538b45-c4aa-496f-9338-f4ea71562e86', 
'idx_mxmodelreflection$mxobjecttype_system$owner');
INSERT INTO "mendixsystem$index_column" ("index_id", 
"column_id", 
"sort_order", 
"ordinal")
 VALUES ('3ed1e93b-822d-3c75-b771-cbd1194c4cbe', 
'3227bb7d-ad99-3d5b-9497-22e02914998e', 
false, 
0);
INSERT INTO "mendixsystem$index" ("id", 
"table_id", 
"index_name")
 VALUES ('e5ad7e41-b529-38ac-8c9a-9ea4e87bb752', 
'15538b45-c4aa-496f-9338-f4ea71562e86', 
'idx_mxmodelreflection$mxobjecttype_system$changedby');
INSERT INTO "mendixsystem$index_column" ("index_id", 
"column_id", 
"sort_order", 
"ordinal")
 VALUES ('e5ad7e41-b529-38ac-8c9a-9ea4e87bb752', 
'e3e58d6f-b427-36f1-8339-d615afab3fc6', 
false, 
0);
INSERT INTO "mendixsystem$association" ("id", 
"association_name", 
"table_name", 
"parent_entity_id", 
"child_entity_id", 
"parent_column_name", 
"child_column_name")
 VALUES ('3227bb7d-ad99-3d5b-9497-22e02914998e', 
'System.owner', 
'system$owner', 
'15538b45-c4aa-496f-9338-f4ea71562e86', 
'282e2e60-88a5-469d-84a5-ba8d9151644f', 
'id', 
'system$owner');
INSERT INTO "mendixsystem$association" ("id", 
"association_name", 
"table_name", 
"parent_entity_id", 
"child_entity_id", 
"parent_column_name", 
"child_column_name")
 VALUES ('e3e58d6f-b427-36f1-8339-d615afab3fc6', 
'System.changedBy', 
'system$changedby', 
'15538b45-c4aa-496f-9338-f4ea71562e86', 
'282e2e60-88a5-469d-84a5-ba8d9151644f', 
'id', 
'system$changedby');
CREATE TABLE "mxmodelreflection$mxobjecttype_subclassof_mxobjecttype" (
	"mxmodelreflection$mxobjecttypeid1" BIGINT NOT NULL,
	"mxmodelreflection$mxobjecttypeid2" BIGINT NOT NULL,
	PRIMARY KEY("mxmodelreflection$mxobjecttypeid1","mxmodelreflection$mxobjecttypeid2"));
CREATE INDEX "idx_mxmodelreflection$mxobjecttype_subclassof_mxobjecttype_mxmodelreflection$mxobjecttype_mxmodelreflection$mxobjecttype" ON "mxmodelreflection$mxobjecttype_subclassof_mxobjecttype" ("mxmodelreflection$mxobjecttypeid2" ASC,"mxmodelreflection$mxobjecttypeid1" ASC);
INSERT INTO "mendixsystem$association" ("id", 
"association_name", 
"table_name", 
"parent_entity_id", 
"child_entity_id", 
"parent_column_name", 
"child_column_name", 
"index_name")
 VALUES ('0aa044e9-b17a-4c5e-b846-d67ec71d2cc7', 
'MxModelReflection.MxObjectType_SubClassOf_MxObjectType', 
'mxmodelreflection$mxobjecttype_subclassof_mxobjecttype', 
'15538b45-c4aa-496f-9338-f4ea71562e86', 
'15538b45-c4aa-496f-9338-f4ea71562e86', 
'mxmodelreflection$mxobjecttypeid1', 
'mxmodelreflection$mxobjecttypeid2', 
'idx_mxmodelreflection$mxobjecttype_subclassof_mxobjecttype_mxmodelreflection$mxobjecttype_mxmodelreflection$mxobjecttype');
CREATE TABLE "mxmodelreflection$mxobjecttype_module" (
	"mxmodelreflection$mxobjecttypeid" BIGINT NOT NULL,
	"mxmodelreflection$moduleid" BIGINT NOT NULL,
	PRIMARY KEY("mxmodelreflection$mxobjecttypeid","mxmodelreflection$moduleid"),
	CONSTRAINT "uniq_mxmodelreflection$mxobjecttype_module_mxmodelreflection$mxobjecttypeid" UNIQUE ("mxmodelreflection$mxobjecttypeid"));
CREATE INDEX "idx_mxmodelreflection$mxobjecttype_module_mxmodelreflection$module_mxmodelreflection$mxobjecttype" ON "mxmodelreflection$mxobjecttype_module" ("mxmodelreflection$moduleid" ASC,"mxmodelreflection$mxobjecttypeid" ASC);
INSERT INTO "mendixsystem$association" ("id", 
"association_name", 
"table_name", 
"parent_entity_id", 
"child_entity_id", 
"parent_column_name", 
"child_column_name", 
"index_name")
 VALUES ('59cdc6a1-162c-4dde-a594-60cf799f2335', 
'MxModelReflection.MxObjectType_Module', 
'mxmodelreflection$mxobjecttype_module', 
'15538b45-c4aa-496f-9338-f4ea71562e86', 
'21095982-0c35-488f-beb8-e198dec27c6a', 
'mxmodelreflection$mxobjecttypeid', 
'mxmodelreflection$moduleid', 
'idx_mxmodelreflection$mxobjecttype_module_mxmodelreflection$module_mxmodelreflection$mxobjecttype');
INSERT INTO "mendixsystem$unique_constraint" ("name", 
"table_id", 
"column_id")
 VALUES ('uniq_mxmodelreflection$mxobjecttype_module_mxmodelreflection$mxobjecttypeid', 
'59cdc6a1-162c-4dde-a594-60cf799f2335', 
'e7ebed04-d20a-329a-9902-7db9d9c6daf9');
CREATE TABLE "mxmodelreflection$valuetype" (
	"id" BIGINT NOT NULL,
	"changeddate" TIMESTAMP NULL,
	"createddate" TIMESTAMP NULL,
	"typeenum" VARCHAR_IGNORECASE(11) NULL,
	"name" VARCHAR_IGNORECASE(200) NULL,
	"system$changedby" BIGINT NULL,
	"system$owner" BIGINT NULL,
	PRIMARY KEY("id"));
CREATE INDEX "idx_mxmodelreflection$valuetype_system$changedby" ON "mxmodelreflection$valuetype" ("system$changedby" ASC,"id" ASC);
CREATE INDEX "idx_mxmodelreflection$valuetype_system$owner" ON "mxmodelreflection$valuetype" ("system$owner" ASC,"id" ASC);
INSERT INTO "mendixsystem$entity" ("id", 
"entity_name", 
"table_name", 
"remote", 
"remote_primary_key")
 VALUES ('1f8640a4-16c8-4395-a5fa-b62c176a4008', 
'MxModelReflection.ValueType', 
'mxmodelreflection$valuetype', 
false, 
false);
INSERT INTO "mendixsystem$attribute" ("id", 
"entity_id", 
"attribute_name", 
"column_name", 
"type", 
"length", 
"default_value", 
"is_auto_number")
 VALUES ('6f63fee8-e60b-3cbc-b548-e8ffd9507df0', 
'1f8640a4-16c8-4395-a5fa-b62c176a4008', 
'changedDate', 
'changeddate', 
20, 
0, 
'', 
false);
INSERT INTO "mendixsystem$attribute" ("id", 
"entity_id", 
"attribute_name", 
"column_name", 
"type", 
"length", 
"default_value", 
"is_auto_number")
 VALUES ('546e9fa1-a76a-3944-919c-973a5888b7aa', 
'1f8640a4-16c8-4395-a5fa-b62c176a4008', 
'createdDate', 
'createddate', 
20, 
0, 
'', 
false);
INSERT INTO "mendixsystem$attribute" ("id", 
"entity_id", 
"attribute_name", 
"column_name", 
"type", 
"length", 
"default_value", 
"is_auto_number")
 VALUES ('6bfac73a-3b8d-49d6-8c47-ba320c6f68ae', 
'1f8640a4-16c8-4395-a5fa-b62c176a4008', 
'TypeEnum', 
'typeenum', 
40, 
11, 
'', 
false);
INSERT INTO "mendixsystem$attribute" ("id", 
"entity_id", 
"attribute_name", 
"column_name", 
"type", 
"length", 
"default_value", 
"is_auto_number")
 VALUES ('02c8f02d-f7f3-4424-a8b8-07ae07566fe9', 
'1f8640a4-16c8-4395-a5fa-b62c176a4008', 
'Name', 
'name', 
30, 
200, 
'', 
false);
INSERT INTO "mendixsystem$index" ("id", 
"table_id", 
"index_name")
 VALUES ('f7fccba3-974c-3c85-84e3-a4d519f54bea', 
'1f8640a4-16c8-4395-a5fa-b62c176a4008', 
'idx_mxmodelreflection$valuetype_system$changedby');
INSERT INTO "mendixsystem$index_column" ("index_id", 
"column_id", 
"sort_order", 
"ordinal")
 VALUES ('f7fccba3-974c-3c85-84e3-a4d519f54bea', 
'a2abd9ed-3e94-3f01-a183-a01f2ace1daf', 
false, 
0);
INSERT INTO "mendixsystem$index" ("id", 
"table_id", 
"index_name")
 VALUES ('1372a3d2-08ae-3124-8c2c-eb05781d3a3d', 
'1f8640a4-16c8-4395-a5fa-b62c176a4008', 
'idx_mxmodelreflection$valuetype_system$owner');
INSERT INTO "mendixsystem$index_column" ("index_id", 
"column_id", 
"sort_order", 
"ordinal")
 VALUES ('1372a3d2-08ae-3124-8c2c-eb05781d3a3d', 
'496f0d24-5e0c-3d70-bee1-2275120e36e8', 
false, 
0);
INSERT INTO "mendixsystem$association" ("id", 
"association_name", 
"table_name", 
"parent_entity_id", 
"child_entity_id", 
"parent_column_name", 
"child_column_name")
 VALUES ('a2abd9ed-3e94-3f01-a183-a01f2ace1daf', 
'System.changedBy', 
'system$changedby', 
'1f8640a4-16c8-4395-a5fa-b62c176a4008', 
'282e2e60-88a5-469d-84a5-ba8d9151644f', 
'id', 
'system$changedby');
INSERT INTO "mendixsystem$association" ("id", 
"association_name", 
"table_name", 
"parent_entity_id", 
"child_entity_id", 
"parent_column_name", 
"child_column_name")
 VALUES ('496f0d24-5e0c-3d70-bee1-2275120e36e8', 
'System.owner', 
'system$owner', 
'1f8640a4-16c8-4395-a5fa-b62c176a4008', 
'282e2e60-88a5-469d-84a5-ba8d9151644f', 
'id', 
'system$owner');
CREATE TABLE "mxmodelreflection$valuetype_mxobjecttype" (
	"mxmodelreflection$valuetypeid" BIGINT NOT NULL,
	"mxmodelreflection$mxobjecttypeid" BIGINT NOT NULL,
	PRIMARY KEY("mxmodelreflection$valuetypeid","mxmodelreflection$mxobjecttypeid"),
	CONSTRAINT "uniq_mxmodelreflection$valuetype_mxobjecttype_mxmodelreflection$valuetypeid" UNIQUE ("mxmodelreflection$valuetypeid"));
CREATE INDEX "idx_mxmodelreflection$valuetype_mxobjecttype_mxmodelreflection$mxobjecttype_mxmodelreflection$valuetype" ON "mxmodelreflection$valuetype_mxobjecttype" ("mxmodelreflection$mxobjecttypeid" ASC,"mxmodelreflection$valuetypeid" ASC);
INSERT INTO "mendixsystem$association" ("id", 
"association_name", 
"table_name", 
"parent_entity_id", 
"child_entity_id", 
"parent_column_name", 
"child_column_name", 
"index_name")
 VALUES ('b3c00515-a609-49f5-ba7c-cea2b57faf69', 
'MxModelReflection.ValueType_MxObjectType', 
'mxmodelreflection$valuetype_mxobjecttype', 
'1f8640a4-16c8-4395-a5fa-b62c176a4008', 
'15538b45-c4aa-496f-9338-f4ea71562e86', 
'mxmodelreflection$valuetypeid', 
'mxmodelreflection$mxobjecttypeid', 
'idx_mxmodelreflection$valuetype_mxobjecttype_mxmodelreflection$mxobjecttype_mxmodelreflection$valuetype');
INSERT INTO "mendixsystem$unique_constraint" ("name", 
"table_id", 
"column_id")
 VALUES ('uniq_mxmodelreflection$valuetype_mxobjecttype_mxmodelreflection$valuetypeid', 
'b3c00515-a609-49f5-ba7c-cea2b57faf69', 
'efd04f21-1706-3534-8fa9-ad809cb7a067');
CREATE TABLE "emailtemplate$modulesetup" (
	"id" BIGINT NOT NULL,
	"nroftemplates" INT NULL,
	"sentsuccessful" BOOLEAN NULL,
	"completed" BOOLEAN NULL,
	PRIMARY KEY("id"));
INSERT INTO "mendixsystem$entity" ("id", 
"entity_name", 
"table_name", 
"remote", 
"remote_primary_key")
 VALUES ('30dddabe-8495-4543-bc81-bfb845917625', 
'EmailTemplate.ModuleSetup', 
'emailtemplate$modulesetup', 
false, 
false);
INSERT INTO "mendixsystem$attribute" ("id", 
"entity_id", 
"attribute_name", 
"column_name", 
"type", 
"length", 
"default_value", 
"is_auto_number")
 VALUES ('935aa516-bf0e-4461-b7ee-eb1bb55c4b91', 
'30dddabe-8495-4543-bc81-bfb845917625', 
'NrOfTemplates', 
'nroftemplates', 
3, 
0, 
'0', 
false);
INSERT INTO "mendixsystem$attribute" ("id", 
"entity_id", 
"attribute_name", 
"column_name", 
"type", 
"length", 
"default_value", 
"is_auto_number")
 VALUES ('85408bc7-1a04-426b-82c1-187bbdf9539f', 
'30dddabe-8495-4543-bc81-bfb845917625', 
'SentSuccessful', 
'sentsuccessful', 
10, 
0, 
'false', 
false);
INSERT INTO "mendixsystem$attribute" ("id", 
"entity_id", 
"attribute_name", 
"column_name", 
"type", 
"length", 
"default_value", 
"is_auto_number")
 VALUES ('4da5c21f-ecc1-44fd-aa63-1553c7d6b2fe', 
'30dddabe-8495-4543-bc81-bfb845917625', 
'Completed', 
'completed', 
10, 
0, 
'true', 
false);
CREATE TABLE "emailtemplate$modulesetup_emailsettings" (
	"emailtemplate$modulesetupid" BIGINT NOT NULL,
	"emailtemplate$emailsettingsid" BIGINT NOT NULL,
	PRIMARY KEY("emailtemplate$modulesetupid","emailtemplate$emailsettingsid"),
	CONSTRAINT "uniq_emailtemplate$modulesetup_emailsettings_emailtemplate$modulesetupid" UNIQUE ("emailtemplate$modulesetupid"));
CREATE INDEX "idx_emailtemplate$modulesetup_emailsettings_emailtemplate$emailsettings_emailtemplate$modulesetup" ON "emailtemplate$modulesetup_emailsettings" ("emailtemplate$emailsettingsid" ASC,"emailtemplate$modulesetupid" ASC);
INSERT INTO "mendixsystem$association" ("id", 
"association_name", 
"table_name", 
"parent_entity_id", 
"child_entity_id", 
"parent_column_name", 
"child_column_name", 
"index_name")
 VALUES ('3215120a-882b-4f70-9c20-2e9b5054d835', 
'EmailTemplate.ModuleSetup_EmailSettings', 
'emailtemplate$modulesetup_emailsettings', 
'30dddabe-8495-4543-bc81-bfb845917625', 
'f6874515-78f2-4f42-959c-a01f8f8474b7', 
'emailtemplate$modulesetupid', 
'emailtemplate$emailsettingsid', 
'idx_emailtemplate$modulesetup_emailsettings_emailtemplate$emailsettings_emailtemplate$modulesetup');
INSERT INTO "mendixsystem$unique_constraint" ("name", 
"table_id", 
"column_id")
 VALUES ('uniq_emailtemplate$modulesetup_emailsettings_emailtemplate$modulesetupid', 
'3215120a-882b-4f70-9c20-2e9b5054d835', 
'a22501e8-c822-3a72-a313-8c2913357ad9');
CREATE TABLE "emailtemplate$email" (
	"id" BIGINT NOT NULL,
	"cc" VARCHAR_IGNORECASE(2147483647) NULL,
	"status" VARCHAR_IGNORECASE(6) NULL,
	"bcc" VARCHAR_IGNORECASE(2147483647) NULL,
	"fromdisplayname" VARCHAR_IGNORECASE(500) NULL,
	"from" VARCHAR_IGNORECASE(200) NULL,
	"queued" BOOLEAN NULL,
	"subject" VARCHAR_IGNORECASE(250) NULL,
	"date" TIMESTAMP NULL,
	"lastattempt" TIMESTAMP NULL,
	"replyto" VARCHAR_IGNORECASE(200) NULL,
	"lasterror" VARCHAR_IGNORECASE(2147483647) NULL,
	"useonlyplaintext" BOOLEAN NULL,
	"datesent" TIMESTAMP NULL,
	"htmlbody" VARCHAR_IGNORECASE(2147483647) NULL,
	"plainbody" VARCHAR_IGNORECASE(2147483647) NULL,
	"attempts" INT NULL,
	"to" VARCHAR_IGNORECASE(2147483647) NULL,
	PRIMARY KEY("id"));
CREATE INDEX "idx_emailtemplate$email_queued_asc_status_asc_lastattempt_asc" ON "emailtemplate$email" ("queued" ASC,"status" ASC,"lastattempt" ASC,"id" ASC);
CREATE INDEX "idx_emailtemplate$email_datesent_asc" ON "emailtemplate$email" ("datesent" ASC,"id" ASC);
CREATE INDEX "idx_emailtemplate$email_lastattempt_asc_queued_asc" ON "emailtemplate$email" ("lastattempt" ASC,"queued" ASC,"id" ASC);
INSERT INTO "mendixsystem$entity" ("id", 
"entity_name", 
"table_name", 
"remote", 
"remote_primary_key")
 VALUES ('a307c966-75e4-49ad-bf87-b3e52277b8f9', 
'EmailTemplate.Email', 
'emailtemplate$email', 
false, 
false);
INSERT INTO "mendixsystem$attribute" ("id", 
"entity_id", 
"attribute_name", 
"column_name", 
"type", 
"length", 
"default_value", 
"is_auto_number")
 VALUES ('de8474ff-5447-4102-b1ac-149febfe980c', 
'a307c966-75e4-49ad-bf87-b3e52277b8f9', 
'CC', 
'cc', 
30, 
0, 
'', 
false);
INSERT INTO "mendixsystem$attribute" ("id", 
"entity_id", 
"attribute_name", 
"column_name", 
"type", 
"length", 
"default_value", 
"is_auto_number")
 VALUES ('887aa0e5-2373-4ed2-a004-3e5f2bfabbea', 
'a307c966-75e4-49ad-bf87-b3e52277b8f9', 
'Status', 
'status', 
40, 
6, 
'', 
false);
INSERT INTO "mendixsystem$attribute" ("id", 
"entity_id", 
"attribute_name", 
"column_name", 
"type", 
"length", 
"default_value", 
"is_auto_number")
 VALUES ('57622b11-4a7d-4216-b152-45e696db4edd', 
'a307c966-75e4-49ad-bf87-b3e52277b8f9', 
'BCC', 
'bcc', 
30, 
0, 
'', 
false);
INSERT INTO "mendixsystem$attribute" ("id", 
"entity_id", 
"attribute_name", 
"column_name", 
"type", 
"length", 
"default_value", 
"is_auto_number")
 VALUES ('0f8bc7d4-995b-4511-939c-37aa7944a331', 
'a307c966-75e4-49ad-bf87-b3e52277b8f9', 
'FromDisplayName', 
'fromdisplayname', 
30, 
500, 
'', 
false);
INSERT INTO "mendixsystem$attribute" ("id", 
"entity_id", 
"attribute_name", 
"column_name", 
"type", 
"length", 
"default_value", 
"is_auto_number")
 VALUES ('96661cef-fc83-4173-97e7-da8e2e8cec74', 
'a307c966-75e4-49ad-bf87-b3e52277b8f9', 
'From', 
'from', 
30, 
200, 
'', 
false);
INSERT INTO "mendixsystem$attribute" ("id", 
"entity_id", 
"attribute_name", 
"column_name", 
"type", 
"length", 
"default_value", 
"is_auto_number")
 VALUES ('a5edc160-df51-493a-958b-8604ab89734f', 
'a307c966-75e4-49ad-bf87-b3e52277b8f9', 
'Queued', 
'queued', 
10, 
0, 
'false', 
false);
INSERT INTO "mendixsystem$attribute" ("id", 
"entity_id", 
"attribute_name", 
"column_name", 
"type", 
"length", 
"default_value", 
"is_auto_number")
 VALUES ('cec8f4bd-615a-4da3-bfbd-771b06daa266', 
'a307c966-75e4-49ad-bf87-b3e52277b8f9', 
'Subject', 
'subject', 
30, 
250, 
'', 
false);
INSERT INTO "mendixsystem$attribute" ("id", 
"entity_id", 
"attribute_name", 
"column_name", 
"type", 
"length", 
"default_value", 
"is_auto_number")
 VALUES ('a0813917-4ea8-4c07-a447-298419e2bb25', 
'a307c966-75e4-49ad-bf87-b3e52277b8f9', 
'Date', 
'date', 
20, 
0, 
'', 
false);
INSERT INTO "mendixsystem$attribute" ("id", 
"entity_id", 
"attribute_name", 
"column_name", 
"type", 
"length", 
"default_value", 
"is_auto_number")
 VALUES ('690e1a1b-6e92-425e-bd0f-e48638c7b469', 
'a307c966-75e4-49ad-bf87-b3e52277b8f9', 
'LastAttempt', 
'lastattempt', 
20, 
0, 
'', 
false);
INSERT INTO "mendixsystem$attribute" ("id", 
"entity_id", 
"attribute_name", 
"column_name", 
"type", 
"length", 
"default_value", 
"is_auto_number")
 VALUES ('88089a98-b97c-4053-aaa0-18edd7bd670e', 
'a307c966-75e4-49ad-bf87-b3e52277b8f9', 
'ReplyTo', 
'replyto', 
30, 
200, 
'', 
false);
INSERT INTO "mendixsystem$attribute" ("id", 
"entity_id", 
"attribute_name", 
"column_name", 
"type", 
"length", 
"default_value", 
"is_auto_number")
 VALUES ('786ac416-5283-4846-9250-31e3b15bb54e', 
'a307c966-75e4-49ad-bf87-b3e52277b8f9', 
'LastError', 
'lasterror', 
30, 
0, 
'', 
false);
INSERT INTO "mendixsystem$attribute" ("id", 
"entity_id", 
"attribute_name", 
"column_name", 
"type", 
"length", 
"default_value", 
"is_auto_number")
 VALUES ('77a1fca0-5269-4b02-9772-ed3fe53ce63f', 
'a307c966-75e4-49ad-bf87-b3e52277b8f9', 
'UseOnlyPlainText', 
'useonlyplaintext', 
10, 
0, 
'false', 
false);
INSERT INTO "mendixsystem$attribute" ("id", 
"entity_id", 
"attribute_name", 
"column_name", 
"type", 
"length", 
"default_value", 
"is_auto_number")
 VALUES ('755ef4b9-0d2c-44e5-9e95-73747c4093cf', 
'a307c966-75e4-49ad-bf87-b3e52277b8f9', 
'DateSent', 
'datesent', 
20, 
0, 
'', 
false);
INSERT INTO "mendixsystem$attribute" ("id", 
"entity_id", 
"attribute_name", 
"column_name", 
"type", 
"length", 
"default_value", 
"is_auto_number")
 VALUES ('fa5d0924-f785-4445-a3b7-78fcbc0a1ea7', 
'a307c966-75e4-49ad-bf87-b3e52277b8f9', 
'HtmlBody', 
'htmlbody', 
30, 
0, 
'', 
false);
INSERT INTO "mendixsystem$attribute" ("id", 
"entity_id", 
"attribute_name", 
"column_name", 
"type", 
"length", 
"default_value", 
"is_auto_number")
 VALUES ('72ea9cb4-70b2-48d4-9985-b1f84aab72d0', 
'a307c966-75e4-49ad-bf87-b3e52277b8f9', 
'PlainBody', 
'plainbody', 
30, 
0, 
'', 
false);
INSERT INTO "mendixsystem$attribute" ("id", 
"entity_id", 
"attribute_name", 
"column_name", 
"type", 
"length", 
"default_value", 
"is_auto_number")
 VALUES ('ec0711fe-6546-4963-a416-6443c32b03e0', 
'a307c966-75e4-49ad-bf87-b3e52277b8f9', 
'Attempts', 
'attempts', 
3, 
0, 
'0', 
false);
INSERT INTO "mendixsystem$attribute" ("id", 
"entity_id", 
"attribute_name", 
"column_name", 
"type", 
"length", 
"default_value", 
"is_auto_number")
 VALUES ('d8bbc5b8-eec7-4ae4-8034-8e0bb42bb79c', 
'a307c966-75e4-49ad-bf87-b3e52277b8f9', 
'To', 
'to', 
30, 
0, 
'', 
false);
INSERT INTO "mendixsystem$index" ("id", 
"table_id", 
"index_name")
 VALUES ('9741fdc4-554c-40f3-8dc7-42cefb72250a', 
'a307c966-75e4-49ad-bf87-b3e52277b8f9', 
'idx_emailtemplate$email_queued_asc_status_asc_lastattempt_asc');
INSERT INTO "mendixsystem$index_column" ("index_id", 
"column_id", 
"sort_order", 
"ordinal")
 VALUES ('9741fdc4-554c-40f3-8dc7-42cefb72250a', 
'a5edc160-df51-493a-958b-8604ab89734f', 
false, 
0);
INSERT INTO "mendixsystem$index_column" ("index_id", 
"column_id", 
"sort_order", 
"ordinal")
 VALUES ('9741fdc4-554c-40f3-8dc7-42cefb72250a', 
'887aa0e5-2373-4ed2-a004-3e5f2bfabbea', 
false, 
1);
INSERT INTO "mendixsystem$index_column" ("index_id", 
"column_id", 
"sort_order", 
"ordinal")
 VALUES ('9741fdc4-554c-40f3-8dc7-42cefb72250a', 
'690e1a1b-6e92-425e-bd0f-e48638c7b469', 
false, 
2);
INSERT INTO "mendixsystem$index" ("id", 
"table_id", 
"index_name")
 VALUES ('17b82469-c164-421d-8ef9-cd6c523fe630', 
'a307c966-75e4-49ad-bf87-b3e52277b8f9', 
'idx_emailtemplate$email_datesent_asc');
INSERT INTO "mendixsystem$index_column" ("index_id", 
"column_id", 
"sort_order", 
"ordinal")
 VALUES ('17b82469-c164-421d-8ef9-cd6c523fe630', 
'755ef4b9-0d2c-44e5-9e95-73747c4093cf', 
false, 
0);
INSERT INTO "mendixsystem$index" ("id", 
"table_id", 
"index_name")
 VALUES ('9c9f0a2f-34ee-4ca5-abd3-31b646f33889', 
'a307c966-75e4-49ad-bf87-b3e52277b8f9', 
'idx_emailtemplate$email_lastattempt_asc_queued_asc');
INSERT INTO "mendixsystem$index_column" ("index_id", 
"column_id", 
"sort_order", 
"ordinal")
 VALUES ('9c9f0a2f-34ee-4ca5-abd3-31b646f33889', 
'690e1a1b-6e92-425e-bd0f-e48638c7b469', 
false, 
0);
INSERT INTO "mendixsystem$index_column" ("index_id", 
"column_id", 
"sort_order", 
"ordinal")
 VALUES ('9c9f0a2f-34ee-4ca5-abd3-31b646f33889', 
'a5edc160-df51-493a-958b-8604ab89734f', 
false, 
1);
CREATE TABLE "emailtemplate$email_emailtemplate" (
	"emailtemplate$emailid" BIGINT NOT NULL,
	"emailtemplate$emailtemplateid" BIGINT NOT NULL,
	PRIMARY KEY("emailtemplate$emailid","emailtemplate$emailtemplateid"),
	CONSTRAINT "uniq_emailtemplate$email_emailtemplate_emailtemplate$emailid" UNIQUE ("emailtemplate$emailid"));
CREATE INDEX "idx_emailtemplate$email_emailtemplate_emailtemplate$emailtemplate_emailtemplate$email" ON "emailtemplate$email_emailtemplate" ("emailtemplate$emailtemplateid" ASC,"emailtemplate$emailid" ASC);
INSERT INTO "mendixsystem$association" ("id", 
"association_name", 
"table_name", 
"parent_entity_id", 
"child_entity_id", 
"parent_column_name", 
"child_column_name", 
"index_name")
 VALUES ('ef8aca95-0a8d-4da3-873b-f79697f17830', 
'EmailTemplate.Email_EmailTemplate', 
'emailtemplate$email_emailtemplate', 
'a307c966-75e4-49ad-bf87-b3e52277b8f9', 
'2b17d53c-d88f-4ab8-89f7-157184a3d088', 
'emailtemplate$emailid', 
'emailtemplate$emailtemplateid', 
'idx_emailtemplate$email_emailtemplate_emailtemplate$emailtemplate_emailtemplate$email');
INSERT INTO "mendixsystem$unique_constraint" ("name", 
"table_id", 
"column_id")
 VALUES ('uniq_emailtemplate$email_emailtemplate_emailtemplate$emailid', 
'ef8aca95-0a8d-4da3-873b-f79697f17830', 
'2004dc2e-e671-373b-bc3c-33182e21346d');
CREATE TABLE "mxmodelreflection$mxobjectenum" (
	"id" BIGINT NOT NULL,
	PRIMARY KEY("id"));
INSERT INTO "mendixsystem$entity" ("id", 
"entity_name", 
"table_name", 
"superentity_id", 
"remote", 
"remote_primary_key")
 VALUES ('71118049-534f-44bc-ab97-bf4334202be8', 
'MxModelReflection.MxObjectEnum', 
'mxmodelreflection$mxobjectenum', 
'72dd548e-d31d-4f2e-a30b-6552def7478e', 
false, 
false);
CREATE TABLE "mxmodelreflection$values" (
	"mxmodelreflection$mxobjectenumid" BIGINT NOT NULL,
	"mxmodelreflection$mxobjectenumvalueid" BIGINT NOT NULL,
	PRIMARY KEY("mxmodelreflection$mxobjectenumid","mxmodelreflection$mxobjectenumvalueid"));
CREATE INDEX "idx_mxmodelreflection$values_mxmodelreflection$mxobjectenumvalue_mxmodelreflection$mxobjectenum" ON "mxmodelreflection$values" ("mxmodelreflection$mxobjectenumvalueid" ASC,"mxmodelreflection$mxobjectenumid" ASC);
INSERT INTO "mendixsystem$association" ("id", 
"association_name", 
"table_name", 
"parent_entity_id", 
"child_entity_id", 
"parent_column_name", 
"child_column_name", 
"index_name")
 VALUES ('85211cc3-d0ed-4bf7-9115-51954af9acd8', 
'MxModelReflection.Values', 
'mxmodelreflection$values', 
'71118049-534f-44bc-ab97-bf4334202be8', 
'd01f8319-667d-415d-bade-74ff2fd514e3', 
'mxmodelreflection$mxobjectenumid', 
'mxmodelreflection$mxobjectenumvalueid', 
'idx_mxmodelreflection$values_mxmodelreflection$mxobjectenumvalue_mxmodelreflection$mxobjectenum');
CREATE TABLE "mxmodelreflection$mxobjectenumvalue" (
	"id" BIGINT NOT NULL,
	"changeddate" TIMESTAMP NULL,
	"createddate" TIMESTAMP NULL,
	"name" VARCHAR_IGNORECASE(200) NULL,
	"system$owner" BIGINT NULL,
	"system$changedby" BIGINT NULL,
	PRIMARY KEY("id"));
CREATE INDEX "idx_mxmodelreflection$mxobjectenumvalue_system$owner" ON "mxmodelreflection$mxobjectenumvalue" ("system$owner" ASC,"id" ASC);
CREATE INDEX "idx_mxmodelreflection$mxobjectenumvalue_system$changedby" ON "mxmodelreflection$mxobjectenumvalue" ("system$changedby" ASC,"id" ASC);
INSERT INTO "mendixsystem$entity" ("id", 
"entity_name", 
"table_name", 
"remote", 
"remote_primary_key")
 VALUES ('d01f8319-667d-415d-bade-74ff2fd514e3', 
'MxModelReflection.MxObjectEnumValue', 
'mxmodelreflection$mxobjectenumvalue', 
false, 
false);
INSERT INTO "mendixsystem$attribute" ("id", 
"entity_id", 
"attribute_name", 
"column_name", 
"type", 
"length", 
"default_value", 
"is_auto_number")
 VALUES ('a74d7539-a565-380e-9d85-124d1a6db29a', 
'd01f8319-667d-415d-bade-74ff2fd514e3', 
'changedDate', 
'changeddate', 
20, 
0, 
'', 
false);
INSERT INTO "mendixsystem$attribute" ("id", 
"entity_id", 
"attribute_name", 
"column_name", 
"type", 
"length", 
"default_value", 
"is_auto_number")
 VALUES ('107711f3-0ca7-3e97-a9d7-ec8c3679e20f', 
'd01f8319-667d-415d-bade-74ff2fd514e3', 
'createdDate', 
'createddate', 
20, 
0, 
'', 
false);
INSERT INTO "mendixsystem$attribute" ("id", 
"entity_id", 
"attribute_name", 
"column_name", 
"type", 
"length", 
"default_value", 
"is_auto_number")
 VALUES ('da07f838-4493-4c73-b21d-718d53a3a687', 
'd01f8319-667d-415d-bade-74ff2fd514e3', 
'Name', 
'name', 
30, 
200, 
'', 
false);
INSERT INTO "mendixsystem$index" ("id", 
"table_id", 
"index_name")
 VALUES ('ebf2022d-9a32-346d-ad46-bcbde15bf229', 
'd01f8319-667d-415d-bade-74ff2fd514e3', 
'idx_mxmodelreflection$mxobjectenumvalue_system$owner');
INSERT INTO "mendixsystem$index_column" ("index_id", 
"column_id", 
"sort_order", 
"ordinal")
 VALUES ('ebf2022d-9a32-346d-ad46-bcbde15bf229', 
'7a59faab-5878-33c9-96f7-8a98ea6338e5', 
false, 
0);
INSERT INTO "mendixsystem$index" ("id", 
"table_id", 
"index_name")
 VALUES ('0fd06f89-54cc-3521-b833-ea6ba9b8dd10', 
'd01f8319-667d-415d-bade-74ff2fd514e3', 
'idx_mxmodelreflection$mxobjectenumvalue_system$changedby');
INSERT INTO "mendixsystem$index_column" ("index_id", 
"column_id", 
"sort_order", 
"ordinal")
 VALUES ('0fd06f89-54cc-3521-b833-ea6ba9b8dd10', 
'40bd49c3-bc8e-34bb-9520-bd06bd057f4f', 
false, 
0);
INSERT INTO "mendixsystem$association" ("id", 
"association_name", 
"table_name", 
"parent_entity_id", 
"child_entity_id", 
"parent_column_name", 
"child_column_name")
 VALUES ('7a59faab-5878-33c9-96f7-8a98ea6338e5', 
'System.owner', 
'system$owner', 
'd01f8319-667d-415d-bade-74ff2fd514e3', 
'282e2e60-88a5-469d-84a5-ba8d9151644f', 
'id', 
'system$owner');
INSERT INTO "mendixsystem$association" ("id", 
"association_name", 
"table_name", 
"parent_entity_id", 
"child_entity_id", 
"parent_column_name", 
"child_column_name")
 VALUES ('40bd49c3-bc8e-34bb-9520-bd06bd057f4f', 
'System.changedBy', 
'system$changedby', 
'd01f8319-667d-415d-bade-74ff2fd514e3', 
'282e2e60-88a5-469d-84a5-ba8d9151644f', 
'id', 
'system$changedby');
CREATE TABLE "mxmodelreflection$captions" (
	"mxmodelreflection$mxobjectenumvalueid" BIGINT NOT NULL,
	"mxmodelreflection$mxobjectenumcaptionsid" BIGINT NOT NULL,
	PRIMARY KEY("mxmodelreflection$mxobjectenumvalueid","mxmodelreflection$mxobjectenumcaptionsid"));
CREATE INDEX "idx_mxmodelreflection$captions_mxmodelreflection$mxobjectenumcaptions_mxmodelreflection$mxobjectenumvalue" ON "mxmodelreflection$captions" ("mxmodelreflection$mxobjectenumcaptionsid" ASC,"mxmodelreflection$mxobjectenumvalueid" ASC);
INSERT INTO "mendixsystem$association" ("id", 
"association_name", 
"table_name", 
"parent_entity_id", 
"child_entity_id", 
"parent_column_name", 
"child_column_name", 
"index_name")
 VALUES ('5bfd5a01-7539-42de-bc93-207016326437', 
'MxModelReflection.Captions', 
'mxmodelreflection$captions', 
'd01f8319-667d-415d-bade-74ff2fd514e3', 
'6ae26f8f-132a-4d3d-8751-4efd720628d1', 
'mxmodelreflection$mxobjectenumvalueid', 
'mxmodelreflection$mxobjectenumcaptionsid', 
'idx_mxmodelreflection$captions_mxmodelreflection$mxobjectenumcaptions_mxmodelreflection$mxobjectenumvalue');
CREATE TABLE "emailtemplate$emailsettings" (
	"id" BIGINT NOT NULL,
	"changeddate" TIMESTAMP NULL,
	"username" VARCHAR_IGNORECASE(200) NULL,
	"fromaddress" VARCHAR_IGNORECASE(200) NULL,
	"createddate" TIMESTAMP NULL,
	"server" VARCHAR_IGNORECASE(200) NULL,
	"usesslcheckserveridentity" BOOLEAN NULL,
	"port" INT NULL,
	"fromdisplayname" VARCHAR_IGNORECASE(500) NULL,
	"usessl" BOOLEAN NULL,
	"usetls" BOOLEAN NULL,
	"password" VARCHAR_IGNORECASE(200) NULL,
	"maxattempts" INT NULL,
	"system$owner" BIGINT NULL,
	"system$changedby" BIGINT NULL,
	PRIMARY KEY("id"));
CREATE INDEX "idx_emailtemplate$emailsettings_system$owner" ON "emailtemplate$emailsettings" ("system$owner" ASC,"id" ASC);
CREATE INDEX "idx_emailtemplate$emailsettings_system$changedby" ON "emailtemplate$emailsettings" ("system$changedby" ASC,"id" ASC);
INSERT INTO "mendixsystem$entity" ("id", 
"entity_name", 
"table_name", 
"remote", 
"remote_primary_key")
 VALUES ('f6874515-78f2-4f42-959c-a01f8f8474b7', 
'EmailTemplate.EmailSettings', 
'emailtemplate$emailsettings', 
false, 
false);
INSERT INTO "mendixsystem$attribute" ("id", 
"entity_id", 
"attribute_name", 
"column_name", 
"type", 
"length", 
"default_value", 
"is_auto_number")
 VALUES ('452d0219-2ce4-3c1e-b088-9b8519eed42b', 
'f6874515-78f2-4f42-959c-a01f8f8474b7', 
'changedDate', 
'changeddate', 
20, 
0, 
'', 
false);
INSERT INTO "mendixsystem$attribute" ("id", 
"entity_id", 
"attribute_name", 
"column_name", 
"type", 
"length", 
"default_value", 
"is_auto_number")
 VALUES ('5ea5acaa-c6cf-483c-a5e9-e59f126ea407', 
'f6874515-78f2-4f42-959c-a01f8f8474b7', 
'UserName', 
'username', 
30, 
200, 
'', 
false);
INSERT INTO "mendixsystem$attribute" ("id", 
"entity_id", 
"attribute_name", 
"column_name", 
"type", 
"length", 
"default_value", 
"is_auto_number")
 VALUES ('aabc0aac-4cf6-44f6-9ced-5f96d08cc952', 
'f6874515-78f2-4f42-959c-a01f8f8474b7', 
'FromAddress', 
'fromaddress', 
30, 
200, 
'', 
false);
INSERT INTO "mendixsystem$attribute" ("id", 
"entity_id", 
"attribute_name", 
"column_name", 
"type", 
"length", 
"default_value", 
"is_auto_number")
 VALUES ('9e791915-f5c7-38b5-8abf-099bc96f221a', 
'f6874515-78f2-4f42-959c-a01f8f8474b7', 
'createdDate', 
'createddate', 
20, 
0, 
'', 
false);
INSERT INTO "mendixsystem$attribute" ("id", 
"entity_id", 
"attribute_name", 
"column_name", 
"type", 
"length", 
"default_value", 
"is_auto_number")
 VALUES ('f2cf883a-7c4e-46cd-8e9b-c3563057ace0', 
'f6874515-78f2-4f42-959c-a01f8f8474b7', 
'Server', 
'server', 
30, 
200, 
'', 
false);
INSERT INTO "mendixsystem$attribute" ("id", 
"entity_id", 
"attribute_name", 
"column_name", 
"type", 
"length", 
"default_value", 
"is_auto_number")
 VALUES ('c95ba094-0f42-481c-9e80-88db680d3508', 
'f6874515-78f2-4f42-959c-a01f8f8474b7', 
'UseSSLCheckServerIdentity', 
'usesslcheckserveridentity', 
10, 
0, 
'false', 
false);
INSERT INTO "mendixsystem$attribute" ("id", 
"entity_id", 
"attribute_name", 
"column_name", 
"type", 
"length", 
"default_value", 
"is_auto_number")
 VALUES ('fe703834-8181-4096-bbbb-d12516e09ff1', 
'f6874515-78f2-4f42-959c-a01f8f8474b7', 
'Port', 
'port', 
3, 
0, 
'', 
false);
INSERT INTO "mendixsystem$attribute" ("id", 
"entity_id", 
"attribute_name", 
"column_name", 
"type", 
"length", 
"default_value", 
"is_auto_number")
 VALUES ('ff14d6fc-2616-46dc-993a-8534bcbf4968', 
'f6874515-78f2-4f42-959c-a01f8f8474b7', 
'FromDisplayName', 
'fromdisplayname', 
30, 
500, 
'', 
false);
INSERT INTO "mendixsystem$attribute" ("id", 
"entity_id", 
"attribute_name", 
"column_name", 
"type", 
"length", 
"default_value", 
"is_auto_number")
 VALUES ('1b3635d6-b8cc-4459-807c-85fe21d0b9f7', 
'f6874515-78f2-4f42-959c-a01f8f8474b7', 
'UseSSL', 
'usessl', 
10, 
0, 
'false', 
false);
INSERT INTO "mendixsystem$attribute" ("id", 
"entity_id", 
"attribute_name", 
"column_name", 
"type", 
"length", 
"default_value", 
"is_auto_number")
 VALUES ('558c1b2c-31fb-4f0e-8528-dc99b706b64a', 
'f6874515-78f2-4f42-959c-a01f8f8474b7', 
'UseTLS', 
'usetls', 
10, 
0, 
'false', 
false);
INSERT INTO "mendixsystem$attribute" ("id", 
"entity_id", 
"attribute_name", 
"column_name", 
"type", 
"length", 
"default_value", 
"is_auto_number")
 VALUES ('70eec770-90e9-473b-b59a-41a71aff3904', 
'f6874515-78f2-4f42-959c-a01f8f8474b7', 
'Password', 
'password', 
30, 
200, 
'', 
false);
INSERT INTO "mendixsystem$attribute" ("id", 
"entity_id", 
"attribute_name", 
"column_name", 
"type", 
"length", 
"default_value", 
"is_auto_number")
 VALUES ('7caf8952-5e1a-425b-ad4b-b337c9c7f9c3', 
'f6874515-78f2-4f42-959c-a01f8f8474b7', 
'MaxAttempts', 
'maxattempts', 
3, 
0, 
'10', 
false);
INSERT INTO "mendixsystem$index" ("id", 
"table_id", 
"index_name")
 VALUES ('12797769-a0d5-30ae-8cb8-2ad5c859c30d', 
'f6874515-78f2-4f42-959c-a01f8f8474b7', 
'idx_emailtemplate$emailsettings_system$owner');
INSERT INTO "mendixsystem$index_column" ("index_id", 
"column_id", 
"sort_order", 
"ordinal")
 VALUES ('12797769-a0d5-30ae-8cb8-2ad5c859c30d', 
'db052aa6-c5f8-31be-a7b4-8312786e189b', 
false, 
0);
INSERT INTO "mendixsystem$index" ("id", 
"table_id", 
"index_name")
 VALUES ('602174a8-f9d2-325d-8b7d-726f240ac745', 
'f6874515-78f2-4f42-959c-a01f8f8474b7', 
'idx_emailtemplate$emailsettings_system$changedby');
INSERT INTO "mendixsystem$index_column" ("index_id", 
"column_id", 
"sort_order", 
"ordinal")
 VALUES ('602174a8-f9d2-325d-8b7d-726f240ac745', 
'e604efb7-8c19-347e-b340-c404c76a9f71', 
false, 
0);
INSERT INTO "mendixsystem$association" ("id", 
"association_name", 
"table_name", 
"parent_entity_id", 
"child_entity_id", 
"parent_column_name", 
"child_column_name")
 VALUES ('db052aa6-c5f8-31be-a7b4-8312786e189b', 
'System.owner', 
'system$owner', 
'f6874515-78f2-4f42-959c-a01f8f8474b7', 
'282e2e60-88a5-469d-84a5-ba8d9151644f', 
'id', 
'system$owner');
INSERT INTO "mendixsystem$association" ("id", 
"association_name", 
"table_name", 
"parent_entity_id", 
"child_entity_id", 
"parent_column_name", 
"child_column_name")
 VALUES ('e604efb7-8c19-347e-b340-c404c76a9f71', 
'System.changedBy', 
'system$changedby', 
'f6874515-78f2-4f42-959c-a01f8f8474b7', 
'282e2e60-88a5-469d-84a5-ba8d9151644f', 
'id', 
'system$changedby');
CREATE TABLE "mxmodelreflection$dbsizeestimate" (
	"id" BIGINT NOT NULL,
	"findobjecttype" VARCHAR_IGNORECASE(200) NULL,
	"calculatedsizeinkilobytes" BIGINT NULL,
	"calculatedsizeinbytes" BIGINT NULL,
	"nrofrecords" INT NULL,
	PRIMARY KEY("id"));
INSERT INTO "mendixsystem$entity" ("id", 
"entity_name", 
"table_name", 
"remote", 
"remote_primary_key")
 VALUES ('15c13c82-2ca6-4aed-b1f3-49501f1fd4ac', 
'MxModelReflection.DbSizeEstimate', 
'mxmodelreflection$dbsizeestimate', 
false, 
false);
INSERT INTO "mendixsystem$attribute" ("id", 
"entity_id", 
"attribute_name", 
"column_name", 
"type", 
"length", 
"default_value", 
"is_auto_number")
 VALUES ('1270ac75-5a40-4356-86f0-cd8cec6bb3d3', 
'15c13c82-2ca6-4aed-b1f3-49501f1fd4ac', 
'FindObjectType', 
'findobjecttype', 
30, 
200, 
'', 
false);
INSERT INTO "mendixsystem$attribute" ("id", 
"entity_id", 
"attribute_name", 
"column_name", 
"type", 
"length", 
"default_value", 
"is_auto_number")
 VALUES ('2465cf0b-174f-4252-87a3-395fce38e37c', 
'15c13c82-2ca6-4aed-b1f3-49501f1fd4ac', 
'CalculatedSizeInKiloBytes', 
'calculatedsizeinkilobytes', 
4, 
0, 
'0', 
false);
INSERT INTO "mendixsystem$attribute" ("id", 
"entity_id", 
"attribute_name", 
"column_name", 
"type", 
"length", 
"default_value", 
"is_auto_number")
 VALUES ('2c3fa3b8-f6c6-4110-bb9b-c07bac765241', 
'15c13c82-2ca6-4aed-b1f3-49501f1fd4ac', 
'CalculatedSizeInBytes', 
'calculatedsizeinbytes', 
4, 
0, 
'0', 
false);
INSERT INTO "mendixsystem$attribute" ("id", 
"entity_id", 
"attribute_name", 
"column_name", 
"type", 
"length", 
"default_value", 
"is_auto_number")
 VALUES ('703fbe58-de6c-491e-a1fd-3cbd56e7ae4f', 
'15c13c82-2ca6-4aed-b1f3-49501f1fd4ac', 
'NrOfRecords', 
'nrofrecords', 
3, 
0, 
'', 
false);
CREATE TABLE "mxmodelreflection$dbsizeestimate_mxobjecttype" (
	"mxmodelreflection$dbsizeestimateid" BIGINT NOT NULL,
	"mxmodelreflection$mxobjecttypeid" BIGINT NOT NULL,
	PRIMARY KEY("mxmodelreflection$dbsizeestimateid","mxmodelreflection$mxobjecttypeid"),
	CONSTRAINT "uniq_mxmodelreflection$dbsizeestimate_mxobjecttype_mxmodelreflection$dbsizeestimateid" UNIQUE ("mxmodelreflection$dbsizeestimateid"));
CREATE INDEX "idx_mxmodelreflection$dbsizeestimate_mxobjecttype_mxmodelreflection$mxobjecttype_mxmodelreflection$dbsizeestimate" ON "mxmodelreflection$dbsizeestimate_mxobjecttype" ("mxmodelreflection$mxobjecttypeid" ASC,"mxmodelreflection$dbsizeestimateid" ASC);
INSERT INTO "mendixsystem$association" ("id", 
"association_name", 
"table_name", 
"parent_entity_id", 
"child_entity_id", 
"parent_column_name", 
"child_column_name", 
"index_name")
 VALUES ('c5e0b11e-4e38-472e-bcd2-ea896a8df83e', 
'MxModelReflection.DbSizeEstimate_MxObjectType', 
'mxmodelreflection$dbsizeestimate_mxobjecttype', 
'15c13c82-2ca6-4aed-b1f3-49501f1fd4ac', 
'15538b45-c4aa-496f-9338-f4ea71562e86', 
'mxmodelreflection$dbsizeestimateid', 
'mxmodelreflection$mxobjecttypeid', 
'idx_mxmodelreflection$dbsizeestimate_mxobjecttype_mxmodelreflection$mxobjecttype_mxmodelreflection$dbsizeestimate');
INSERT INTO "mendixsystem$unique_constraint" ("name", 
"table_id", 
"column_id")
 VALUES ('uniq_mxmodelreflection$dbsizeestimate_mxobjecttype_mxmodelreflection$dbsizeestimateid', 
'c5e0b11e-4e38-472e-bcd2-ea896a8df83e', 
'a236090f-410c-37ca-85e7-00f84f238042');
CREATE TABLE "mxmodelreflection$parameter" (
	"id" BIGINT NOT NULL,
	"changeddate" TIMESTAMP NULL,
	"createddate" TIMESTAMP NULL,
	"name" VARCHAR_IGNORECASE(200) NULL,
	"system$changedby" BIGINT NULL,
	"system$owner" BIGINT NULL,
	PRIMARY KEY("id"));
CREATE INDEX "idx_mxmodelreflection$parameter_system$changedby" ON "mxmodelreflection$parameter" ("system$changedby" ASC,"id" ASC);
CREATE INDEX "idx_mxmodelreflection$parameter_system$owner" ON "mxmodelreflection$parameter" ("system$owner" ASC,"id" ASC);
INSERT INTO "mendixsystem$entity" ("id", 
"entity_name", 
"table_name", 
"remote", 
"remote_primary_key")
 VALUES ('8204f4df-291a-4857-8d1d-affbc5b0b7f0', 
'MxModelReflection.Parameter', 
'mxmodelreflection$parameter', 
false, 
false);
INSERT INTO "mendixsystem$attribute" ("id", 
"entity_id", 
"attribute_name", 
"column_name", 
"type", 
"length", 
"default_value", 
"is_auto_number")
 VALUES ('f99f0679-2a98-347b-a4f3-21a348145809', 
'8204f4df-291a-4857-8d1d-affbc5b0b7f0', 
'changedDate', 
'changeddate', 
20, 
0, 
'', 
false);
INSERT INTO "mendixsystem$attribute" ("id", 
"entity_id", 
"attribute_name", 
"column_name", 
"type", 
"length", 
"default_value", 
"is_auto_number")
 VALUES ('ad8de115-4184-3a39-849b-208f31aacd2d', 
'8204f4df-291a-4857-8d1d-affbc5b0b7f0', 
'createdDate', 
'createddate', 
20, 
0, 
'', 
false);
INSERT INTO "mendixsystem$attribute" ("id", 
"entity_id", 
"attribute_name", 
"column_name", 
"type", 
"length", 
"default_value", 
"is_auto_number")
 VALUES ('0236cfd9-9f5d-4fd9-8b10-d31d7e69863b', 
'8204f4df-291a-4857-8d1d-affbc5b0b7f0', 
'Name', 
'name', 
30, 
200, 
'', 
false);
INSERT INTO "mendixsystem$index" ("id", 
"table_id", 
"index_name")
 VALUES ('59f2bb9d-1738-3982-bf13-8d7aec4ebdb3', 
'8204f4df-291a-4857-8d1d-affbc5b0b7f0', 
'idx_mxmodelreflection$parameter_system$changedby');
INSERT INTO "mendixsystem$index_column" ("index_id", 
"column_id", 
"sort_order", 
"ordinal")
 VALUES ('59f2bb9d-1738-3982-bf13-8d7aec4ebdb3', 
'1e5fad42-77a3-3a42-bad1-c9e222614ff8', 
false, 
0);
INSERT INTO "mendixsystem$index" ("id", 
"table_id", 
"index_name")
 VALUES ('ca2f4e5d-a368-3ba8-9c29-9f2c1cb2f839', 
'8204f4df-291a-4857-8d1d-affbc5b0b7f0', 
'idx_mxmodelreflection$parameter_system$owner');
INSERT INTO "mendixsystem$index_column" ("index_id", 
"column_id", 
"sort_order", 
"ordinal")
 VALUES ('ca2f4e5d-a368-3ba8-9c29-9f2c1cb2f839', 
'3910ec86-e2bc-36ef-95f5-3d452d820390', 
false, 
0);
INSERT INTO "mendixsystem$association" ("id", 
"association_name", 
"table_name", 
"parent_entity_id", 
"child_entity_id", 
"parent_column_name", 
"child_column_name")
 VALUES ('1e5fad42-77a3-3a42-bad1-c9e222614ff8', 
'System.changedBy', 
'system$changedby', 
'8204f4df-291a-4857-8d1d-affbc5b0b7f0', 
'282e2e60-88a5-469d-84a5-ba8d9151644f', 
'id', 
'system$changedby');
INSERT INTO "mendixsystem$association" ("id", 
"association_name", 
"table_name", 
"parent_entity_id", 
"child_entity_id", 
"parent_column_name", 
"child_column_name")
 VALUES ('3910ec86-e2bc-36ef-95f5-3d452d820390', 
'System.owner', 
'system$owner', 
'8204f4df-291a-4857-8d1d-affbc5b0b7f0', 
'282e2e60-88a5-469d-84a5-ba8d9151644f', 
'id', 
'system$owner');
CREATE TABLE "mxmodelreflection$parameter_mxobjecttype" (
	"mxmodelreflection$parameterid" BIGINT NOT NULL,
	"mxmodelreflection$mxobjecttypeid" BIGINT NOT NULL,
	PRIMARY KEY("mxmodelreflection$parameterid","mxmodelreflection$mxobjecttypeid"),
	CONSTRAINT "uniq_mxmodelreflection$parameter_mxobjecttype_mxmodelreflection$parameterid" UNIQUE ("mxmodelreflection$parameterid"));
CREATE INDEX "idx_mxmodelreflection$parameter_mxobjecttype_mxmodelreflection$mxobjecttype_mxmodelreflection$parameter" ON "mxmodelreflection$parameter_mxobjecttype" ("mxmodelreflection$mxobjecttypeid" ASC,"mxmodelreflection$parameterid" ASC);
INSERT INTO "mendixsystem$association" ("id", 
"association_name", 
"table_name", 
"parent_entity_id", 
"child_entity_id", 
"parent_column_name", 
"child_column_name", 
"index_name")
 VALUES ('f99b3ea0-cce2-4f58-86d7-40f5b0863d37', 
'MxModelReflection.Parameter_MxObjectType', 
'mxmodelreflection$parameter_mxobjecttype', 
'8204f4df-291a-4857-8d1d-affbc5b0b7f0', 
'15538b45-c4aa-496f-9338-f4ea71562e86', 
'mxmodelreflection$parameterid', 
'mxmodelreflection$mxobjecttypeid', 
'idx_mxmodelreflection$parameter_mxobjecttype_mxmodelreflection$mxobjecttype_mxmodelreflection$parameter');
INSERT INTO "mendixsystem$unique_constraint" ("name", 
"table_id", 
"column_id")
 VALUES ('uniq_mxmodelreflection$parameter_mxobjecttype_mxmodelreflection$parameterid', 
'f99b3ea0-cce2-4f58-86d7-40f5b0863d37', 
'7e7a1af0-aefa-3f1f-9d85-ba1f22f72ac3');
CREATE TABLE "mxmodelreflection$parameter_valuetype" (
	"mxmodelreflection$parameterid" BIGINT NOT NULL,
	"mxmodelreflection$valuetypeid" BIGINT NOT NULL,
	PRIMARY KEY("mxmodelreflection$parameterid","mxmodelreflection$valuetypeid"),
	CONSTRAINT "uniq_mxmodelreflection$parameter_valuetype_mxmodelreflection$parameterid" UNIQUE ("mxmodelreflection$parameterid"));
CREATE INDEX "idx_mxmodelreflection$parameter_valuetype_mxmodelreflection$valuetype_mxmodelreflection$parameter" ON "mxmodelreflection$parameter_valuetype" ("mxmodelreflection$valuetypeid" ASC,"mxmodelreflection$parameterid" ASC);
INSERT INTO "mendixsystem$association" ("id", 
"association_name", 
"table_name", 
"parent_entity_id", 
"child_entity_id", 
"parent_column_name", 
"child_column_name", 
"index_name")
 VALUES ('a2e834eb-135d-4c3e-bcdb-0fd00a7d09ec', 
'MxModelReflection.Parameter_ValueType', 
'mxmodelreflection$parameter_valuetype', 
'8204f4df-291a-4857-8d1d-affbc5b0b7f0', 
'1f8640a4-16c8-4395-a5fa-b62c176a4008', 
'mxmodelreflection$parameterid', 
'mxmodelreflection$valuetypeid', 
'idx_mxmodelreflection$parameter_valuetype_mxmodelreflection$valuetype_mxmodelreflection$parameter');
INSERT INTO "mendixsystem$unique_constraint" ("name", 
"table_id", 
"column_id")
 VALUES ('uniq_mxmodelreflection$parameter_valuetype_mxmodelreflection$parameterid', 
'a2e834eb-135d-4c3e-bcdb-0fd00a7d09ec', 
'84fdb083-fd7f-3722-8ba6-6f2531a3b064');
CREATE TABLE "mxmodelreflection$token" (
	"id" BIGINT NOT NULL,
	"status" VARCHAR_IGNORECASE(7) NULL,
	"findreference" VARCHAR_IGNORECASE(200) NULL,
	"findobjectstart" VARCHAR_IGNORECASE(200) NULL,
	"displaypattern" VARCHAR_IGNORECASE(50) NULL,
	"description" VARCHAR_IGNORECASE(300) NULL,
	"metamodelpath" VARCHAR_IGNORECASE(1000) NULL,
	"token" VARCHAR_IGNORECASE(50) NULL,
	"prefix" VARCHAR_IGNORECASE(3) NULL,
	"findobjectreference" VARCHAR_IGNORECASE(200) NULL,
	"findmember" VARCHAR_IGNORECASE(200) NULL,
	"changeddate" TIMESTAMP NULL,
	"tokentype" VARCHAR_IGNORECASE(9) NULL,
	"suffix" VARCHAR_IGNORECASE(3) NULL,
	"findmemberreference" VARCHAR_IGNORECASE(200) NULL,
	"createddate" TIMESTAMP NULL,
	"isoptional" BOOLEAN NULL,
	"combinedtoken" VARCHAR_IGNORECASE(56) NULL,
	"system$changedby" BIGINT NULL,
	"system$owner" BIGINT NULL,
	PRIMARY KEY("id"));
CREATE INDEX "idx_mxmodelreflection$token_combinedtoken_asc" ON "mxmodelreflection$token" ("combinedtoken" ASC,"id" ASC);
CREATE INDEX "idx_mxmodelreflection$token_system$changedby" ON "mxmodelreflection$token" ("system$changedby" ASC,"id" ASC);
CREATE INDEX "idx_mxmodelreflection$token_system$owner" ON "mxmodelreflection$token" ("system$owner" ASC,"id" ASC);
INSERT INTO "mendixsystem$entity" ("id", 
"entity_name", 
"table_name", 
"remote", 
"remote_primary_key")
 VALUES ('cf1b32fe-9cf5-422f-9842-e8185a230cd7', 
'MxModelReflection.Token', 
'mxmodelreflection$token', 
false, 
false);
INSERT INTO "mendixsystem$attribute" ("id", 
"entity_id", 
"attribute_name", 
"column_name", 
"type", 
"length", 
"default_value", 
"is_auto_number")
 VALUES ('92f9c305-f3ab-4c29-9f41-0031448fc65e', 
'cf1b32fe-9cf5-422f-9842-e8185a230cd7', 
'Status', 
'status', 
40, 
7, 
'Invalid', 
false);
INSERT INTO "mendixsystem$attribute" ("id", 
"entity_id", 
"attribute_name", 
"column_name", 
"type", 
"length", 
"default_value", 
"is_auto_number")
 VALUES ('bcacd8fc-714a-4679-821b-510a9b9e6312', 
'cf1b32fe-9cf5-422f-9842-e8185a230cd7', 
'FindReference', 
'findreference', 
30, 
200, 
'', 
false);
INSERT INTO "mendixsystem$attribute" ("id", 
"entity_id", 
"attribute_name", 
"column_name", 
"type", 
"length", 
"default_value", 
"is_auto_number")
 VALUES ('3b100ed6-8501-4606-8fe4-da024c503a06', 
'cf1b32fe-9cf5-422f-9842-e8185a230cd7', 
'FindObjectStart', 
'findobjectstart', 
30, 
200, 
'', 
false);
INSERT INTO "mendixsystem$attribute" ("id", 
"entity_id", 
"attribute_name", 
"column_name", 
"type", 
"length", 
"default_value", 
"is_auto_number")
 VALUES ('4ab1637e-666c-4b51-bb02-e5d875296bdf', 
'cf1b32fe-9cf5-422f-9842-e8185a230cd7', 
'DisplayPattern', 
'displaypattern', 
30, 
50, 
'', 
false);
INSERT INTO "mendixsystem$attribute" ("id", 
"entity_id", 
"attribute_name", 
"column_name", 
"type", 
"length", 
"default_value", 
"is_auto_number")
 VALUES ('b748a47e-de08-4c83-97e5-45f670958a64', 
'cf1b32fe-9cf5-422f-9842-e8185a230cd7', 
'Description', 
'description', 
30, 
300, 
'', 
false);
INSERT INTO "mendixsystem$attribute" ("id", 
"entity_id", 
"attribute_name", 
"column_name", 
"type", 
"length", 
"default_value", 
"is_auto_number")
 VALUES ('e23b5a50-e548-486a-8b60-fa0006b51686', 
'cf1b32fe-9cf5-422f-9842-e8185a230cd7', 
'MetaModelPath', 
'metamodelpath', 
30, 
1000, 
'', 
false);
INSERT INTO "mendixsystem$attribute" ("id", 
"entity_id", 
"attribute_name", 
"column_name", 
"type", 
"length", 
"default_value", 
"is_auto_number")
 VALUES ('dc590195-72ef-4f62-bc10-c112d4fb405e', 
'cf1b32fe-9cf5-422f-9842-e8185a230cd7', 
'Token', 
'token', 
30, 
50, 
'', 
false);
INSERT INTO "mendixsystem$attribute" ("id", 
"entity_id", 
"attribute_name", 
"column_name", 
"type", 
"length", 
"default_value", 
"is_auto_number")
 VALUES ('762c7c4d-cd62-49f1-9f67-7d0a0b67003d', 
'cf1b32fe-9cf5-422f-9842-e8185a230cd7', 
'Prefix', 
'prefix', 
30, 
3, 
'{%', 
false);
INSERT INTO "mendixsystem$attribute" ("id", 
"entity_id", 
"attribute_name", 
"column_name", 
"type", 
"length", 
"default_value", 
"is_auto_number")
 VALUES ('f7defbe1-a141-48a3-9cb8-d6f53e2415d7', 
'cf1b32fe-9cf5-422f-9842-e8185a230cd7', 
'FindObjectReference', 
'findobjectreference', 
30, 
200, 
'', 
false);
INSERT INTO "mendixsystem$attribute" ("id", 
"entity_id", 
"attribute_name", 
"column_name", 
"type", 
"length", 
"default_value", 
"is_auto_number")
 VALUES ('24e8b35f-07a7-4714-8504-f990c159ff27', 
'cf1b32fe-9cf5-422f-9842-e8185a230cd7', 
'FindMember', 
'findmember', 
30, 
200, 
'', 
false);
INSERT INTO "mendixsystem$attribute" ("id", 
"entity_id", 
"attribute_name", 
"column_name", 
"type", 
"length", 
"default_value", 
"is_auto_number")
 VALUES ('499d9b19-9544-30df-bcfc-6681561a77a3', 
'cf1b32fe-9cf5-422f-9842-e8185a230cd7', 
'changedDate', 
'changeddate', 
20, 
0, 
'', 
false);
INSERT INTO "mendixsystem$attribute" ("id", 
"entity_id", 
"attribute_name", 
"column_name", 
"type", 
"length", 
"default_value", 
"is_auto_number")
 VALUES ('6c811897-fbcc-4b0e-abb3-754c5ca1e135', 
'cf1b32fe-9cf5-422f-9842-e8185a230cd7', 
'TokenType', 
'tokentype', 
40, 
9, 
'', 
false);
INSERT INTO "mendixsystem$attribute" ("id", 
"entity_id", 
"attribute_name", 
"column_name", 
"type", 
"length", 
"default_value", 
"is_auto_number")
 VALUES ('a4f0de44-8871-4e60-81a0-90f395ce211f', 
'cf1b32fe-9cf5-422f-9842-e8185a230cd7', 
'Suffix', 
'suffix', 
30, 
3, 
'%}', 
false);
INSERT INTO "mendixsystem$attribute" ("id", 
"entity_id", 
"attribute_name", 
"column_name", 
"type", 
"length", 
"default_value", 
"is_auto_number")
 VALUES ('58aa4736-c714-4155-9e2a-31f34569452b', 
'cf1b32fe-9cf5-422f-9842-e8185a230cd7', 
'FindMemberReference', 
'findmemberreference', 
30, 
200, 
'', 
false);
INSERT INTO "mendixsystem$attribute" ("id", 
"entity_id", 
"attribute_name", 
"column_name", 
"type", 
"length", 
"default_value", 
"is_auto_number")
 VALUES ('605319ef-7163-3827-b976-8dbc65110de2', 
'cf1b32fe-9cf5-422f-9842-e8185a230cd7', 
'createdDate', 
'createddate', 
20, 
0, 
'', 
false);
INSERT INTO "mendixsystem$attribute" ("id", 
"entity_id", 
"attribute_name", 
"column_name", 
"type", 
"length", 
"default_value", 
"is_auto_number")
 VALUES ('7dcd9c55-eac6-4d6d-9c78-de195df0d71f', 
'cf1b32fe-9cf5-422f-9842-e8185a230cd7', 
'IsOptional', 
'isoptional', 
10, 
0, 
'false', 
false);
INSERT INTO "mendixsystem$attribute" ("id", 
"entity_id", 
"attribute_name", 
"column_name", 
"type", 
"length", 
"default_value", 
"is_auto_number")
 VALUES ('c600adce-62c0-4606-93f9-0b4a60eb0df0', 
'cf1b32fe-9cf5-422f-9842-e8185a230cd7', 
'CombinedToken', 
'combinedtoken', 
30, 
56, 
'', 
false);
INSERT INTO "mendixsystem$index" ("id", 
"table_id", 
"index_name")
 VALUES ('1a4d3fea-048b-44a2-a48c-1c44967af02f', 
'cf1b32fe-9cf5-422f-9842-e8185a230cd7', 
'idx_mxmodelreflection$token_combinedtoken_asc');
INSERT INTO "mendixsystem$index_column" ("index_id", 
"column_id", 
"sort_order", 
"ordinal")
 VALUES ('1a4d3fea-048b-44a2-a48c-1c44967af02f', 
'c600adce-62c0-4606-93f9-0b4a60eb0df0', 
false, 
0);
INSERT INTO "mendixsystem$index" ("id", 
"table_id", 
"index_name")
 VALUES ('ba4a37ca-4191-3272-9009-c0b667470bce', 
'cf1b32fe-9cf5-422f-9842-e8185a230cd7', 
'idx_mxmodelreflection$token_system$changedby');
INSERT INTO "mendixsystem$index_column" ("index_id", 
"column_id", 
"sort_order", 
"ordinal")
 VALUES ('ba4a37ca-4191-3272-9009-c0b667470bce', 
'50c88fc1-80c4-330d-b0af-37dd7f0e370b', 
false, 
0);
INSERT INTO "mendixsystem$index" ("id", 
"table_id", 
"index_name")
 VALUES ('9a0ce972-a29b-3c6d-b48a-1ec1b9d59826', 
'cf1b32fe-9cf5-422f-9842-e8185a230cd7', 
'idx_mxmodelreflection$token_system$owner');
INSERT INTO "mendixsystem$index_column" ("index_id", 
"column_id", 
"sort_order", 
"ordinal")
 VALUES ('9a0ce972-a29b-3c6d-b48a-1ec1b9d59826', 
'cf47778c-0ca1-3456-80f1-6e18b7875307', 
false, 
0);
INSERT INTO "mendixsystem$association" ("id", 
"association_name", 
"table_name", 
"parent_entity_id", 
"child_entity_id", 
"parent_column_name", 
"child_column_name")
 VALUES ('50c88fc1-80c4-330d-b0af-37dd7f0e370b', 
'System.changedBy', 
'system$changedby', 
'cf1b32fe-9cf5-422f-9842-e8185a230cd7', 
'282e2e60-88a5-469d-84a5-ba8d9151644f', 
'id', 
'system$changedby');
INSERT INTO "mendixsystem$association" ("id", 
"association_name", 
"table_name", 
"parent_entity_id", 
"child_entity_id", 
"parent_column_name", 
"child_column_name")
 VALUES ('cf47778c-0ca1-3456-80f1-6e18b7875307', 
'System.owner', 
'system$owner', 
'cf1b32fe-9cf5-422f-9842-e8185a230cd7', 
'282e2e60-88a5-469d-84a5-ba8d9151644f', 
'id', 
'system$owner');
CREATE TABLE "mxmodelreflection$token_mxobjecttype_start" (
	"mxmodelreflection$tokenid" BIGINT NOT NULL,
	"mxmodelreflection$mxobjecttypeid" BIGINT NOT NULL,
	PRIMARY KEY("mxmodelreflection$tokenid","mxmodelreflection$mxobjecttypeid"),
	CONSTRAINT "uniq_mxmodelreflection$token_mxobjecttype_start_mxmodelreflection$tokenid" UNIQUE ("mxmodelreflection$tokenid"));
CREATE INDEX "idx_mxmodelreflection$token_mxobjecttype_start_mxmodelreflection$mxobjecttype_mxmodelreflection$token" ON "mxmodelreflection$token_mxobjecttype_start" ("mxmodelreflection$mxobjecttypeid" ASC,"mxmodelreflection$tokenid" ASC);
INSERT INTO "mendixsystem$association" ("id", 
"association_name", 
"table_name", 
"parent_entity_id", 
"child_entity_id", 
"parent_column_name", 
"child_column_name", 
"index_name")
 VALUES ('f1fd75e5-99ab-40fd-a260-08ec7ce84df3', 
'MxModelReflection.Token_MxObjectType_Start', 
'mxmodelreflection$token_mxobjecttype_start', 
'cf1b32fe-9cf5-422f-9842-e8185a230cd7', 
'15538b45-c4aa-496f-9338-f4ea71562e86', 
'mxmodelreflection$tokenid', 
'mxmodelreflection$mxobjecttypeid', 
'idx_mxmodelreflection$token_mxobjecttype_start_mxmodelreflection$mxobjecttype_mxmodelreflection$token');
INSERT INTO "mendixsystem$unique_constraint" ("name", 
"table_id", 
"column_id")
 VALUES ('uniq_mxmodelreflection$token_mxobjecttype_start_mxmodelreflection$tokenid', 
'f1fd75e5-99ab-40fd-a260-08ec7ce84df3', 
'66130150-f0ee-3e42-aa5c-f089d07bee21');
CREATE TABLE "mxmodelreflection$token_mxobjectreference" (
	"mxmodelreflection$tokenid" BIGINT NOT NULL,
	"mxmodelreflection$mxobjectreferenceid" BIGINT NOT NULL,
	PRIMARY KEY("mxmodelreflection$tokenid","mxmodelreflection$mxobjectreferenceid"),
	CONSTRAINT "uniq_mxmodelreflection$token_mxobjectreference_mxmodelreflection$tokenid" UNIQUE ("mxmodelreflection$tokenid"));
CREATE INDEX "idx_mxmodelreflection$token_mxobjectreference_mxmodelreflection$mxobjectreference_mxmodelreflection$token" ON "mxmodelreflection$token_mxobjectreference" ("mxmodelreflection$mxobjectreferenceid" ASC,"mxmodelreflection$tokenid" ASC);
INSERT INTO "mendixsystem$association" ("id", 
"association_name", 
"table_name", 
"parent_entity_id", 
"child_entity_id", 
"parent_column_name", 
"child_column_name", 
"index_name")
 VALUES ('50a7d6e4-f9bd-4254-8f60-c3c043d36e40', 
'MxModelReflection.Token_MxObjectReference', 
'mxmodelreflection$token_mxobjectreference', 
'cf1b32fe-9cf5-422f-9842-e8185a230cd7', 
'd5e491a9-8a88-4742-af7e-c2847b994a2d', 
'mxmodelreflection$tokenid', 
'mxmodelreflection$mxobjectreferenceid', 
'idx_mxmodelreflection$token_mxobjectreference_mxmodelreflection$mxobjectreference_mxmodelreflection$token');
INSERT INTO "mendixsystem$unique_constraint" ("name", 
"table_id", 
"column_id")
 VALUES ('uniq_mxmodelreflection$token_mxobjectreference_mxmodelreflection$tokenid', 
'50a7d6e4-f9bd-4254-8f60-c3c043d36e40', 
'5d60576a-0625-3e23-a8da-aee3cb721808');
CREATE TABLE "mxmodelreflection$token_mxobjecttype_referenced" (
	"mxmodelreflection$tokenid" BIGINT NOT NULL,
	"mxmodelreflection$mxobjecttypeid" BIGINT NOT NULL,
	PRIMARY KEY("mxmodelreflection$tokenid","mxmodelreflection$mxobjecttypeid"),
	CONSTRAINT "uniq_mxmodelreflection$token_mxobjecttype_referenced_mxmodelreflection$tokenid" UNIQUE ("mxmodelreflection$tokenid"));
CREATE INDEX "idx_mxmodelreflection$token_mxobjecttype_referenced_mxmodelreflection$mxobjecttype_mxmodelreflection$token" ON "mxmodelreflection$token_mxobjecttype_referenced" ("mxmodelreflection$mxobjecttypeid" ASC,"mxmodelreflection$tokenid" ASC);
INSERT INTO "mendixsystem$association" ("id", 
"association_name", 
"table_name", 
"parent_entity_id", 
"child_entity_id", 
"parent_column_name", 
"child_column_name", 
"index_name")
 VALUES ('0cc45b4b-ff4c-4dd5-a6f9-f7ac2b51e69f', 
'MxModelReflection.Token_MxObjectType_Referenced', 
'mxmodelreflection$token_mxobjecttype_referenced', 
'cf1b32fe-9cf5-422f-9842-e8185a230cd7', 
'15538b45-c4aa-496f-9338-f4ea71562e86', 
'mxmodelreflection$tokenid', 
'mxmodelreflection$mxobjecttypeid', 
'idx_mxmodelreflection$token_mxobjecttype_referenced_mxmodelreflection$mxobjecttype_mxmodelreflection$token');
INSERT INTO "mendixsystem$unique_constraint" ("name", 
"table_id", 
"column_id")
 VALUES ('uniq_mxmodelreflection$token_mxobjecttype_referenced_mxmodelreflection$tokenid', 
'0cc45b4b-ff4c-4dd5-a6f9-f7ac2b51e69f', 
'6c268f2c-277d-38b1-8169-e2dc135da0c2');
CREATE TABLE "mxmodelreflection$token_mxobjectmember" (
	"mxmodelreflection$tokenid" BIGINT NOT NULL,
	"mxmodelreflection$mxobjectmemberid" BIGINT NOT NULL,
	PRIMARY KEY("mxmodelreflection$tokenid","mxmodelreflection$mxobjectmemberid"),
	CONSTRAINT "uniq_mxmodelreflection$token_mxobjectmember_mxmodelreflection$tokenid" UNIQUE ("mxmodelreflection$tokenid"));
CREATE INDEX "idx_mxmodelreflection$token_mxobjectmember_mxmodelreflection$mxobjectmember_mxmodelreflection$token" ON "mxmodelreflection$token_mxobjectmember" ("mxmodelreflection$mxobjectmemberid" ASC,"mxmodelreflection$tokenid" ASC);
INSERT INTO "mendixsystem$association" ("id", 
"association_name", 
"table_name", 
"parent_entity_id", 
"child_entity_id", 
"parent_column_name", 
"child_column_name", 
"index_name")
 VALUES ('c1883649-5277-49c2-ad05-5a3e0ca171bf', 
'MxModelReflection.Token_MxObjectMember', 
'mxmodelreflection$token_mxobjectmember', 
'cf1b32fe-9cf5-422f-9842-e8185a230cd7', 
'72dd548e-d31d-4f2e-a30b-6552def7478e', 
'mxmodelreflection$tokenid', 
'mxmodelreflection$mxobjectmemberid', 
'idx_mxmodelreflection$token_mxobjectmember_mxmodelreflection$mxobjectmember_mxmodelreflection$token');
INSERT INTO "mendixsystem$unique_constraint" ("name", 
"table_id", 
"column_id")
 VALUES ('uniq_mxmodelreflection$token_mxobjectmember_mxmodelreflection$tokenid', 
'c1883649-5277-49c2-ad05-5a3e0ca171bf', 
'842815ed-57bd-3436-8259-7335718ebb0a');
CREATE TABLE "mxmodelreflection$mxobjectenumcaptions" (
	"id" BIGINT NOT NULL,
	"languagecode" VARCHAR_IGNORECASE(8) NULL,
	"changeddate" TIMESTAMP NULL,
	"createddate" TIMESTAMP NULL,
	"languagename" VARCHAR_IGNORECASE(200) NULL,
	"caption" VARCHAR_IGNORECASE(200) NULL,
	"system$owner" BIGINT NULL,
	"system$changedby" BIGINT NULL,
	PRIMARY KEY("id"));
CREATE INDEX "idx_mxmodelreflection$mxobjectenumcaptions_system$owner" ON "mxmodelreflection$mxobjectenumcaptions" ("system$owner" ASC,"id" ASC);
CREATE INDEX "idx_mxmodelreflection$mxobjectenumcaptions_system$changedby" ON "mxmodelreflection$mxobjectenumcaptions" ("system$changedby" ASC,"id" ASC);
INSERT INTO "mendixsystem$entity" ("id", 
"entity_name", 
"table_name", 
"remote", 
"remote_primary_key")
 VALUES ('6ae26f8f-132a-4d3d-8751-4efd720628d1', 
'MxModelReflection.MxObjectEnumCaptions', 
'mxmodelreflection$mxobjectenumcaptions', 
false, 
false);
INSERT INTO "mendixsystem$attribute" ("id", 
"entity_id", 
"attribute_name", 
"column_name", 
"type", 
"length", 
"default_value", 
"is_auto_number")
 VALUES ('9b3a1730-8a20-453f-ae8b-8395af84181a', 
'6ae26f8f-132a-4d3d-8751-4efd720628d1', 
'LanguageCode', 
'languagecode', 
30, 
8, 
'', 
false);
INSERT INTO "mendixsystem$attribute" ("id", 
"entity_id", 
"attribute_name", 
"column_name", 
"type", 
"length", 
"default_value", 
"is_auto_number")
 VALUES ('8cbd322f-44a0-3e62-af02-1436532ddc86', 
'6ae26f8f-132a-4d3d-8751-4efd720628d1', 
'changedDate', 
'changeddate', 
20, 
0, 
'', 
false);
INSERT INTO "mendixsystem$attribute" ("id", 
"entity_id", 
"attribute_name", 
"column_name", 
"type", 
"length", 
"default_value", 
"is_auto_number")
 VALUES ('36d975e6-4f98-36df-aeb0-0038b0e3c239', 
'6ae26f8f-132a-4d3d-8751-4efd720628d1', 
'createdDate', 
'createddate', 
20, 
0, 
'', 
false);
INSERT INTO "mendixsystem$attribute" ("id", 
"entity_id", 
"attribute_name", 
"column_name", 
"type", 
"length", 
"default_value", 
"is_auto_number")
 VALUES ('7f5b6156-e02a-4035-b66c-94531d4dd907', 
'6ae26f8f-132a-4d3d-8751-4efd720628d1', 
'LanguageName', 
'languagename', 
30, 
200, 
'', 
false);
INSERT INTO "mendixsystem$attribute" ("id", 
"entity_id", 
"attribute_name", 
"column_name", 
"type", 
"length", 
"default_value", 
"is_auto_number")
 VALUES ('7b19811b-dd00-4d1e-a3df-0efa2f641b89', 
'6ae26f8f-132a-4d3d-8751-4efd720628d1', 
'Caption', 
'caption', 
30, 
200, 
'', 
false);
INSERT INTO "mendixsystem$index" ("id", 
"table_id", 
"index_name")
 VALUES ('d6198f2a-4e42-3319-acca-cd783ead6bf0', 
'6ae26f8f-132a-4d3d-8751-4efd720628d1', 
'idx_mxmodelreflection$mxobjectenumcaptions_system$owner');
INSERT INTO "mendixsystem$index_column" ("index_id", 
"column_id", 
"sort_order", 
"ordinal")
 VALUES ('d6198f2a-4e42-3319-acca-cd783ead6bf0', 
'4aecf964-7e38-3426-9266-853e37d2bbd1', 
false, 
0);
INSERT INTO "mendixsystem$index" ("id", 
"table_id", 
"index_name")
 VALUES ('6693cbc9-2e98-358e-b62d-7092714ee5bc', 
'6ae26f8f-132a-4d3d-8751-4efd720628d1', 
'idx_mxmodelreflection$mxobjectenumcaptions_system$changedby');
INSERT INTO "mendixsystem$index_column" ("index_id", 
"column_id", 
"sort_order", 
"ordinal")
 VALUES ('6693cbc9-2e98-358e-b62d-7092714ee5bc', 
'2206e35a-d0ca-3e6f-9bc7-8b50ac36d448', 
false, 
0);
INSERT INTO "mendixsystem$association" ("id", 
"association_name", 
"table_name", 
"parent_entity_id", 
"child_entity_id", 
"parent_column_name", 
"child_column_name")
 VALUES ('4aecf964-7e38-3426-9266-853e37d2bbd1', 
'System.owner', 
'system$owner', 
'6ae26f8f-132a-4d3d-8751-4efd720628d1', 
'282e2e60-88a5-469d-84a5-ba8d9151644f', 
'id', 
'system$owner');
INSERT INTO "mendixsystem$association" ("id", 
"association_name", 
"table_name", 
"parent_entity_id", 
"child_entity_id", 
"parent_column_name", 
"child_column_name")
 VALUES ('2206e35a-d0ca-3e6f-9bc7-8b50ac36d448', 
'System.changedBy', 
'system$changedby', 
'6ae26f8f-132a-4d3d-8751-4efd720628d1', 
'282e2e60-88a5-469d-84a5-ba8d9151644f', 
'id', 
'system$changedby');
CREATE TABLE "emailtemplate$attachment" (
	"id" BIGINT NOT NULL,
	PRIMARY KEY("id"));
INSERT INTO "mendixsystem$entity" ("id", 
"entity_name", 
"table_name", 
"superentity_id", 
"remote", 
"remote_primary_key")
 VALUES ('5c6898a5-6dbd-476a-9fce-b6b6b8f48cf5', 
'EmailTemplate.Attachment', 
'emailtemplate$attachment', 
'170ce49d-f29c-4fac-99a6-b55e8a3aeb39', 
false, 
false);
CREATE TABLE "emailtemplate$attachment_emailtemplate" (
	"emailtemplate$attachmentid" BIGINT NOT NULL,
	"emailtemplate$emailtemplateid" BIGINT NOT NULL,
	PRIMARY KEY("emailtemplate$attachmentid","emailtemplate$emailtemplateid"),
	CONSTRAINT "uniq_emailtemplate$attachment_emailtemplate_emailtemplate$attachmentid" UNIQUE ("emailtemplate$attachmentid"));
CREATE INDEX "idx_emailtemplate$attachment_emailtemplate_emailtemplate$emailtemplate_emailtemplate$attachment" ON "emailtemplate$attachment_emailtemplate" ("emailtemplate$emailtemplateid" ASC,"emailtemplate$attachmentid" ASC);
INSERT INTO "mendixsystem$association" ("id", 
"association_name", 
"table_name", 
"parent_entity_id", 
"child_entity_id", 
"parent_column_name", 
"child_column_name", 
"index_name")
 VALUES ('34e5b961-f1cd-41f1-a943-1e07295178a5', 
'EmailTemplate.Attachment_EmailTemplate', 
'emailtemplate$attachment_emailtemplate', 
'5c6898a5-6dbd-476a-9fce-b6b6b8f48cf5', 
'2b17d53c-d88f-4ab8-89f7-157184a3d088', 
'emailtemplate$attachmentid', 
'emailtemplate$emailtemplateid', 
'idx_emailtemplate$attachment_emailtemplate_emailtemplate$emailtemplate_emailtemplate$attachment');
INSERT INTO "mendixsystem$unique_constraint" ("name", 
"table_id", 
"column_id")
 VALUES ('uniq_emailtemplate$attachment_emailtemplate_emailtemplate$attachmentid', 
'34e5b961-f1cd-41f1-a943-1e07295178a5', 
'e5ffd1e1-c554-3eb1-b019-e79b966a35f5');
CREATE TABLE "emailtemplate$attachment_email" (
	"emailtemplate$attachmentid" BIGINT NOT NULL,
	"emailtemplate$emailid" BIGINT NOT NULL,
	PRIMARY KEY("emailtemplate$attachmentid","emailtemplate$emailid"),
	CONSTRAINT "uniq_emailtemplate$attachment_email_emailtemplate$attachmentid" UNIQUE ("emailtemplate$attachmentid"));
CREATE INDEX "idx_emailtemplate$attachment_email_emailtemplate$email_emailtemplate$attachment" ON "emailtemplate$attachment_email" ("emailtemplate$emailid" ASC,"emailtemplate$attachmentid" ASC);
INSERT INTO "mendixsystem$association" ("id", 
"association_name", 
"table_name", 
"parent_entity_id", 
"child_entity_id", 
"parent_column_name", 
"child_column_name", 
"index_name")
 VALUES ('2f7fcc56-bc71-4530-a313-5f8e65c9a431', 
'EmailTemplate.Attachment_Email', 
'emailtemplate$attachment_email', 
'5c6898a5-6dbd-476a-9fce-b6b6b8f48cf5', 
'a307c966-75e4-49ad-bf87-b3e52277b8f9', 
'emailtemplate$attachmentid', 
'emailtemplate$emailid', 
'idx_emailtemplate$attachment_email_emailtemplate$email_emailtemplate$attachment');
INSERT INTO "mendixsystem$unique_constraint" ("name", 
"table_id", 
"column_id")
 VALUES ('uniq_emailtemplate$attachment_email_emailtemplate$attachmentid', 
'2f7fcc56-bc71-4530-a313-5f8e65c9a431', 
'e0b36602-3763-3699-8cf7-88690ac629c6');
CREATE TABLE "mxmodelreflection$module" (
	"id" BIGINT NOT NULL,
	"synchronizeobjectswithinmodule" BOOLEAN NULL,
	"modulename" VARCHAR_IGNORECASE(200) NULL,
	PRIMARY KEY("id"));
INSERT INTO "mendixsystem$entity" ("id", 
"entity_name", 
"table_name", 
"remote", 
"remote_primary_key")
 VALUES ('21095982-0c35-488f-beb8-e198dec27c6a', 
'MxModelReflection.Module', 
'mxmodelreflection$module', 
false, 
false);
INSERT INTO "mendixsystem$attribute" ("id", 
"entity_id", 
"attribute_name", 
"column_name", 
"type", 
"length", 
"default_value", 
"is_auto_number")
 VALUES ('6ca1cab6-21d5-4317-82cf-f8989bf58843', 
'21095982-0c35-488f-beb8-e198dec27c6a', 
'SynchronizeObjectsWithinModule', 
'synchronizeobjectswithinmodule', 
10, 
0, 
'false', 
false);
INSERT INTO "mendixsystem$attribute" ("id", 
"entity_id", 
"attribute_name", 
"column_name", 
"type", 
"length", 
"default_value", 
"is_auto_number")
 VALUES ('3d6c0b63-0240-4b06-af29-2103605aef7b', 
'21095982-0c35-488f-beb8-e198dec27c6a', 
'ModuleName', 
'modulename', 
30, 
200, 
'', 
false);
UPDATE "mendixsystem$version"
 SET "versionnumber" = '4.2', 
"lastsyncdate" = '20210614 18:53:05';
